:020000022000DC
:1060000000000420FDF902003DFA02003FFA020000
:1060100041FA020043FA020045FA020000000000C3
:1060200000000000000000000000000079F90200FC
:1060300049FA02000000000099F902004DFA02003E
:1060400089FB02004FFA020035D402004FFA020029
:106050004FFA02004FFA0200B5D502004FFA0200D3
:106060004FFA02004FFA02004FFA02004FFA020004
:106070004FFA02004FFA02004FFA02004FFA0200F4
:106080004FFA0200FDF602004FFA02004FFA02003A
:106090004FFA02004FFA02004FFA02004FFA0200D4
:1060A0004FFA02004FFA02004FFA02004FFA0200C4
:1060B0004FFA02004FFA020000000000000000004A
:1060C0004FFA02004FFA02004FFA020021FE0200CE
:1060D0004FFA02004FFA02004FFA0200C56C0200AC
:1060E00081D402004FFA02004FFA020000000000C3
:1060F000000000004FFA02000000000099FE0200BC
:10610000000000000000000000000000000000008F
:10611000000000000000000000000000000000007F
:10612000000000000000000000000000000000006F
:10613000000000000000000000000000000000005F
:10614000000000000000000000000000000000004F
:10615000000000000000000000000000000000003F
:10616000000000000000000000000000000000002F
:10617000000000000000000000000000000000001F
:10618000000000000000000000000000000000000F
:1061900000000000000000000000000000000000FF
:1061A00000000000000000000000000000000000EF
:1061B00000000000000000000000000000000000DF
:1061C00000000000000000000000000000000000CF
:1061D00000000000000000000000000000000000BF
:1061E00000000000000000000000000000000000AF
:1061F000000000000000000000000000000000009F
:10620000F1EE103A43F08073E1EE103A704700BFB0
:1062100010B5054C237833B9044B13B10448AFF3E0
:1062200000800123237010BD0463002000000000E3
:10623000D034030008B5034B1BB103490348AFF347
:10624000008008BD0000000008630020D034030077
:10625000154B002B08BF134B9D46A3F5803A002138
:106260008B460F461348144A121A0AF05BFC0F4B78
:10627000002B00D098470E4B002B00D098470020F1
:10628000002104000D000D48002802D00C48AFF397
:1062900000800AF0EFFB2000290009F001FC0AF061
:1062A000D5FB00BF00000800000004200000000033
:1062B000000000000463002078830020000000003C
:1062C000000000000146014800F07ABA3C6300205B
:1062D00038B5064B1D783DB100242046013400F04E
:1062E00033FEE0B28542F9D838BD00BF38630020E4
:1062F000407DFF2806D010B500F072FD044618B1AD
:10630000204610BD0020704709F0E4FE204610BD75
:10631000407DFF280ED000B583B00DF1070100F0DD
:10632000B3FD20B19DF8070003B05DF804FB4FF00A
:10633000FF30F9E74FF0FF30704700BF407DFF2886
:1063400011D000B583B001220DF1070100F054FD1A
:1063500020B94FF0FF3003B05DF804FB9DF8070053
:1063600003B05DF804FB4FF0FF307047407DFF281D
:1063700001D000F0E9BD7047407DFF2801D000F05A
:1063800029BE0020704700BFF8B50646407DFF28B3
:106390001CD017465AB10D46144600F0FBFC2946A6
:1063A000224680B1707D00F079FD241A01D1384673
:1063B000F8BD054409F08EFE707D00F0EBFC294627
:1063C00022460028EED13F1B3846F1E70020F8BDF9
:1063D0000AB32DE9F043524991F81C6191F81D511F
:1063E00091F81E7193B0994614467B1CAA1C8046F6
:1063F000B01C81F81C0181F81D2181F81E3101A813
:10640000422200210AF08EFBB9F1410F05D800208D
:1064100013B0BDE8F083422070478DF806608DF818
:106420000E608DF82660721C40F20126D2B2ADF8E3
:106430001060DFF8F0C08DF81E20242640F6083EDC
:106440006B1C8DF827208DF83120ADF804E08DF815
:1064500016608DF820608DF82460CDF818C00426F1
:106460004FF0060C65F07F0540F209424FF0010E37
:1064700098F81410ADF80C208DF81CE005228DF86A
:106480001F608DF830608DF822C040F207568DF8FD
:1064900025C08DF82A5020464FF0030E63F07F048C
:1064A0004FF0080C02234FF411658DF814108DF88D
:1064B00007308DF808308DF809308DF812308DF8DE
:1064C00021308DF815208DF823208DF82BE08DF8E4
:1064D0002CC04FF00A0EADF82E504FF0400C01A921
:1064E000ADF8286007258DF833308DF840208DF801
:1064F0004140422244F20204ADF838608DF83B304E
:106500008DF83A708DF834E08DF83CC08DF83F502E
:10651000ADF842400AF0E2FA422013B0BDE8F08341
:106520003C63002020010524A0F11000FFF750BFBC
:1065300070B50368184A5B6882B093428DF8071003
:1065400024D10546407DFF281DD000F023FC0DF12D
:10655000070601243146224688B1687D00F09EFC82
:10656000241A02D1012002B070BD064409F0B2FD28
:10657000687D00F00FFC314622460028EDD1C4F1C1
:10658000010002B070BD002002B070BD01220DF10B
:106590000701984702B070BD89630200437DFF2B5D
:1065A00000D07047094B1A78002AFAD110B500F1D3
:1065B000100442750649204601221A7000F0CCF9F9
:1065C00021460448BDE8104000F0DCB838630020E4
:1065D000682F03003C63002001B900B1704700B58B
:1065E00083B0694600F0ECFB009BB3F5966F02D0D8
:1065F00003B05DF804FB00F07BFBF9E730B4084B17
:10660000084A4FF47F4102F10805002430324FF46C
:106610007A7099821D60C3E901401A6130BC7047ED
:1066200020630020782F03002DE9F0410024484E1C
:106630002546435D4719A3B103F14002D2B2012AB6
:106640000AD9F42B08D81A060ED44FF0010EA3F580
:106650005842B2F5006F56D201354719435D002B01
:10666000EAD12046BDE8F08103F0E002C02A57D00D
:1066700003F0F002E02A66D003F0F802F02AEBD132
:1066800003F007024FF0040E7B7803F0C00CBCF15E
:10669000800FE1D197F802C00CF0C00803F03F036F
:1066A000B8F1800F43EA8213D6D10CF03F0CBEF153
:1066B000030F4CEA83132DD0FA7802F0C007802F25
:1066C000CAD102F03F0242EA8313A3F58032B242FC
:1066D000C2D8A3F55847B7F5006FBDD3B3F5803FD7
:1066E00005F1040510D31E2CBBDC6300970A0B4494
:1066F000C2F30902A7F52057A2F5105221F8147031
:106700005A80023495E77544202CAAD021F8143021
:1067100001348EE7A3F50062B2F5784F97D39BE77B
:106720007A7802F0C007802F03F01F0394D102F0A3
:106730003F0242EA8313A3F18002B2F5F06F8BD2DD
:106740004FF0020E83E703F00F024FF0030E9BE7BA
:10675000FFFF0F0090F850310B2B0CD871B103F1F3
:10676000480210B45C1C80F8504140F822105DF8DB
:10677000044B184670470023184670470B461846CE
:10678000704700BF70B504460E68B4F81821B4F81D
:106790001A31656936689B1A08469BB294F81C1139
:1067A0002A44B04758B1B4F818216369104480B244
:1067B000A4F81801588094F81C211A71012070BDAA
:1067C0002DE9F043284DDFF8B090AC4604468846EA
:1067D000BCE80F0089B003AF0FC703AE0FCE05F1C1
:1067E000140E25460FC59EE80700DCF800303B80FC
:1067F0006B4636682E8003C36B4603CB012504F13C
:1068000018034FF480766361A061E16184F8202071
:1068100004F59870C4F818912022A4F81C61002196
:1068200084F81E510AF07EF940F20947042240F232
:10683000EF230E4E0E48C4F828010021C4F82C1195
:1068400084F85021A3804FF4E131A571C4F8207180
:10685000C4F824610748FFF7A1FE404600F036FA6D
:10686000284609B0BDE8F083AC2F0300DC2F0300FD
:10687000E42F030020630020090000010048704756
:106880003C630020014B5869704700BF3C63002007
:106890002DE9F04F89B0F8B1032816D02B4C94F8AD
:1068A000503183424FD9483004F5AA7154F8200082
:1068B000FFF7BAFEC0B20130400040F44070A4F8C7
:1068C0005201234809B0BDE8F08F204CD4F82C01C8
:1068D00050B104F5AA71EBE71C4CD4F82031A4F8B0
:1068E00054314FF44170EAE7684600F003FA054678
:1068F00010B300F1FF3A0DF10103164FE94653FAC8
:106900008AFAA64604AE97E80F0019F801CB86E88C
:106910000F000CF00F080DF1200BD8440BEB1C1CE2
:1069200018F8108C1CF8103CAEF85681D145AEF822
:1069300054310EF1040EE6D16800C0B201304000BF
:1069400040F44070BBE70020BCE700BF3C63002080
:106950008E640020CC2F030010B504460248FFF7D8
:10696000F9FE207110BD00BF3C63002030B5144C0F
:10697000236883B013B3186851B906F0EDF92368A2
:1069800093F90400012103B0BDE8304009F0D6BD01
:106990000C4B0093002501238DF805308DF8045031
:1069A00002AB13E9060006F073F9236893F90400BB
:1069B000294603B0BDE8304009F0C0BD03B030BD8A
:1069C000D064002080BA8C010448006828B108B562
:1069D000006806F0C7F9012008BD7047D0640020A8
:1069E000084B1B6843B141B9074B4022C3F88020D4
:1069F000BFF34F8FBFF36F8F7047034B40221A6076
:106A0000704700BFD064002000E100E0024B53F863
:106A1000200000B1C0687047D464002030B4094C35
:106A2000BDF8085054F8204044B1246934B10846F8
:106A3000A44611461A462B4630BC6047002030BCA5
:106A4000704700BFD464002030B4084CBDF8085033
:106A500054F8204044B1646934B10846A446114654
:106A60001A462B4630BC604730BC7047D4640020C7
:106A7000024B186808B190F860007047DC64002091
:106A80002DE9F843234C2568002D3CD01E462C23CD
:106A900003FB00531746D3F8209088460446B9F10B
:106AA000000F32D048460AF055FC2C2303FB045457
:106AB000D4E90954DFF864C0174B08280246494658
:106AC00028BF08224046002D08BF6546002C08BF9D
:106AD0001C460AF003F828460AF03CFC102802463F
:106AE000294628BF1022384609F0F8FF20460AF050
:106AF00031FC042802462146304628BF0422BDE866
:106B0000F84309F0EBBFBDE8F883DFF814900820E4
:106B1000CBE700BFDC64002018300300083003001E
:106B2000FC2F030070B5104E3368D3B12C2404FB46
:106B30000034054662691AB19047336884F8320020
:106B40002C2202FB053393F8324014B10124204675
:106B500070BD284623463A22022101F0E7F820467C
:106B600070BD1C46204670BDDC640020074B1B68CE
:106B700053B110B42C2404FB0030C46A038E0C60A3
:106B800013805DF8044B7047704700BFDC64002041
:106B900008B520220023052101F0C8F84FF0FF308E
:106BA00008BD00BF30B4094C24685CB10D461146E5
:106BB0002C2202FB0044E46924B11A4628462346ED
:106BC00030BC1847012030BC704700BFDC64002097
:106BD00030B4094C029A246854B10D462C2101FBB3
:106BE0000044A46824B119462846234630BC1847FF
:106BF0004FF0FF3030BC7047DC64002030B4094CEB
:106C0000029A246854B10D462C2101FB0044E4682B
:106C100024B119462846234630BC18474FF0FF30B0
:106C200030BC7047DC640020044B1B682BB12C2265
:106C300002FB0030036903B118477047DC64002091
:106C4000054B1B682BB12C2202FB0030836903B17A
:106C500018470120704700BFDC64002005F0DCBB52
:106C600000B5164B83B04022002483F8272301A9E6
:106C7000012320468DF804308DF8054002F0DAFE3D
:106C80004FF0804302A8D3F8385400F8084D08F0BC
:106C900035FF0B4B019301A808F05CFF08F06CFF77
:106CA000EB0707D400214FF0FF3002F04DFFFFF754
:106CB0000FFBF7E7204605F0AFFBF3E700E100E04C
:106CC0005D6C0200002005F01DB800BF00B5002378
:106CD00083B00322CDE9002303490448C82207F00A
:106CE000CDFC03B05DF804FB1C300300616C0200B6
:106CF00009F09CBB4FF08052536E1BBA0360136EB9
:106D00001BBA4360082070470048704724300300D6
:106D100070B51E4C2368D3B1012901D0012070BD8C
:106D20001578C5F34115012D13D0022D0FD15478DC
:106D3000012C21D0022CF1D19388072B07D1144CC0
:106D4000114623892246BDE8704003F035BE00207D
:106D500070BD51782229E1D111465288003218BF06
:106D600001225A7503F010FE2268D369002BD5D09A
:106D7000507D9847284670BD9C69002CE7D011468D
:106D800023782246BDE8704003F016BEE064002080
:106D90000060002010B5044602F034FE08B900205F
:106DA00010BD02F037FE0028F9D1044B4FF43672C3
:106DB00002FB0434207900F0010010BD646500205E
:106DC000064A4FF4367303FB002308331868086043
:106DD0009A889B798B718A80704700BF6465002018
:106DE00008B5044A4FF4367303FB0020103002F05C
:106DF00055FC08BD646500202DE9F8434FF4367456
:106E000004FB00F41E4E4FF6FF73074604F1100515
:106E10004FF6FE70824288BF1A463544284692B229
:106E200002F066FC804602F0EDFD10B94046BDE878
:106E3000F88302F0EFFD81460028F7D13444E3786F
:106E4000002BF3D0284602F041FC3F28EED9E17830
:106E5000484603F0E7FC0028E8D0284602F036FC5C
:106E60003F2804D8E178484603F0ECFCDEE7054A09
:106E7000E178484602EBC712402303F0F3FCD5E764
:106E800064650020E4640020034A4FF4367303FB7A
:106E90000020103002F096BC646500202DE9F84314
:106EA0004FF4367505FB00F5244F4FF6FF73064689
:106EB00005F124044FF6FE70824288BF1A463C4416
:106EC00092B2204602F0B8FC8046204602F0E6FB73
:106ED0003F2802D84046BDE8F88302F093FD002821
:106EE000F8D002F097FD81460028F3D1204602F049
:106EF000D5FB0028EED03D444846A97803F092FC2B
:106F00000028E7D00E4B402202EBC6161E44204656
:106F1000314602F0EDFB034660B13246A97848469F
:106F200003F0A0FC0028D5D1064B1B68DB07D1D5A8
:106F300000BECFE7A97803F085FCCBE764650020AD
:106F4000E4640020F0ED00E02DE9F041804602F01D
:106F500059FD10B90020BDE8F08102F05BFD074645
:106F60000028F7D14FF4367404FB08F4164E04F1F0
:106F700024053544284602F091FB0028EAD0264437
:106F80003846B17803F04EFC0028E3D040220F4B86
:106F900002EBC81898442846414602F0A9FB044673
:106FA00060B14246B1783846234603F05BFC40B9F5
:106FB000074B1B68DB07CDD500BECCE7B17803F0EB
:106FC00041FC2046C7E700BF64650020E464002060
:106FD000F0ED00E008B5044A4FF4367303FB0020DF
:106FE000243002F073FB08BD6465002070B5204CAE
:106FF00082B000214FF4367220460D4609F092FD12
:10700000FF234FF4E132082604F138016371A260D6
:1070100001234FF48072009504F11000A67302F072
:1070200001FB144B1B78C3F38003009304F59C71A0
:1070300001234FF4807204F1240002F0F3FA04F506
:107040000E71012006F05EFD04F522710646012056
:1070500006F058FD06B130B9074B1B68DB0700D5B9
:1070600000BE02B070BDC4E90756C4E90C05F8E7DC
:1070700064650020B4600020F0ED00E038B5094CF4
:10708000206A256B20B107F061F90023C4E90733BA
:107090002DB1284607F05AF90023C4E90C3301202A
:1070A00038BD00BF6465002010B50E4C0E48237833
:1070B000002202600271DA0709D59B070DD52178FD
:1070C0000A48C1F38001BDE8104002F063BC1030F3
:1070D00002F040FC23789B07F1D4044802F03AFC0C
:1070E000EDE700BFB46000206465002088650020E3
:1070F0002DE9F0414B79022B82B004D000252846BF
:1071000002B0BDE8F0818B79022BF7D1364EB3780F
:107110002BB1364B1B68DB07F0D500BEEEE78B7852
:1071200033700C780C4407466378242B4FF0090524
:107130000BD1082A02D822E0AA4220D323781C448B
:107140001D446378242BADB2F6D0052B38D0042B28
:1071500015D163790A2B12D1254A94F80080019247
:10716000022301320092384604EB08011A4603F06C
:1071700095FA0028CDD00E3518FA85F5ADB202F09B
:1071800041FC0028BBD002F045FC04460028B6D1E3
:10719000F378002BB3D0174802F098FA3F28AED905
:1071A000F178204603F03EFB0028A8D0114802F0F9
:1071B0008DFA3F28F17811D8204603F043FB9EE773
:1071C0002146384603F00AFB0028A2D0A37873704A
:1071D00023781C441D44ADB26378B8E7064A2046C4
:1071E000402303F03FFB8AE764650020F0ED00E0F8
:1071F0006665002074650020E464002038B51378CB
:1072000003F06003202B01D0002038BD294C938867
:1072100025789D42F8D15378203B032BF4D8DFE842
:1072200003F008151E02012936D0032939D00120A8
:1072300038BD01290CD00329F9D11F4B002BF6D002
:107240001E490020AFF30080012038BD0129EED196
:1072500011460723194A03F0AFFB012038BD01296D
:107260001AD00329E3D1164B55881B781548257190
:1072700013F004011CBFE94301F0010102F08AFB95
:10728000114B002BD3D0C5F3400205F001010020C3
:10729000FFF7A2F9012038BD114603F075FB01206C
:1072A00038BD0A4B002BC2D051880020AFF30080BC
:1072B000BDE700BF64650020000000006C65002091
:1072C000B460002088650020D9650200000000003D
:1072D0002DE9F0475F4CE2788A420D4680461F4612
:1072E00059D15D4E9AB2314604F1100002F0A4FA71
:1072F0005A4BC3B16379FF2B15D0A7B106EB070A30
:1073000004F1100902E056450DD0637916F8012BFF
:107310009A42F8D1484602F0D1F90028F3D16179B8
:10732000AFF30080EFE74E4B23B14E4802F0C6F9B1
:10733000002863D002F066FB002862D1A3789D424A
:1073400002D00120BDE8F087474B13B10020AFF316
:10735000008002F057FB00282BD1444802F09EF930
:107360000028EED1002FECD017F03F07E9D1A1782B
:10737000404603F057FA0028E3D0A17840463B4648
:107380003A4603F06FFA0028DBD1394B1B68DA0765
:107390000CD500BED6E7A3788B42D5D0344B1B6802
:1073A000DB0703D500BE0020BDE8F0870020BDE864
:1073B000F08702F02FFB05460028CED12B4802F0C3
:1073C0006DF90028C9D0A178284603F02BFA0028CF
:1073D000C3D040222749254802F08AF903460028F5
:1073E0002CD02846234AA17803F03CFA0028A8D1E3
:1073F0001F4B1B68D907B0D500BEAEE7AFF30080C6
:1074000098E702F007FB0646002897D1E378002BA7
:1074100094D0144802F05AF93F288FD9E1783046C9
:1074200003F000FA002889D00E4802F04FF93F28F7
:10743000304607D8E17803F005FA7FE7A17803F03A
:1074400001FA8AE74023044AE17803F00BFAA378B3
:1074500075E700BF64650020E464002000000000C0
:107460000000000074650020000000008865002016
:10747000F0ED00E024650020704700BF0120704758
:10748000704700BF704700BF044B0022C3E90022D1
:10749000C3E90222C3E90422704700BFBC6900208F
:1074A00001207047044B0022C3E90022C3E90222F5
:1074B000C3E90422704700BFBC6900202DE9F043F6
:1074C0004B79032B83B004D00024204603B0BDE8E1
:1074D000F0830B79C3EBC3041234A4B2944205D9F0
:1074E000254B1B68DA07EFD500BEEDE7234A557838
:1074F000002D3ED0557B002DF2D102F10C054FF44A
:10750000A0770E788A1992F801C0BCF1210FE7D15B
:10751000AA608946895D80466E1CA81C1144CDE98D
:1075200000061A464046032303F0B8F80028D7D0D7
:1075300099F80630A978012B04BF99F80730EB7051
:107540000123AB7199F80220AB682A70B3F80730B9
:10755000AB800029B9D00A4A40463A44402303F0A0
:1075600081F90028B1D1044B1B68DB07ADD500BE03
:10757000ABE715468027C4E7F0ED00E0BC690020CA
:107580003C6800202DE9F047137803F01F06012E18
:1075900082B003D0002002B0BDE8F087DFF8088297
:1075A000978898F80040FFB2BC4200F0B08098F88D
:1075B0000C40BC42EED13746B4464FF0C00E4FF0FF
:1075C000130A4FF0120913F060030C4605461646E5
:1075D00004D1012900F0A4800120DCE7202BD9D1BF
:1075E0005378013B0A2BD5D801A252F823F000BFF3
:1075F000C5760200BB760200A576020095750200F2
:10760000957502009575020095750200957502004A
:10761000657602003D7602001D76020001291BD02E
:107620000329D9D173880C2606FB0786DBB2604696
:107630001946B371FFF720FF0120ACE70129CBD138
:1076400073880C2202FB07871B0A60461946FB71F0
:10765000FFF714FF00289DD03146284603F094F927
:10766000012098E7012900F086800329B4D1F4882D
:1076700071884B4B402C4FEA1122204628BF4020F6
:1076800011F0FF01734407D0012C05D91C788C42FE
:1076900002D1013880B2013300906046FFF7D4F97F
:1076A000012078E7012997D108EB090231462846E5
:1076B000234603F081F920466DE701298CD108EBC0
:1076C0000A02F3E7012987D1F3887188344F402BF0
:1076D0004FEA1122184628BF402011F0FF017744DD
:1076E00054D0012B52D9013880B239707B1C0090E4
:1076F0006046FFF793F90444A3B2002B49D1294A0D
:107700001268D2077FF546AF00BE184643E74FF038
:10771000000E7746F4464FF0070A4FF0060952E78D
:107720005378062B7FF436AF53881B0A212B12D0D7
:10773000222B7FF42FAF6046FFF768F97B001F44D0
:1077400008EB8708024631462846B8F8043003F0B3
:1077500033F920461FE77B001F4408EB8708D8F861
:107760000820002A3FF416AF1378314602B0BDE876
:10777000F04703F021B9F388402B3FF60BAF084ADE
:107780003146724403F018F9204604E73B460024D2
:10779000ADE73A463146284603F00EF90120FAE6F5
:1077A0003C680020F0ED00E0BC690020F0B52C4CF6
:1077B000A67865788E4283B0074610D0A9422CD0B7
:1077C000A07B657B88423FD0A94244D0254B1B68F3
:1077D000DA0702D4002003B0F0BD00BEFAE780262D
:1077E0004FF0400C0020A9429BB21AD01E4D3544E8
:1077F000FAB9009311462B460222FFF725F92A46D3
:10780000A1783846402303F02DF80028E3D1154B2A
:107810001B68DB07DED500BEDDE74FF0400C002023
:107820009BB2114961444AB91A46FFF729FE01206B
:10783000D1E72A460221FFF725FEE0E70A460121AB
:10784000FFF720FE0120C6E70C344FF4A0764FF47A
:10785000807C0120C7E74FF4807C0120E0E700BF77
:10786000BC690020F0ED00E03C68002070B5194CC8
:1078700082B000210D464FF4EC72204609F052F917
:1078800004F138010123802204F11000009501F079
:10789000C9FE04F1B80101238022009504F12400FF
:1078A00001F0C0FE04F59C71012006F02BF904F5EF
:1078B000C4710646012006F025F930B9064B1B6855
:1078C000DB0700D500BE02B070BDC4E90756C4E9AD
:1078D0000C05F8E7546A0020F0ED00E038B5094CDB
:1078E000206A256B20B106F031FD0023C4E907337F
:1078F0002DB1284606F02AFD0023C4E90C330120EF
:1079000038BD00BF546A002010B5084C002304F1B4
:107910001000C4E90033C4E9023302F01BF804F19B
:107920002400BDE8104002F015B800BF546A0020E2
:107930002DE9F0434B79012B83B004D00025284674
:1079400003B0BDE8F0838B79012B0C46064616D0B8
:1079500049780429F2D10025032BEFD1E379002BDC
:10796000ECD1DFF8FC8098F8013013B998F8027078
:107970000FB3384B1B68DB07E0D500BEDEE7CB79E1
:10798000002BDBD10B781C449DB2617824290BD1EC
:10799000954202D9D2E7AA42D0D323781C442B4483
:1079A000617824299DB2F6D00429C7D16379012BCF
:1079B000C4D1A379D0E7A37888F8003094F8009078
:1079C00021794D44ADB2A14439B925E099F8003090
:1079D0008F421D44ADB299441ED2AA421CD399F8DD
:1079E0000130052BF2D149463046019202F0F6FEF5
:1079F000019A0028BDD099F80230D90914BF88F83F
:107A0000013088F8023099F80030217901371D449F
:107A1000FFB2ADB29944D9E70F4801F057FE3F28B5
:107A20008DD998F80210002002F0FCFE002886D0C4
:107A3000094801F04BFE3F2898F8021003D80020B7
:107A400002F000FF7BE7054A4023002002F00AFF16
:107A500075E700BFF0ED00E0646A0020146A0020C2
:107A6000546A002000207047F8B53C4DAA788A423D
:107A70001F4612D19AB23A4905F1100001F0DCFE1E
:107A8000384B13B10020AFF30080374801F01EFEE1
:107A90003F282CD801242046F8BD6B788B4208D0B3
:107AA000324B1C6814F00104F5D000BE00242046BF
:107AB000F8BD064605F1240001F0F0FD40BB2C485E
:107AC00001F0ECFD0028E5D1002FE3D017F03F07CF
:107AD000E0D16978304602F0A5FE04460028D9D0EE
:107AE000697830463B463A4602F0BCFED3E7A978B7
:107AF000002002F097FE04460028CBD01A4801F07F
:107B0000E5FD3F28A9781ED8002002F09BFEC2E7C1
:107B10006978002002F086FE0028D0D04022154966
:107B200005F1240001F0E4FD034690B1114A6978A3
:107B3000002002F097FE0028ACD10C4B1B68DB073D
:107B4000BDD500BEBBE7064A4023002002F08AFEF6
:107B5000A1E7697802F076FEB1E700BF546A002021
:107B6000146A002000000000646A0020F0ED00E0CC
:107B7000786A0020D469002030B4114B9C689A6B5D
:107B800093F83C5083F82C10A21A022183F830108D
:107B90009A6225B942F2050183F83E50998744B1B3
:107BA0003AB11A7BD20906D193F82F1030BC02F0FB
:107BB00099BE30BC704793F82E1030BC02F092BED4
:107BC0002C6E002038B5214B214C05461BB1607B43
:107BD000FFF736F8A8B1A06BA36894F82F101D4AE0
:107BE0001B1AB3F5007F28BF4FF4007328469BB2E1
:107BF00002F038FE20B9184B1B68DB0700D500BE29
:107C000038BDA268A36B84F83E0042F20771D31A14
:107C10000120A1870221A36284F82C0084F830108F
:107C2000002AEDD0002BEBD0237BDB0906D194F8A2
:107C30002F102846BDE8384002F054BE94F82E10AC
:107C40002846BDE8384002F04DBE00BF416C02003E
:107C50002C6E00202C6C0020F0ED00E070B5304C54
:107C6000E28AA36852BA92B286B0054612B1B3FB5B
:107C7000F2F292B2A66BD4F81110607B9B1BB3F5A5
:107C8000007F28BF4FF4007309BA0093B6FBF2F3EC
:107C900002FB13621944234BFEF79AFF031E20DBFD
:107CA00094F82E200DD011469BB228461D4A02F0B2
:107CB000D9FDA0B91C4B1B68DB0710D500BE06B070
:107CC00070BD0724194603A88DF80C508DF81020BC
:107CD00005938DF811308DF80D4002F0B7FB06B01A
:107CE00070BDA268A36B43F602200021D31AA087BF
:107CF00084F83E1001200221A36284F82C0084F84D
:107D00003010002AEBD0002BE9D0237BDB0914BF15
:107D100094F82E1094F82F10284602F0E3FDDEE7C9
:107D20002C6E00202C6C0020F0ED00E010B4054C0F
:107D3000012084F83C1084F83D2084F83E305DF842
:107D4000044B70472C6E002040220021014808F0AF
:107D5000E9BE00BF2C6E002040220021014808F03F
:107D6000E1BE00BF2C6E00204B79082B01D0002013
:107D700070478B79062BFAD1CB79502BF7D1162A85
:107D800006D81C4B1B68D907F1D500BE00207047F0
:107D900070B5194D8B7885F82D300B7882B005F1D0
:107DA0002F0205F12E0619440223CDE900261A46BA
:107DB000044602F073FC48B90E4B1B68DA0702D583
:107DC00000BE02B070BD002002B070BD204695F824
:107DD0002F100A4A00241F2385F8304002F042FD8C
:107DE00030B9044B1B68DB0702D500BE1720E8E75B
:107DF0001720E6E7F0ED00E02C6E00202C6C002050
:107E0000012901D001207047F0B5137803F07F01FC
:107E1000022985B0054606D003F06003202B1AD056
:107E2000002005B0F0BD5478012CF5D15388002B0B
:107E3000F6D1434E918896F83030042BC9B279D0F0
:107E400096F82E408C423DD096F82F408C4257D069
:107E5000012005B0F0BD5378FE2B16D0FF2BDFD1EB
:107E60005388002BDCD1D488A3B2002BD8D1344E58
:107E70001146284686F83030C6E90D33B48786F8B7
:107E80003E3002F081FD0120CBE75388002BC7D1A3
:107E9000D388012BC4D12B498DF80F3000294DD048
:107EA0000192FEF7E5FD019A0028B9D0431EDBB22E
:107EB00004AC114604F8013D28462246012302F095
:107EC0007BFDC5E7022BC3D1B26BB3681E4F9B1A73
:107ED000B36206F120030FCB07C73A46214602F8EA
:107EE0000C39032428460D2386F8304002F0BAFCF2
:107EF0000028ADD1154B1B68DB0791D500BE90E77C
:107F0000002BA5D1214602F0DFFC0028A0D121469C
:107F1000284602F005FD00289AD1002496F82F107B
:107F2000094A86F8304028461F2302F09BFC0028AF
:107F3000E0D08DE702F0D6FC204672E70B46B7E7AB
:107F40002C6E0020716A02002C6C0020F0ED00E025
:107F50002DE9F041B44C94F83050012D8EB01E46FE
:107F6000074645D028D3032D05D0022D5FD0012030
:107F70000EB0BDE8F08194F82E308B42F7D10D2E73
:107F8000F5D1E37B282B00F01A812A2B40F00D81DC
:107F9000A64B13B1607BFEF747FE002594F82F1027
:107FA000A34A84F830501F23384602F05BFC0028B7
:107FB00061D094F83050D8E794F82F508D42D6D144
:107FC0001F2B06D1DFF868829A4BD8F800209A421E
:107FD00071D0042394F82E1084F83030384602F023
:107FE00081FC384694F82F1002F07CFC0020BFE79B
:107FF000B3F5007F08D9904B1B68D90700D500BEA8
:1080000000200EB0BDE8F081E27BA36B282A00F0CF
:1080100087802A2A00F08F80217B626B1E44CB0967
:10802000A66336D096422CD3022384F8303094F8DD
:108030002E10384602F074FC002898D1A368A26B79
:1080400094F82E60934202D9217BC9092ED19B1A44
:108050007A4AA3620FCA764D07C52A46314602F80E
:108060000C39032538460D2384F8305002F0FAFB12
:1080700000287FF47CAF704B1B68DB07C0D500BEC7
:1080800076E76D4B1B68DA0793D500BE94F8305045
:108090006BE793B2607B664A04F10F01FEF778FD4F
:1080A0000028C0F29F80A66B626BBBE73146384662
:1080B00002F018FC5BE7C446BCE80F0026460FC67A
:1080C0009CE80F0007C626F8023B1B0C3370D4E96E
:1080D0000123E17B5A4E626201200022282963635A
:1080E0002662A26284F82C20A26384F8300000F09B
:1080F000AD802A2900F0DF80002B00F0EF80227B8A
:10810000D20940F0EB80B3F5007F00F26F819BB2A3
:108110002946474A384602F0A5FB0028ABD048E77D
:10812000626B1E449642A663BFF47EAFFFF796FDD6
:1081300094F8305019E7E28A52BA92B21AB1A168A3
:10814000B1FBF2F292B2D4F81110394DB3FBF2FC4C
:1081500009BA02FB1C32607B009661442B46FEF795
:108160004DFD0028C0F2FB81864230D9361A40B15D
:10817000A36B291813FA80F332462846A36308F04C
:10818000B8FC002394F82F508DF818500722194698
:1081900005A88DF8147007968DF819308DF8152004
:1081A00002F054F994F83050DFE6264B002B3FF4F0
:1081B000F4AE04F10F01607BAFF30080EDE6224BDB
:1081C000002B3FF4EAAE607BAFF30080E5E6D4E934
:1081D0000D231E449642A663BFF426AF3846FFF730
:1081E000F1FCE6E6A368A66B94F83C1084F82C50EA
:1081F0009A1B0220A26284F8300021B942F20500E5
:1082000084F83E10A087002B3FF44EAF002A3FF4C5
:108210004BAF237BDB0940F0E58194F82F10384603
:1082200002F060FB3FE700BF2C6E0020296C0200CB
:108230002C6C002055534243F0ED00E04C6E0020C2
:10824000555342530000000000000000E28A52BA79
:1082500092B20BBB002A3FF4E7AE94F83C10A36245
:10826000022284F82C2084F8302000297FF4DFAE2D
:1082700042F205010022A18784F83E20002B3FF442
:10828000D6AE237BDB0940F09A812946384602F0BE
:1082900029FB94F8305068E6207BC00913D0002AEF
:1082A00000F08081B3FBF2F2002A00F0A3812829BC
:1082B000384694D13AE7E28A52BA92B2002BC9D03A
:1082C000207BC009EBD094F83C10A362022284F812
:1082D0002C2084F830200029CAD0D2E7667B2529DB
:1082E00000F22B81DFE811F0220129012901E500CC
:1082F000290129012901290129012901290129012E
:10830000290129012901290129012901BD0029018A
:108310002901290129012901290129019900870041
:1083200029012901710029012901290129014C0094
:1083300029012600304604AA05A9FEF717FC059B73
:10834000002B00F04481BDF81020002A00F03F818E
:10835000013B1BBA12BAC8E900320820A368002BFF
:1083600044D0984228BF184683B26063A64A94F866
:108370002E10384602F076FA00283FF47CAE18E65C
:1083800005AD00230DF10E02304604A96B60059384
:10839000AB60FEF7EBFB049A002A00F01881BDF8F1
:1083A0000E30002B00F0138112BA082106925BBA3E
:1083B0000222ADF81E308DF817108DF81C2095E8BC
:1083C000070088E807000C20C8E7904B03B330464D
:1083D000227DE17CAFF30080D0B994F83C302BB91A
:1083E00043F602220023A28784F83E30012138465A
:1083F000FFF7C2FBDDE5864B53B1E17C3046C1F3AC
:10840000400301F001020909FEF7CCFB0028E4D08B
:10841000A368002B3FF408AEE8E79DF816307D49CD
:10842000002203F0800362F3C7138DF81630032394
:108430008DF815208DF817208DF81430002900F0E4
:10844000E1803046FEF7FCFB9DF8163080F001001D
:1084500060F3C7138DF81630059BC8F80030042070
:108460007CE74FF0203302250022CDE9052230467B
:1084700007A909AA08934FF0800C079309930D935D
:10848000CDE90A330C931F260DAB8DF816508DF8ED
:10849000175005AD8DF818608DF815C0FEF7F0FA8D
:1084A0000FCD594E0FC60FCD0FC62B683360242059
:1084B00054E794F83C2094F83D0094F83E10DFF81F
:1084C00048C1DFF858E14FF000084FF00003CDE954
:1084D0000588CDE9078862F303038DF81630F02292
:1084E0000A23ADF824808DF820008DF821108DF836
:1084F00014208DF81B3005AD0FCDACE80F002B68B4
:10850000ACF80030BEF1000F76D0ACF1100130466F
:108510004FF40072AFF300800028A4F83C8084F888
:108520003E800FDB00283FF473AF17E73046FEF7BD
:10853000F9FA00283FF451AF6AE794F83C30002B79
:108540007FF454AFA38E304A3349607BFEF720FBA3
:108550000028FFF64BAF00283FF45AAFFEE6A36BAE
:10856000A2681E4443F602200021931BA08784F8D2
:108570003E1001200221A663A36284F82C0084F837
:108580003010002A3FF453AD002B3FF450AD237B55
:10859000DB0914D194F82F10384602F0A3F994F8AF
:1085A0003050E2E4012294F83C1084F82C2002229E
:1085B000A36284F8302000293FF45AAE5EE694F8B6
:1085C0002E10384602F08EF994F83050CDE494F82D
:1085D0003C30002B7FF40AAF43F6022284F83E3091
:1085E000A28703E794F82E10384602F07BF9D4E90D
:1085F0000D2617E50222D6E7A4F83CE084F83EE019
:108600001220ABE601201FE72C6C002000000000C8
:10861000A56B0200416C02003B6E002000000000D0
:1086200070B5134C134E84B020464FF4AE72002147
:1086300008F078FA4025002304F58E720092CDE907
:1086400001561A46194604F1B000039504F068F982
:108650002E4404F170020023CDE90025CDE9026526
:10866000201D1946012204F05BF904B070BD00BF63
:10867000EC6E00206C6E002010B5054C04F1B000CB
:1086800004F07AF9201D04F077F9012010BD00BF35
:10869000EC6E002038B5074C2046002500F8B85B8A
:1086A00001F058F904F10C0001F054F984F8B150CC
:1086B000657138BDEC6E00204B79FF2B01D0002096
:1086C00070472DE9F04FDFF824B19BF8B13083B04B
:1086D0004BBB9BF8053033BB0B788A460AEB02058F
:1086E0000AEB030489788BF80010A542064614D9DA
:1086F0001AF80320A3189D420FD36278042A0CD0E5
:108700000B2A0AD0052A0BF1B8080BF1B0070BF1C0
:108710000C0917D09D421C4609D8A4EB0A0080B270
:1087200003B0BDE8F08F002003B0BDE8F08F1A78E9
:1087300013449D42F1D36278042AEED00B2AECD088
:10874000052AE7D12146304602F048F8002843D0F8
:10875000A378DB0905D19BF8B1301BB32278A318AD
:10876000D8E79BF80530002BF8D14846019301F07B
:10877000F1F8A2788BF80520A2889BF804C0019B31
:108780001849C2F30A02A2F50072B2FA82F2520943
:1087900062F3410C18468BF804C004F037F92278D4
:1087A000A318B7E7404601F0D5F8A3788BF8B130AD
:1087B000A3889BF8B020C3F30A03A3F50073B3FAB0
:1087C00083F35B0963F34102394630468BF8B020EE
:1087D00004F064F90028C1D1034B1B68DB07A2D564
:1087E00000BEA1E7F06E0020F0ED00E0EC6E00208E
:1087F00070B51C4C94F8B1208A4205461E460FD134
:10880000B4F8BC20F2B9184B23B1B2B2174900201A
:10881000AFF300802846164904F040F9012070BDEE
:1088200063798B4201D0002070BD124B1BB1B1B2F5
:108830000020AFF300801049284604F0E7F848B163
:10884000012070BDB2B2D4F8B41004F1B80000F049
:10885000F3FFD8E732462846074904F099F801208B
:1088600070BD00BFEC6E0020000000006C6E0020A8
:108870009C6F002000000000F06E0020F8B50E682C
:108880008D88B7783544AE420BD23B469F42344682
:1088900003D10BE06378042B05D023781C44A54258
:1088A000F8D80020F8BDA3789F42F6D1E3789A4229
:1088B000F3D1A542F5D9237D012B06D9144B1B68B2
:1088C000DA07EED500BE0020ECE723790D46DBB1D8
:1088D000012BE6D12278E389617A134411442344C1
:1088E0002144994204D3DCE70A7811448B42D8D959
:1088F0004A78052AF8D101F071FF28B9044B1B68AA
:10890000DB07CED500BEF8BDA41BEC800120F8BD6E
:10891000F0ED00E0C28832B9654B1B68DB0700D57B
:1089200000BE00207047F0B40378624803EB830474
:1089300003EB4403C058831803D08E781C7BA642F7
:1089400007D95B4B1B68D90700D500BE0020F0BCDF
:1089500070472EB9012C01D90120F8E701268E704D
:1089600001248C60C1F80E404C7700256FF03F0465
:1089700081F822508C766FF003056FF06404CD7699
:108980000C774D4DC1F81E50082481F82340825CBD
:10899000B3F80D4014441C441344A342D1D2474FB2
:1089A0009D78102D0CD827FA05F0C04310F0010077
:1089B00006D1DA78964203D107E05A78242AEFD01C
:1089C0001A7813449C42F8D8BBE79C42B9D0062DD4
:1089D00006D0102D04D0042DB9D1012248730A739A
:1089E000CF781A79974218D81FB9012AB4D801272D
:1089F000CF701A781A44A2420FD2967806F0FD0C76
:108A0000BCF1050F0FD0112E03D10CE05678242EA7
:108A1000F3D0167832449442F8D8254B1B68DA0715
:108A200094D500BE93E7D678B742F2D19442F4D001
:108A3000D1F812408CB9062D30D0102D2ED0042D37
:108A400009D1B2F80560B2F807505C7D05FB06F36A
:108A500004FB03F4E408C1F812404B6863B9557E87
:108A6000012D3FF679AFD2F81A3025B9D2F81E2081
:108A70009A427FF471AF4B60114AA2FB03235A0B59
:108A8000CBD0631E1344B3FBF2F30233B3F5807F04
:108A900028BF4FF48073C1F816305DE7B2F8053097
:108AA000B2F8074004FB03F42401E408D3E700BF55
:108AB000F0ED00E0487000200301010150100100BA
:108AC0005917B7D12DE9F84F0B785D4C03EB8305AF
:108AD0000E4603EB45030989E7589146804679B174
:108AE0003944CB7803F00303012B00F094807389A1
:108AF00033B13B44DA7802F00302012A00F091809E
:108B00007488B58800233C44B381F3813382738237
:108B1000B382F3823D44A278AC4238BF134609D2F7
:108B20009A4203D10CE06378042B06D023781C44CE
:108B3000A542F8D80020BDE8F88FA3789A42F5D175
:108B4000E3789945F2D1A542F4D994F804A0BAF19A
:108B5000020F15D8E31BF380B9F1000F16D023786C
:108B60001C44BAF1000F4CD04FF0000B06E06378C4
:108B7000052B28D0042B03D023781C44A542F6D81B
:108B8000304B1B68DA07D5D500BED3E7737F012BC6
:108B900012D006F11E03494686F81D90A6F81890DB
:108BA000A6F81A901846302207F0BCFF014630465E
:108BB000FFF7B0FE0028BDD023781C44BAF1000FA7
:108BC000D2D10120B7E7E37803F00303B9F1000F36
:108BD00001D0012B18D0022BACD12146404601F028
:108BE000FDFD28B306EB4B03E21B1A8122780BF143
:108BF00001039A4514444FF0010BBFD8B9F1000F9F
:108C0000DFD002237377DCE7A388B269C3F30A03DA
:108C10009342E2D28EE700233381897801F08EFE01
:108C200065E7002272819978404601F087FE67E788
:108C3000044B1B68DB077FF57DAF00BE7BE700BF01
:108C400048700020F0ED00E010B4064C0648002308
:108C5000C4E900331946C4F807304E225DF8044BCE
:108C600007F060BF48700020547100200120704759
:108C700010B4064C06480023C4E900331946C4F872
:108C800007304E225DF8044B07F04CBF48700020BF
:108C9000547100202DE9F0414B790E2B04D04FF098
:108CA00000084046BDE8F0818B79012BF7D1CB79E4
:108CB000012BF4D13E4E33682BB13E4B1B68DB07D2
:108CC000EDD500BEEBE714460F461A463146054681
:108CD0003760B480FFF7D2FD0028E0D0F288336817
:108CE000B97813443C44A74293F814C03B4605D3DB
:108CF00008E05A78042A4DD00B2A4BD01A78134436
:108D00009C42F6D8BCF1000F4ED02B494A88002A6D
:108D1000D3D1D81B1FFA80F83272A1F802809C428E
:108D200093F802E00A8098BF034605D80BE05A7812
:108D3000042A2BD00B2A29D01A7813449C42F6D847
:108D4000DB1B1FFA83F80022BCF1010FA1F804809D
:108D50004A77B2D117FA80F017FA83F398428178F4
:108D60000AD282788A4203D118E04278042AF8D0E5
:108D7000027810448342F8D8284600220E49FFF7B3
:108D8000A1FE00288BD0A6F804808AE79A78724565
:108D9000D2D0D5E79A788A42B0D0B3E7C278012A18
:108DA000E6D18342EFD1E7E7DB1B1FFA83F8EAE75E
:108DB00048700020F0ED00E0547100202DE9F047EC
:108DC000167806F01F04012C8CB004D00024204635
:108DD0000CB0BDE8F087DFF8F892B2F804C0D9F81B
:108DE0000070804615465FFA8CF317B1BA789A4244
:108DF0002CD0B44F7C88002CE9D03A7802EB82006A
:108E000002EB400259F802E07444A2789A42DDD1A4
:108E1000C6F34116F3B2002B00F09C80012B12D157
:108E20005FEA1C2C0FD16B881B0A022B00F02E81ED
:108E3000062B00F01781012B00F0F580A24B1B6878
:108E4000DB0700D500BE07233B77BFE7C6F341161B
:108E5000F4B2002C47D0012C25D15FEA1C2C26D07F
:108E6000B9F80620BB18B95CDA89114419448B4261
:108E70000ED29A78023A052A06D8DA78624503D1EA
:108E800007E05A78242AF4D01A7813449942F8D883
:108E900049B1002389F80930012498E78A4B1B68FF
:108EA000D90700D500BE072389F809308EE76B8803
:108EB0001B0A012B00F09580022BEFD16B78812BE0
:108EC00000F04781862BE9D10129E2D10B464046CB
:108ED00029467E4A01F070FD0028DAD1FF2389F887
:108EE0000930002473E76B780A2B4AD00B2B3ED154
:108EF0000129CED1EB88002BF0D1B9F80630FA1851
:108F00001179A9B1F85CD189537A0144034413441F
:108F10000A44934205D395E119780B449A4240F2F2
:108F2000918159780529F7D19978404601F006FDDD
:108F30000026A9F806606A8865494046FFF79EFC4E
:108F400004460028CAD02946404601F01DFD89F894
:108F500009603CE76B780A2B27D00B2B7FF46EAFB0
:108F6000012900F0BD8000233B7701242FE7564BF9
:108F70001B6813F001032FD107221C4689F8092032
:108F800025E7012985D1EB88012BA7D1B9F8062067
:108F9000BF18A3D00CAAF97802F8301D294601F0B9
:108FA0000BFD04460028D2D198E70129DBD1EB88DC
:108FB000012B35D1FB889BB31EEB030330D00CAAE9
:108FC000DB7802F8303D40460B46294601F0F4FCC0
:108FD000044628B33E77FAE600BE072389F8093035
:108FE000F5E66B78812B00F0D180862B00F0BE80F7
:108FF000012B7FF453AF012900F0CB8002297FF4CD
:1090000048AF344B002B3FF444AF99F80A100020CE
:10901000AFF30080B0FA80F489F809006409D6E65D
:10902000FF233B77D2E67B7F0BB187F81DC06C78BE
:10903000842C61D8822C65D2012C00F00A81812C0D
:109040007FF4FCAE01298ED1EB883BB12946404626
:109050003023214A01F0B0FC002884D1FF233B7764
:109060000024B4E66B78812B00F0A180862B7FF47E
:10907000E5AE01297FF477AF294640460123134A24
:1090800001F09AFC00287FF46EAFE7E76B78812B44
:10909000D8D040F2B080852B00F09780862B7FF4EB
:1090A000CDAE01297FF45FAFEB88012BD6D10B4603
:1090B00040462946094A01F07FFC00287FF453AF5F
:1090C000CCE700BF54710020F0ED00E05D300300FC
:1090D0004870002000000000727100205E30030024
:1090E0006A8839464046FFF7EDFC002898D02946AB
:1090F000404601F049FC36E7862CD2D065D3872C58
:109100007FF49CAE01297FF42EAFEB88002BA5D015
:10911000B64EE94606F1300A30687168B268F36805
:10912000CC46ACE80F0010365645E146F4D19DF828
:109130000210002940F09F80832C00F08381872C4F
:1091400000F06481822C00F0618108233B770024C9
:109150003DE601297FF49DAE294640460123A44AFD
:1091600001F02AFC00287FF494AEB7E601297FF4D1
:1091700090AEEB88012B7FF4B1AE294640469D4A64
:1091800001F01AFC00287FF484AEA7E601297FF4E1
:1091900080AEEB88012B7FF4A1AE29464046012327
:1091A000954A01F009FC00287FF473AE96E6012988
:1091B0007FF4D9AE0B464046294607F11C0201F068
:1091C000FBFB00287FF4CFAE48E701297FF4CBAE4C
:1091D000EB88022B7FF442AF0CAA302122F8301D1D
:1091E0004046294601F0E8FB044600283FF436AF2C
:1091F00000233B77EBE5012B7FF420AE01293FF400
:1092000025AF02297FF4AFAE7849A1F11E00FFF728
:1092100081FB044660B3794B7A6BBA613BB1734A08
:1092200079783878AFF3008000287FF49CAE7449D9
:10923000002302204FF480720880C7E903337B616A
:10924000BA83C4E56F4B1B68D8077FF547AE00BEF5
:1092500044E601293FF4FAAE02297FF484AE634963
:10926000A1F11E00FFF756FB044600287FF47BAEF9
:1092700008233B77ABE59DF8030000287FD1FA88EF
:10928000002A3AD01EEB020337D01EF80220B3F8B2
:109290000D005D4E10441844134498420FD99A783B
:1092A000102A04D826FA02F2D20700F1D5801A78E3
:1092B00013449842F1D95A78242AF8D1EDE70346AD
:1092C000832C5AD0872C4CD0822C7FF43EAF0121C6
:1092D0008DF803101A781A44904237D9947804F024
:1092E000FD06052E10D0112C0ED014782244904289
:1092F000F2D95478242CF8D1EEE7424B1B68D907F9
:109300007FF523AF00BE20E7D478A142EDD1997854
:1093100006291DD010291BD004297FF416AFB2F8FE
:109320000510B2F807205B7D02FB01F203FB02F39C
:10933000DB08CDF812306A4629464046302301F05A
:109340003BFB044600283FF489AE51E70246DEE7C6
:10935000B2F80510B2F8073003FB01F31B01DB087C
:10936000E7E79A78062A06D0102A02D0042A7FF46A
:10937000ECAE997DACE79979AAE71979A8E7019B4A
:10938000002BD8D1FA88002AB7D01EEB0203B4D044
:109390001EF802E0B3F80D20DFF86CC072449E188E
:1093A00073449E420ED99A78102A03D82CFA02F2FE
:1093B000D20756D41A7813449E42F2D95A78242AF6
:1093C000F8D1EEE733461A7813449E4264D99A786E
:1093D00002F0FD01052948D0112A46D01A7813441D
:1093E0009E42F2D95A78242AF8D1EEE77271002011
:1093F000517000205E300300527000200000000019
:1094000054700020F0ED00E05010010001238DF8B1
:10941000023001234FF00112029300230392ADF8B2
:1094200010304FF6C0428DF8223040F29B13ADF859
:109430001A20ADF81C30404ACDF81E2008238DF8C4
:10944000233078E7FB88002BE3D01EEB0303E0D04A
:109450001B7B8DF80230DCE7DA7891427FF427AF8E
:109460002EE7DA789142A5D1ADE7DA789042B5D10E
:10947000823C052C3FF669AE01A252F824F000BFF1
:1094800001950200E5940200C79402004B9102008E
:109490004B9102009D9402003346E9E7D3F8151082
:1094A00042F21073B1FBF3F3019100293ED0DDF8D5
:1094B00012208BB9931CB3F5807F28BF4FF48073C3
:1094C000CDF8163037E75A7E72BBD3F8221042F23D
:1094D0001073B1FBF3F3E7E7013A1A44B2FBF3F37D
:1094E0000233E8E75A7ECAB1053203EB8202D2F8B2
:1094F0000210D3F81A3042F21072B3FBF2F3D3E742
:109500005A7E72B1053203EB8202D2F80220D3F800
:109510001A1042F21073B2FBF3F3C5E7D3F81E1032
:10952000E7E7D3F81E20F2E7002301930023ADF80C
:109530001630ADF81830FEE6030101012DE9F84FB1
:10954000334C238953B12278324F02EB820502EB70
:1095500045057D592B449F788F420AD02E4B1B68BE
:10956000DB0703D500BE0020BDE8F88F0020BDE872
:10957000F88FD4E904369E4205460BD327490023D1
:10958000C4E90333636119B161781046AFF3008019
:109590000120E9E701F046F90028E7D0DFF88090E4
:1095A000A36999F80000D4E9042BA2EB0B0808EB9F
:1095B00000069E4228BF1E46B04213D9164B1B68B8
:1095C00013F0010301D000BE002339462846144A97
:1095D00001F048F90028DBD10F4B1B68DA07C5D52D
:1095E00000BEC1E7E168A6EB000A59444844524670
:1095F00007F074FA0BEB0A03D0456361B3B2E4D110
:1096000099F8012042F0020289F80120DDE700BF4D
:109610005471002048700020F0ED00E000000000D0
:10962000547000202DE9F041B2F5004F9DF81880EC
:1096300030D80446C0681E460F46154618B14FF094
:10964000FF3104F0CDFC206918B14FF0FF3104F078
:10965000C7FCE288E068276066F30E02C2F30721C8
:10966000002368F3C711E2806381A580E171238143
:1096700018B11A46194604F06BF8206938B1002376
:109680001A46194604F064F80120BDE8F081012073
:10969000BDE8F0810020BDE8F08100BF0389428968
:1096A000808892B29BB2934236BFC2EB40029B1AB3
:1096B0009B189BB2984228BF18467047028943897D
:1096C0009BB2981AB0FA80F040097047038942892A
:1096D000808892B29BB2934236BFC2EB40029B1A83
:1096E0009B189BB2984286BFC01A80B20020704778
:1096F0002DE9F843054600690E46174618B14FF0AC
:10970000FF3104F06DFC2B896989A8889BB289B26E
:109710008B4236BFC1EB40045C1AE418A4B2002CA3
:109720004AD0A04206D283422CBF191A191889B216
:1097300069810446BC4228BF3C468842A4B203D893
:10974000091A89B28842FBD9EA882B68401AC2F309
:109750000E0887B21FFA88F2BC4202FB013125D9FC
:1097600017FB08F91FFA89F94A46304607F0B6F99F
:10977000E21B12FB08F206EB090092B2296807F01F
:10978000ADF96A89A88892B211198BB29A4215D99B
:1097900040001B1A9BB228696B8120B100231A4636
:1097A000194603F0D5FF2046BDE8F88302FB04F21A
:1097B000304607F093F9E4E769898BB240008342B1
:1097C000E9DBE6E738B5054600690C4618B14FF00D
:1097D000FF3104F005FC29896B89AA8889B29BB204
:1097E000994236BFC3EB4200C81A401880B200B39A
:1097F000824209D291422CBF8B1A8B189BB29A429B
:109800006B8103D89B1A9BB29A42FBD9EA882968DC
:10981000C2F30E02204602FB031107F05FF9012498
:10982000286920B100231A46194603F091FF20460B
:1098300038BD0446F4E700BF2DE9F0471446002A7E
:109840004FD00546C0680F4618B14FF0FF3104F005
:10985000C7FBEA792E896989AB88D209B6B289B289
:1098600042D18E4236BFC1EB4301711A891989B2C8
:10987000994252D2591A89B28C42E88828BF0C46C4
:10988000C0F30E08B342304603D8C01A80B29842E3
:10989000FBD21B1A2A681FFA83F9A14508FB002096
:1098A00047D219FB08FA1FFA8AFA5246394607F0DE
:1098B00015F9A4EB090212FB08F207EB0A0192B2B8
:1098C000286807F00BF9A3199BB2AA88B3424FEAA4
:1098D000420201D3934201DB9B1A9BB2E8682B81C1
:1098E000F8B92046BDE8F087E8889C42C0F30E082E
:1098F0000FD28E4223D3721A92B25800224482426F
:10990000C0DBCE18361BB6B2B14220D9361AB6B279
:10991000B8E7E41A08FB0477B3B9E8680024002824
:10992000DFD000231A46194603F012FF2046BDE897
:10993000F08708FB04F2394607F0D0F8C3E7580077
:10994000421A324492B2D9E70E461C4698E7B0421A
:1099500098DCDBE710B50446C06818B14FF0FF3162
:1099600004F03EFB206918B14FF0FF3104F038FBE2
:10997000E06800236381238118B11A46194603F079
:10998000E7FE206920B100231A46194603F0E0FEE5
:10999000012010BD38B5C379B1EBD31F1FD00446E9
:1099A000C0680D4618B14FF0FF3104F019FB206973
:1099B00018B14FF0FF3104F013FBE379E06865F371
:1099C000C713E37120B100231A46194603F0C0FE05
:1099D000206920B100231A46194603F0B9FE012080
:1099E00038BD00BF704700BF704700BF0020704700
:1099F00000207047704700BF704700BF704700BF2E
:109A0000704700BF024B5878003018BF01207047E4
:109A1000FC710020024B1878C0F38000704700BF33
:109A2000FC710020024B1878FF3818BF01207047E6
:109A3000146100202DE9F047374E3378FF2B82B0B8
:109A400004D00125284602B0BDE8F087002946D0A1
:109A50003822884607460021304807F063F8304B2B
:109A60003049002501201D7004F04CF82E4B186081
:109A7000002834D02D4C2346626833F80C0B6188E3
:109A8000009503F0F3FDA168054604F083FC284B24
:109A90001D6075B3274B23B12748AFF30080274BD8
:109AA0001860254CDFF89CA02278DFF89090002504
:109AB0002B460EE0D9F8003013EB45130FD05B684E
:109AC0006BB1984722780135EDB2511DA9422B4662
:109AD00015DBAA42EED89B1A0AEB4313EFE7184BAB
:109AE0001B68DA0700D500BE0025284602B0BDE895
:109AF000F087134B1B68DB07F6D500BEA2E7414693
:109B00003846377001F050FE05460028F1D038463F
:109B100001F04CFE96E700BF14610020FC710020AC
:109B2000FC720020AC71002034720020B86000206C
:109B30003872002000000000A8710020A4710020ED
:109B4000F0ED00E060300300B94B1B78FF2B00F014
:109B5000A1812DE9F04F04468BB04FF47A720023B7
:109B60008002A10D06F0F2FDB24DDFF8E4B2B24E74
:109B70008246671C286800F02481002C00F02181B7
:109B8000BAF1000F14BF5246012207A904F096F85B
:109B9000C0B19DF81D30013B072B00F21481DFE8B6
:109BA00013F0F200D300CA00BF00B7004100140058
:109BB0000800089B0BB109989847286804F0BCFB83
:109BC0000028D6D10BB0BDE8F08F9DF820109B4B3C
:109BD00001F07F0703EB470303EBD11393F8260053
:109BE0006FF3000083F8260093F826006FF38200DD
:109BF00083F82600002F00F04581914A1B7D1278E2
:109C00009342C0F03381501D9842C0F234819B1AB8
:109C10000BEB43139F699DF82120099B9DF81C00C5
:109C2000B847CAE7874A1378002B00F024811378DD
:109C3000013BDBB21370137803F0FF00002BBCD1A3
:109C4000DFF8F8919DF81C8099F8003043F001038B
:109C500089F8003099F8263060F3000389F826303F
:109C600099F8263060F3820389F8263099F8273076
:109C700060F3000389F8273099F8273060F38203F6
:109C800089F8273000F002FF9DF8203003F06002D1
:109C9000602A00F00681402A00F00A8103F01F03C9
:109CA000012B00F0D581C0F01281022B40F0F98029
:109CB0009DF8241001F07F07082F00F2F2807B004E
:109CC000C80901934B44034400905D481F7D03780D
:109CD0009F4280F00F82336803EB4717002A00F0A1
:109CE000108257B1786900F0D1FE7B69404608AA1E
:109CF0000121984700287FF460AF9DF81C000021E7
:109D000001F0BEFF80219DF81C0001F0B9FF54E76F
:109D10004A4B1B78D8077FF550AFFFF771FE4CE731
:109D2000464B1A78D7077FF548AF1878C0F3C000C4
:109D3000FFF764FE41E7414BDB78D9077FF53DAF84
:109D40000898FFF751FE38E73D4F9DF81C903A7890
:109D50000023984610E0336813EB481300F080802E
:109D6000DB68484698473A7808F101085FFA88F8B6
:109D7000511D8845434645DC9045A3EB0203EAD3D9
:109D80000BEB4313ECE72E4F9DF81C903A78002321
:109D900098460FE0336813EB48135BD0DB68484606
:109DA00098473A7808F101085FFA88F8511D88450C
:109DB00043460FDC9045A3EB0203EBD30BEB4313BD
:109DC000ECE72246E1E6204B1B68DA077FF5F5AEAB
:109DD00000BEF2E638220021184806F0A3FE1B4A16
:109DE0004FF0FF33C2E90533C2E90033C2E9023361
:109DF000D3611384136100F03FFE104B9DF82020C7
:109E00009A70DAE6382200210C4806F08BFE0F4AE1
:109E10004FF0FF33C2E90533C2E90033C2E9023330
:109E2000D3611384136100F027FEFFF7E5FDC4E65C
:109E30001461002038720020A4710020FC71002001
:109E4000A8710020FC720020F0ED00E000720020FC
:109E500060300300A44B1B68D907CCD500BECAE70D
:109E6000A14B1B68DA07DED500BEDCE7326812EBD7
:109E700043137FF4CFAE9C4B1B68DB077FF5A2AE8C
:109E800000BE9FE6099B9DF821209DF81C0000F074
:109E900013FE92E67047FCF7F5FC0246002840F0FE
:109EA000E981914B1B68DA077FF527AF00BE24E7F5
:109EB0008E4800283FF421AF00F0E8FD404608AA94
:109EC0000121FCF725FF00287FF477AE15E7202A53
:109ED00000F0F180002AE4D19DF82130092BE0D870
:109EE00001A252F823F000BF0FA00200EF9F020072
:109EF000A39E020031A00200A39E0200D19F020097
:109F00007D9F0200A39E0200679F0200119F020036
:109F10009DF8223001931A4699F801309A4200F0D8
:109F2000548199F80130002B40F05481019B89F84D
:109F30000130002B00F04781581EC0B2FCF7A2FC94
:109F400018B14378022B00F0C181674B1B68DB0717
:109F500000D500BE644B1B68D80700D500BE0023A7
:109F600089F80130C9E60AAA99F8013002F80E3DD5
:109F70004046012308A900F01FFD1EE6BDF822009F
:109F8000030A5A1EC0B20E2A3FF6B7AE01A151F81D
:109F900022F000BF87A2020063A2020053A20200C7
:109FA000FB9C0200FB9C020035A2020063A202009F
:109FB000FB9C0200FB9C0200FB9C0200FB9C02003D
:109FC000FB9C0200FB9C0200FB9C0200B7A202006B
:109FD00008A800F061FD40469DF8221001F0ECFB5E
:109FE00099F8003043F0020389F80030E5E5BDF848
:109FF0002230012B7FF481AE99F8003040466FF398
:10A00000C30308A989F8003000F0BEFCD5E599F833
:10A010000030990801F00201C3F340130AAA0B4370
:10A0200022F80E3D4046022308A900F0C5FCC4E515
:10A03000BDF82230012B7FF460AE99F80030404625
:10A0400043F0080308A989F8003000F09DFCB4E54E
:10A050009DF824300F2B3FF650AE4B44244A1B7919
:10A060001778BB4238D2376817EB43173FF445AE39
:10A07000786900F00BFD7B6908AA012140469847EA
:10A0800000287FF49AAD9DF8203013F060077FF42C
:10A0900034AE9DF821300A3B012B3FF62EAE00F086
:10A0A000F5FC9DF821300A2B00F0FC8008A9404601
:10A0B00000F06AFC81E59DF824300F2B3FF61DAEC1
:10A0C0004B440B4A1B791778BB4260D2376817EBB9
:10A0D00043173FF412AE05E67A1D9A42FFF60DAE25
:10A0E000DB1B0BEB4317C3E7F0ED00E0116D020043
:10A0F000A8710020581DB84239DA002A7FF4FDAD5E
:10A1000017469DF82130012B03D036D3032B7FF463
:10A11000C8AEBDF822200292AAB9B84A012B107825
:10A120003DD001F0ADFD019B009A4B44134493F8E0
:10A13000262042F0020283F8262093F8262042F0DF
:10A14000010283F82620002F3FF437AD786900F034
:10A150009DFC7B69012108AA40469847002000F039
:10A1600095FC99F82730D9073FF527AD9EE7FB1AF4
:10A170000BEB4317002AC4D0B4E5019B009A4B4473
:10A18000134420330AAA9B79C3F3400348E77A1D9E
:10A190009A42FFF6B2ADDB1B0BEB4317A2E501F0D1
:10A1A00097FD019B009A02994B44134493F8262093
:10A1B00061F3410283F8262093F8262061F3000220
:10A1C00083F82620BFE7FFF717FC404608A900F0F8
:10A1D000DBFBF2E40021404601F000FB404601F0C9
:10A1E0009FFB874F99F802300293002300943A783E
:10A1F0001C460CE00BEB4313DB68404698473A786B
:10A200000134E4B2501D8442234600F3CE809442D0
:10A21000A3EB0203EED2336813EB4413ECD1794B7A
:10A22000009C1B68DB0700D500BE9DF8083089F84C
:10A2300002307BE6FFF7DAFB024600283FF45DAD13
:10A240004046137808A900F0B7FB00287FF4B5ACAE
:10A2500053E5BDF82410FCF71BFB02460028EFD1A4
:10A260004BE5022B3FF417AEFFF7C2FB0246002876
:10A270003FF443AD4046538808A900F09DFB0028F9
:10A280007FF49BAC39E5FCF7F9FA024600283FF46D
:10A2900008AE4046122308A900F08EFB00287FF488
:10A2A0008CAC2AE50AAA08A902F80E7D40460123D3
:10A2B00000F082FB81E4544B002B3FF41EADFCF711
:10A2C00023FD024600283FF418ADD3E7C27999F880
:10A2D0000030511161F30413921162F3451389F8B0
:10A2E00000304388CDF81080CDE900A4C318039353
:10A2F00000F10907039BBB4237D97B780B2B03BFC7
:10A300003B7897F803A0FF184FF0010A7B78042BE5
:10A3100043D1039B3A4ACDF814A0DB1B00219BB22A
:10A320000291127888469A4617E0346814EB481474
:10A3300033D052463946049823699847082808F1D3
:10A34000010201D9824543D22D4B5FFA82F81A7877
:10A35000CDF80880511D88451CDC029B9045A3EB7D
:10A360000202E2D30BEB4214E3E7DDF81080DDE9F3
:10A3700000A4FFF73FFB28E7024643460446394660
:10A38000224802F0B1FA1E4B029A1B780533934221
:10A390002744AFDADDE900A4D7E51A4B1B68DF07D5
:10A3A000DDE900A47FF5D6ADD3E5382200211848B9
:10A3B000009C06F0B7FB174A4FF0FF33C2E90533A4
:10A3C000D3611384C2E90033C2E9023313612CE77D
:10A3D000DDF814A0BAF1010F1ED00021CBB2534515
:10A3E00001F10101C8D2BA78134459FA83F31A79FA
:10A3F000FF2AD2D183F80480F0E700BF1461002067
:10A40000A8710020F0ED00E0096D0200107200203C
:10A41000FC7100200072002023690A4A0A498B421D
:10A4200008BF4FF0020A9342D7D17B79012BD4D1D8
:10A43000BB79012BD1D1FB79002B08BF4FF0020A69
:10A44000CBE700BF31790200F17002002DE9F04343
:10A450004378023B85B005460E46042B0CD8DFE856
:10A4600003F0495D037E3F00844B1A78D70715D56A
:10A470001A7842F004021A70814B18688EB933467C
:10A480004FF0FF32294603F063F9003018BF012076
:10A49000F0B97C4B1B68DB0700D500BE05B0BDE8FA
:10A4A000F08304AA002342F80C3D294603F060FB28
:10A4B000019B43B1744B4FF080525A6040BFBFF3D1
:10A4C0004F8FBFF36F8F003018BF01200028E0D0FE
:10A4D000324669782878FFF785FA05B0BDE8F08341
:10A4E0006A4A13780133DBB21370654B1868002E8B
:10A4F000D7D1C4E7614B1A786FF300021A701A784B
:10A5000000216FF341021A7059701A7861F38202C8
:10A510001A705B4B1868002EC3D1B0E75C4FDFF8B0
:10A5200074913978DFF87081002423460AE0D8F866
:10A53000003013EB44130AD10134E4B24A1DA242A5
:10A54000234615DB8C42F2D35B1A09EB4313DB691C
:10A55000002BF1D06968287898473978ECE7474BA9
:10A560001A78D4079AD51A786FF382021A7083E7A3
:10A57000424C237858072FD5237841496FF3820343
:10A5800023702B788DF8043005220023CDF80A3093
:10A59000CDF80630ADF80E3008688DF80520002E95
:10A5A00059D004AA01A942F8103D03F0E1FA009B3A
:10A5B00043B1354B4FF080525A6040BFBFF34F8FCD
:10A5C000BFF36F8F003018BF012000284DD12D4BF5
:10A5D0001B68D90700D500BEE378DA077FF55EAFC8
:10A5E000274A2B78696810688DF80430032200230D
:10A5F000CDF80A30CDF80630ADF80E3002918DF866
:10A600000520F6B104AA01A942F8103D03F0B0FA02
:10A61000009B43B11C4B4FF080525A6040BFBFF3C8
:10A620004F8FBFF36F8F003018BF012000283FF419
:10A6300030AF32469DF805109DF80400FFF7D2F9BF
:10A640002CE733464FF0FF3201A903F081F80030C8
:10A6500018BF0120EAE733464FF0FF3201A903F0AB
:10A6600077F8003018BF0120AFE732469DF805109B
:10A670009DF80400FFF7B6F9AEE700BFFC710020BB
:10A6800038720020F0ED00E000ED00E0FC720020E8
:10A69000A871002060300300A47100202DE9F84F5C
:10A6A0000A9F002A4CD090464A78052A0C460ED1C3
:10A6B000CE7806F00306B34209D18A7802F07F0211
:10A6C000082A0DD9204B1B68DA0700D500BE1E4BA7
:10A6D0001B68DB0702D40020BDE8F88F00BEFAE754
:10A6E000DFF868B0DFF868A09BF8009000250EE066
:10A6F0006278052AEBD1E27802F00302B242E6D199
:10A70000A27802F07F02082ADCD89BF800909AF821
:10A7100002100022204602F095F80028D2D04846C8
:10A72000214601F06FF80028D1D0A278D30916BFD6
:10A730000B9B3A701A702278013545451444D7D1E5
:10A740000120BDE8F88F00BFF0ED00E014610020AB
:10A75000FC71002030B51E4D85B008240023029006
:10A76000019303918DF805402868144682B9134679
:10A7700001A94FF0FF3202F0EBFF003018BF0120BB
:10A78000E0B9144B1B68DB0700D500BE05B030BD37
:10A7900004AA01A942F8103D03F0EAF9009B43B175
:10A7A0000D4B4FF080525A6040BFBFF34F8FBFF345
:10A7B0006F8F003018BF01200028E2D022469DF89C
:10A7C00005109DF80400FFF70DF905B030BD00BF7E
:10A7D00038720020F0ED00E000ED00E038B58B7835
:10A7E00003F07F03082B06D90B4B1B68DB0700D552
:10A7F00000BE002038BD094A094B0C46204691781E
:10A800001D78002202F01EF80028EDD021462846CF
:10A81000BDE8384000F0F6BFF0ED00E0FC7100202C
:10A8200014610020CB09263301F07F010348044A5C
:10A8300003EB41010844116801F0BABFFC7100202C
:10A8400034720020CB09263301F07F010348044A0B
:10A8500003EB41010844116801F0D6BFFC710020F0
:10A860003472002038B5154C01F07F0504EB450427
:10A8700004EBD1142034A079C00706D5104B1B6817
:10A88000DA0700D500BE002038BDA5790D4845F097
:10A8900001050078A57101F0F1F80028F4D1A37941
:10A8A000074A60F30003A371A37960F38203A371E5
:10A8B0001368DB07E7D500BE38BD00BFFC71002080
:10A8C000F0ED00E014610020054B01F07F0203EB86
:10A8D000420303EBD11191F8260000F0010070470C
:10A8E000FC71002010B50C4B18780C4601F0C8F92B
:10A8F0000A4904F07F0301EB430101EBD41191F805
:10A90000263043F0020381F8263091F8263043F0D8
:10A91000010381F8263010BD14610020FC71002075
:10A92000054B01F07F0203EB420303EBD11191F8D9
:10A930002600C0F340007047FC71002010B50F4B9B
:10A9400018780C4601F036F80D4904F07F0301EB4E
:10A95000430101EBD41191F826306FF3410381F8E4
:10A96000263091F826306FF3000381F8263091F8F5
:10A9700026306FF3820381F8263010BD1461002069
:10A98000FC710020704700BF0A4630B4094C49688A
:10A9900005461068234603C30023C4E9023392F935
:10A9A00000209A422846ACBF802119461A4630BC86
:10A9B000FFF758BF40730020F0B50E462B4C496896
:10A9C00007463068A260254603C50021E181F5886D
:10A9D000AB4228BF2B4683B0A381ADB13BB3002A65
:10A9E0003DD094F90000402B28BF402300282CDBE9
:10A9F0001F4A3846FFF736FF98B91E4B1B68DB0726
:10AA000012D500BE03B0F0BD96F90030002BACBFEC
:10AA10008021002138462B462A46FFF723FF0028D5
:10AA2000EBD0012003B0F0BD002003B0F0BD94F9DD
:10AA30000020002AACBF194680211A463846FFF78D
:10AA400011FF0028D9D00120ECE7114608480193F6
:10AA50001A4606F043F8064A019B8021EEE7054BB3
:10AA60001B68D907E0D500BE1046CBE74073002035
:10AA700000730020F0ED00E0034B0022C3E9002248
:10AA8000C3E902221A61704740730020014B18612C
:10AA9000704700BF407300200346064A59680068AB
:10AAA00010B41346002403C3C2E902445DF8044B0A
:10AAB000704700BF4073002070B5404C2278C90930
:10AAC000B1EBD21F82B0064615D03BB13C4B1B68A0
:10AAD000DA0700D500BE002002B070BD2146FFF7A6
:10AAE00051FF2369002B40D022463046032198476E
:10AAF000012002B070BD94F90020A068002A08DB94
:10AB00000028E8D01A462F49019305F0E7FFA06816
:10AB1000019BE589E2881D44ADB21844AA42A060B9
:10AB2000E58101D03F2B23D8236923B1234A022199
:10AB30003046984788B194F9002000239A42ACBF70
:10AB40008021194630461A46FFF78CFE68B91C4B27
:10AB50001B68DB07BFD500BEBEE70146304601F0EB
:10AB60008FF83046802101F08BF8012002B070BDD3
:10AB7000A28994F90010531B9BB2402B28BF40239D
:10AB800000290ADB95424FF0000112D00D4A3046F1
:10AB9000FFF768FE0028DAD0E7E795420BD00146C0
:10ABA0001A460848019305F099FF8021054A019B48
:10ABB000EDE70A46EBE780210022E8E7407300203A
:10ABC000F0ED00E00073002000B1704704F07EBD9E
:10ABD00000B1704704F084BD0138C3B2042B07D81C
:10ABE00056230D4A03FB00F013181B79DB0706D42C
:10ABF0000A4B1B68DB0700D500BE00207047CB095D
:10AC0000363301F07F0103EB4101054B084410444A
:10AC1000196801F0CDBD00BF54730020F0ED00E0D5
:10AC2000047500200138C3B2042B07D856230A4A02
:10AC300003FB00F013181B79DB0701D400207047D9
:10AC4000CB09363301F07F0103EB4101034B08448C
:10AC50001044196801F0D8BD547300200475002019
:10AC6000F0B5441EE5B2042D83B017D8562505FB78
:10AC700004F5174E01F07F0405EB4404344404EB63
:10AC8000D1143034A779FF070BD5124B186810F098
:10AC9000010001D000BE002003B0F0BD002003B0D1
:10ACA000F0BD1F4613460A460146705DA579009720
:10ACB00045F00105A57100F0BDFB0028ECD1A3799A
:10ACC00060F30003A371A37960F38203A371E3E748
:10ACD00054730020F0ED00E02DE9F047764DAF7998
:10ACE0008F4284B091461E4604465BD0E2234FF06B
:10ACF000000AA9718DF809108DF80830ADF80CA084
:10AD0000002E00F0B380012103AF0DF10808FBF71E
:10AD10002DFE41463A4602232046FBF755FE51469A
:10AD20002046FBF723FE9DF80C30EB702223D9F868
:10AD300000908DF80730002E3ED020460121FBF711
:10AD400015FE3A460DF1070101232046FBF73CFEB4
:10AD50009DF80C30EB704946082300222046FBF793
:10AD600033FE20460021FBF701FE0026102241F2AF
:10AD7000F20320460121EA71ADF80830ADF80C600D
:10AD8000FBF7F4FD3A46414602232046FBF71CFE42
:10AD900031462046FBF7EAFD9DF80C30EB7004B01D
:10ADA000BDE8F087222303AF0DF10808D9F8009021
:10ADB0008DF80730002EC0D14FF0FF31E86D03F061
:10ADC0000FF931462046FBF70BFE20460121FBF729
:10ADD000CDFD3A460DF1070101232046FBF7F4FDB6
:10ADE0009DF80C30EB703246082349462046FBF7AD
:10ADF000EBFD31462046FBF7B9FD20460121FBF76C
:10AE0000EFFD334632463146E86D02F0A1FC1022D8
:10AE100041F2F2034FF0FF31E86DEA71ADF808300E
:10AE2000ADF80C6003F0DCF831462046FBF7D8FDA6
:10AE300020460121FBF79AFD3A460223414620466F
:10AE4000FBF7C2FD31462046FBF790FD204601216D
:10AE5000FBF7C6FD334632463146E86D02F078FC1A
:10AE60009DF80C30EB7004B0BDE8F0874FF0FF3177
:10AE7000E86D03F0B5F831462046FBF7B1FD03AFAE
:10AE8000204601210DF10808FBF770FD3A46022328
:10AE900041462046FBF798FD31462046FBF766FD0C
:10AEA00020460121FBF79CFD334632463146E86DD2
:10AEB00002F04EFC37E700BF087500202DE9F04F87
:10AEC0004B781D070E4685B090460978044662D13E
:10AED000DA0600F14881B26812B1B288002A5AD16C
:10AEE000E24D03F02006AB7966F07F068B42F6B2A6
:10AEF00000F06481E2230027A9718DF809108DF814
:10AF00000830ADF80C70B8F1000F00F06C82012130
:10AF100020460DF10C090DF1080AFBF727FD5146FB
:10AF20004A4602232046FBF74FFD39462046FBF7F1
:10AF30001DFD9DF80C30EB70F223EE718DF8096069
:10AF400000268DF80830ADF80C60B8F1000F40F025
:10AF5000D980E86D4FF0FF3103F042F841462046BA
:10AF6000FBF73EFD20460121FBF700FD4A46022388
:10AF700051462046FBF728FD41462046FBF7F6FCEC
:10AF800020460121FBF72CFD434642464146E86D31
:10AF900002F0DEFB45E0B54D13F02007AA7946D15B
:10AFA000914240F0BE800DF10C090DF1080AB37812
:10AFB00013F0100F0CBF10222022EA2300278DF877
:10AFC00009208DF80830ADF80C70B8F1000F00F0D2
:10AFD000FA8001212046FBF7C9FC02234A4651466C
:10AFE0002046FBF7F1FC39462046FBF7BFFC9DF8F5
:10AFF0000C30EB707378EB71F222012120468DF852
:10B0000009308DF80820ADF80C70FBF7AFFC514605
:10B010004A4602232046FBF7D7FC39462046FBF779
:10B02000A5FC9DF80C30EB7005B0BDE8F08F9142A7
:10B0300040F0A1800DF10C090DF1080AB37813F06E
:10B04000100F0CBF40228022EA2300278DF8092030
:10B050008DF80830ADF80C70B8F1000F00F0E48006
:10B0600001212046FBF782FC514602234A46204636
:10B07000FBF7AAFC39462046FBF778FC9DF80C301C
:10B08000EB7032882B899A422AD0B788F28873886D
:10B09000BF1ABFB25B099F4228BF1F4617F0FF07C8
:10B0A00040F008813A23AF708DF8097000278DF8C1
:10B0B0000830ADF80C70B8F1000F00F0D980012114
:10B0C0002046FBF753FC514602234A462046FBF735
:10B0D0007BFC39462046FBF749FC9DF80C30EB70B1
:10B0E00033782B7273786B727378EB71F2220026CF
:10B0F0008DF809308DF80820ADF80C60B8F1000F1C
:10B100003FF427AF20460121FBF730FC51464A4669
:10B1100002232046FBF758FC31462046FBF726FC6D
:10B120007FE7E223A9718DF80910ADF80C708DF856
:10B130000830B8F1000F00F0DE80012120460DF14B
:10B140000C090DF1080AFBF711FC51464A4602238F
:10B150002046FBF739FC39462046FBF707FC9DF8F3
:10B160000C30EB7023E7434606F10802FFF7B4FD0D
:10B1700005B0BDE8F08FE2230027A9718DF8091012
:10B180008DF80830ADF80C70B8F1000F00F0D980E0
:10B19000012120460DF10C090DF1080AFBF7E6FB31
:10B1A00051464A4602232046FBF70EFC394620460C
:10B1B000FBF7DCFB9DF80C30EB703FE70DF10C0961
:10B1C0000DF1080AB8E64FF0FF31E86D02F008FF14
:10B1D00041462046FBF704FC01212046FBF7C6FB55
:10B1E00002234A4651462046FBF7EEFB41462046E5
:10B1F000FBF7BCFB01212046FBF7F2FB434642462E
:10B200004146E86D02F0A4FA9DF80C30EB707378BB
:10B21000E86DEB71F2224FF0FF318DF80930ADF897
:10B220000C808DF8082097E64FF0FF31E86D02F0B2
:10B23000D7FE41462046FBF7D3FB20460121FBF712
:10B2400095FB4A46022351462046FBF7BDFB41468B
:10B250002046FBF78BFB20460121FBF7C1FB434651
:10B2600042464146E86D02F073FA07E70875002090
:10B270004FF0FF31E86D02F0B3FE41462046FBF788
:10B28000AFFB20460121FBF771FB4A4602235146E2
:10B290002046FBF799FB41462046FBF767FB20461B
:10B2A0000121FBF79DFB434642464146E86D02F013
:10B2B0004FFA12E712238DF80730D6F808B0B8F12C
:10B2C000000F64D020460121FBF750FB4A460DF1E8
:10B2D000070101232046FBF777FB9DF80C30EB704C
:10B2E00059463B4600222046FBF76EFB00212046D4
:10B2F000FBF73CFBD6E64FF0FF31E86D02F070FE45
:10B3000041462046FBF76CFB0DF10C09204601215C
:10B310000DF1080AFBF72AFB4A4602235146204654
:10B32000FBF752FB41462046FBF720FB204601215C
:10B33000FBF756FB434642464146E86D02F008FAE9
:10B340000DE74FF0FF31E86D02F04AFE414620461E
:10B35000FBF746FB0DF10C09204601210DF1080A0F
:10B36000FBF704FB4A46022351462046FBF72CFB21
:10B3700041462046FBF7FAFA20460121FBF730FB55
:10B38000434642464146E86D02F0E2F912E74FF0CB
:10B39000FF31E86D02F024FE41462046FBF720FB1A
:10B3A00020460121FBF7E2FA4A460DF1070101238D
:10B3B0002046FBF709FB9DF80C30EB7042463B46FC
:10B3C00059462046FBF700FB41462046FBF7CEFAE4
:10B3D00020460121FBF704FB434642464146E86D07
:10B3E00002F0B6F95EE64FF0FF31E86D02F0F8FDCD
:10B3F00041462046FBF7F4FA0DF10C0920460121E5
:10B400000DF1080AFBF7B2FA4A46022351462046DC
:10B41000FBF7DAFA41462046FBF7A8FA204601215D
:10B42000FBF7DEFA434642464146E86D02F090F9EA
:10B430007FE500BF2DE9F04102F07F0CBDF818E078
:10B44000D20981BBBCF1000F5ED13E4EA6F1600770
:10B450007178B47882F0010262F345110A466FF305
:10B46000041244F010017270B170B278B36003231B
:10B4700063F3030200258046A6F804E0B270F5806D
:10B480002846FFF7A1FBBC7AC4BB01252046BD724C
:10B49000FFF79EFB2246404631462C46FFF70EFD45
:10B4A0002046BDE8F08182F00108BCF1000F2ED0EB
:10B4B000254F01223C4604E00132142A04F10C0419
:10B4C00018D094F86C508D42F6D102EB420507EB90
:10B4D000850595F8615005F00F066645ECD1C5F37A
:10B4E0004015454504F16C06BFD00132142A04F121
:10B4F0000C04E6D100242046BDE8F0812846FFF781
:10B5000067FB2046BDE8F08182F00108D0E70E4FCE
:10B5100001243D4602E00134142CEBD095F86C6018
:10B520008E4205F10C05F6D104EB4406B60007EB9C
:10B53000060C9CF861C01CF00F0FECD160363E4445
:10B5400086E700BF687500200875002042DF70475D
:10B5500043DF704744DF704712DF7047F0B5334C6C
:10B56000BFF35B8F014604F590730125D3E84F2F9D
:10B57000C3E8405F0028F9D1BFF35B8F12F0FF0FE3
:10B5800048D1082929D04E01A21954F806C02848EC
:10B590009388284F01F5947601EB810E50F82660D0
:10B5A000D2889A1A93B2B6B200EB8E0209B2B342B5
:10B5B00028BF3346C2F800C707EB8100C2F8043742
:10B5C00047F82150BFF36F8FBFF34F8F1A4B98424C
:10B5D00018D0043B984215D0F0BD154BD3F8C024C9
:10B5E000D1030FD494F80B1161B11449D4F80001C0
:10B5F000C3F8A007C3F8A4270D60BFF36F8FBFF394
:10B600004F8FF0BD0023BFF35B8F84F82031BFF371
:10B610005B8FF0BD0A4B0B485A68C2F30802003238
:10B6200018BF0122BDE8F040FFF794B8587600201B
:10B630000070024028700240507002404870024082
:10B6400000ED00E0BDB60200174BBFF35B8F014673
:10B650000122D3E84F0FC3E84C2FBCF1000FF8D103
:10B66000BFF35B8F10F0FF0F14D10A60BFF36F8F31
:10B67000BFF34F8F0D4B994203D0043B994200D04A
:10B6800070470B4BBFF35B8F002283F82021BFF381
:10B690005B8F7047074B08485A68C2F308020032B4
:10B6A00018BF0122FFF756B878770020507002408B
:10B6B0005876002000ED00E049B60200F0B5334CAA
:10B6C000BFF35B8FC1B204F590730126D3E84F2F0F
:10B6D000C3E8406F0028F9D1BFF35B8F12F0FF0F72
:10B6E00047D1082928D04D01621954F805E02848AF
:10B6F0009388DFF8B0C001F5947550F82570D288B2
:10B700008D009A1A93B2BFB26A1800EB8202BB4254
:10B7100028BF3B46C2F800E76544C2F804374CF83E
:10B720002160BFF36F8FBFF34F8F1A4B9D4218D02C
:10B73000043B9D4215D0F0BD154BD3F8C024D10376
:10B740000FD494F80B1161B11349D4F80001C3F878
:10B75000A007C3F8A4270E60BFF36F8FBFF34F8F0E
:10B76000F0BD0023BFF35B8F84F82031BFF35B8F04
:10B77000F0BD0A4B0A485A68C2F30802003218BFEB
:10B780000122BDE8F040FEF7E5BF00BF587600207B
:10B7900000700240507002404870024000ED00E02E
:10B7A000BDB602002870024001207047014B802284
:10B7B0005A60704700E100E0074BD3F80014D3F85B
:10B7C000002400200A434FF48001C3F80024C3F88A
:10B7D0005801C3F80413704700700240074B4FF440
:10B7E000001229B9C3F80823054B83F821117047CB
:10B7F000C3F80423024B83F8211170470070024004
:10B800005876002070B48A788C88414EC97802F04E
:10B810007F03D50905EB430006EB001001F003019F
:10B82000C4F30A04012904812BD0012101FA03F495
:10B83000BDB1384802339940C0F80413D0F8103530
:10B840002343C0F81035334B42F48071C3F81825F8
:10B85000C3F80C15BFF36F8FBFF34F8F012070BC7F
:10B8600070472C4803F10C06B140C0F80413D0F81F
:10B87000141503F594730C43C0F8144540F8235095
:10B88000E1E7082B08D0244B186810F00100E6D03F
:10B8900000BE002070BC7047EDB9B6F818311BB17E
:10B8A0001C4B8022C3F81C251A4A0023C2F85031D1
:10B8B000D2F8003313F4001308BFC2F85431154B0B
:10B8C0004FF44012C3F80423D3F8142542F48072D5
:10B8D000C3F81425BEE7B6F808210E4B0021C3F8C3
:10B8E0002C1112B18022C3F81C250A4AD2F8003369
:10B8F00013F4001308BFC2F85431064B074AC3F8CB
:10B900000423D3F8102542F48072C3F81025A1E770
:10B910005876002000700240F0ED00E000082000A2
:10B920001F4B80222DE9F041C3F88420BFF34F8FD5
:10B93000BFF36F8F01241B4D1B4FA0460026A300B1
:10B9400004F10C02A11C03F1804303F51C3308FA37
:10B9500001F108FA02F20A43C7F8082328465E609C
:10B96000013420229E62002105F0DCF8082C05F14C
:10B970002005E4D10D4BC7F808332022C7F81C6519
:10B9800000217E620A48BE6405F0CCF8C7F8148531
:10B99000C7F81085024B80225A60BDE8F08100BFD5
:10B9A00000E100E0787600200070024000083000DE
:10B9B0005877002001F07F02082A70B44FEAD111B5
:10B9C00028D0012303FA02F0C043B1B1294C951CE1
:10B9D000AB40C4F80833D4F81055274B2840C4F8BE
:10B9E000100501EB420103EB01110023CB72BFF301
:10B9F0006F8FBFF34F8F70BC70471E4C02F10C0568
:10BA0000AB40C4F80833D4F814551B4B2840C4F895
:10BA10001405E6E7184B03EB01100024A0F80841D9
:10BA20001448D1B14FF40064C0F80843D0F8104571
:10BA300024F48074C0F81045B3F81841B3F80851E5
:10BA40000C48EC424FF0000608BF4FF40014C0F859
:10BA50001C6508BFC0F80843C3E74FF48014C0F862
:10BA60000843D0F8144524F48074C0F81445C0F895
:10BA70005011E1E7007002405876002001F07F008D
:10BA80004FEAD11CF0B50CEB4005744E2D0177192F
:10BA900085B0FC7A4CB1724B1C6814F0010401D0E3
:10BAA00000BE0024204605B0F0BD04F0FF0E725128
:10BAB000BB80A7F806E0002843D1002B57D0BCF18B
:10BAC000000F00F08E8006EB401100EB8003CD8A62
:10BAD0008A8A0C8B0969521B9B0092B203F1804346
:10BAE00003F51C33A24228BF22465E4DC3F8001660
:10BAF00000B2C3F804265C4BBFF35B8F05EB8001FB
:10BB00000122D3E84F4FC3E8472F002FF9D1BFF3ED
:10BB10005B8FE4B2002C40F0908045F82020BFF30A
:10BB20006F8FBFF34F8F514B994202D0043B994224
:10BB300019D1BFF35B8F002386F82031BFF35B8FF1
:10BB400011E0BCF1000FBED106EB40160123F372E9
:10BB5000BFF36F8FBFF34F8FB37A23B1F37A03F044
:10BB6000FF04002B74D10124204605B0F0BD404AEB
:10BB7000D2F88024C2F3C0126245A0D03D4D6A685D
:10BB80008DF80810C2F3080100314FF4E06218BFCD
:10BB9000012101A803938DF80930ADF80420FEF7C8
:10BBA00055FCBFF35B8F06F590720123D2E84F1F5F
:10BBB000C2E8403F0028F9D1BFF35B8FCCB2002C24
:10BBC00038D12A4A1360BFF36F8FBFF34F8F1C46E3
:10BBD000BFF35B8F204686F82011BFF35B8F05B063
:10BBE000F0BD0123204AF372BFF35B8FD2E84F4FC1
:10BBF000C2E8413F0029F9D1BFF35B8FE4B26CB9D1
:10BC00001D4A1360BFF36F8FBFF34F8FBFF35B8F7E
:10BC100086F820C11C46BFF35B8F43E7154B1649DE
:10BC20005A681648C2F30802003218BF0122FEF714
:10BC300091FD37E76A680D49F3E70E4B0F485A68E4
:10BC4000C2F30802003218BF0122FEF783FD29E784
:10BC500086F80AC0FFF782FC24E700BF5876002070
:10BC6000F0ED00E004700240787700205070024050
:10BC70000070024000ED00E04C70024049B6020046
:10BC800011F07F0008B512D008280BD00E4B41F4FC
:10BC90008072C909C3F8182504D10C4B03EB40137B
:10BCA0009A7A62B9BFF36F8FBFF34F8F08BD064B0F
:10BCB00001225A65BFF36F8FBFF34F8F08BD997292
:10BCC000FFF74CFCEEE700BF007002405876002002
:10BCD00011F0770F12D00A4B41F48072C3F80C15A3
:10BCE000C3F80C25CA09C3F8181504BF01F59471EF
:10BCF00043F82120BFF36F8FBFF34F8F704700BF12
:10BD0000007002402DE9F04FA54BA64CD3F800037C
:10BD100000238BB01E461F46012520FA03F11A1995
:10BD2000C9074FEA820209D5116839B105FA03F152
:10BD300017600E43BFF36F8FBFF34F8F0133192B83
:10BD4000EBD1F20700F13582974D330508D5944BBE
:10BD5000D3F8A83601229BB2A5F8163185F81C212C
:10BD6000B70206F4800424D58D4BD3F81425D005F2
:10BD700040F1FC81002C00F0A182D3F80024D2070E
:10BD800040F19C82D3F81035DA0540F1FB8195F83B
:10BD90001C3107AF002B40F0BD82814BD3F820351A
:10BDA000089338464FF440730121ADF81C30FEF77C
:10BDB0004DFB04B37A4AD2F8004440F201732340A9
:10BDC000C2F80034E30500F15682670510D5744BC4
:10BDD0000122C3F808259A65D3F8002312F4001253
:10BDE00008BFC3F854216E4B4FF40012C3F804236C
:10BDF000A00500F1358231023DD5694BD3F880C4EE
:10BE0000D3F88414D3F888E4D3F88C74D3F89084EE
:10BE1000D3F89444D3F89804D3F89C245FFA8CF3B5
:10BE20005FFA80FCD0B25A06C9B25FFA8EFEFFB24A
:10BE30005FFA88F85FFA84F901D105291BD0002444
:10BE4000224668F3070263F3070461F30F2469F3E2
:10BE50000F226EF317446CF3174260F31F6267F30F
:10BE60001F644FF4C063012107A8CDE90842ADF873
:10BE70001C30FEF7EBFA4D4B3340002B40F0918124
:10BE8000DFF82491464F4D46CA4609F590780024C4
:10BE90001DE02B44DA7A002A00F0D781DA88AAF86C
:10BEA00004200022DA72D98809914FF4E06301215D
:10BEB00007A88DF820B08DF82120ADF81C30FEF7D2
:10BEC000C5FABBF1080F47D001340AF1200A04F18A
:10BED0000C0326FA03F3DB075FFA84FBF1D504EBCE
:10BEE000840307EB8303DAF80020D3F80807630123
:10BEF00012FA80F2E918CAF80020CA8880B2024417
:10BF000092B2082CCA80C4D0BAF808208242C0D1AC
:10BF1000CA88BAF804109142BBD9BBF1000FD0D146
:10BF20000122BFF35B8FD8E84F3FC8E8412F0029BB
:10BF3000F9D1BFF35B8F13F0FF0F40F052821C4921
:10BF40000A60BFF36F8FBFF34F8FBFF35B8F85F82E
:10BF50002031BFF35B8FB7E7164B3340002B00F067
:10BF600002810F4BD3F86C240192C3F86C24BFF309
:10BF70006F8FBFF34F8F16F4806600F06E81D3F899
:10BF80008024D3F8803483F08003C3F3C013059377
:10BF9000C2F3C0130493DFF808A00024A84613E0FE
:10BFA00000700240409C001058760020FCFB1F00EF
:10BFB0004C70024000040001002C00F0F281072EBA
:10BFC00052D0013409F120090199E14004EB8403C6
:10BFD000C9070AEB830308EB4412E6B2ECD5D3F8A9
:10BFE0000816D9F81070C9B20F44C9F81070D08A79
:10BFF000014489B2D182A849D08AB9F81450611895
:10C000008900854202914FF0010C66F07F01039197
:10C010004FF4E06B4FF0000E614607A840F2B48089
:10C02000D18AB9F81820C3F800766D1AADB29542DE
:10C0300028BF1546994AC3F80456BFF35B8FD2E870
:10C040004F3FC2E841CF0029F9D1BFF35B8F13F016
:10C05000FF0F40F0ED80029BC3F800C0BFF36F8F6D
:10C06000BFF34F8F072EACD1019BDB03454601D4B4
:10C07000059B43B1EB7A23B1EB88AA889A4200F280
:10C0800071810123AB72019B9F030BD595F82B3077
:10C0900023B1EB8CAA8C9A4200F28881012385F8A7
:10C0A0002A30019B5E030DD595F84B3033B1B5F8BE
:10C0B0004630B5F844209A4200F27D81012385F88C
:10C0C0004A30019B1C030DD595F86B3033B1B5F8A0
:10C0D0006630B5F864209A4200F27E81012385F82B
:10C0E0006A30019BD8020DD595F88B3033B1B5F885
:10C0F0008630B5F884209A4200F23881012385F811
:10C100008A30019B99020DD595F8AB3033B1B5F863
:10C11000A630B5F8A4209A4200F22D81012385F8BB
:10C12000AA30019B5A020DD595F8CB3033B1B5F842
:10C13000C630B5F8C4209A4200F22281012385F866
:10C14000CA30019B1B020ED595F8EB30002B00F096
:10C15000F380B5F8E630B5F8E4209A4240F2EC807E
:10C160000720FFF7FBF90BB0BDE8F08FD3F81025DF
:10C17000D1053FF50CAE95F821211AB94FF4001204
:10C18000C3F8082307AF08E6D38A09939DF80C305B
:10C19000ADF81CB08DF820308DF821E0FEF756F98F
:10C1A0000DE70023BFF35B8F85F82031BFF35B8F72
:10C1B00066E63B4B3B4A3C4D3C4800240127C2F815
:10C1C0001475C2F81075546094625C609C629C6047
:10C1D000DC62DC601C631C615C635C619C639C6171
:10C1E000DC63DC611C6454629464C2F85841D2F888
:10C1F0000034D2F800140B43C2F80034D2F80033F4
:10C20000C2F808332146C2F8040328464FF492725C
:10C2100004F088FC40234FF48072394607A82B8332
:10C220002B818DF82040ADF81C20FEF70FF98CE52E
:10C230001F4B20485A680299C2F30802B2EB0E0263
:10C2400018BF0122FEF786FAB9E61B4B1B68D80718
:10C2500089D500BE0BB0BDE8F08FCDE904669AE643
:10C2600000220523012107A88DF81C208DF81D3020
:10C27000FEF7ECF8BFE50121C2F82C1504230022DB
:10C2800007A88DF81C208DF81D30FEF7DFF8670534
:10C290007FF5AEAD9BE500BF019C001078770020D4
:10C2A0000470024000700240587600200514C0015E
:10C2B00000ED00E049B60200F0ED00E04F4BBFF3A7
:10C2C0005B8F0122D3E84F1FC3E8402F0028F9D12C
:10C2D000BFF35B8F11F0FF0F32D1494BD3F8C0048D
:10C2E000C70352D495F80B1101F0FF07002967D05E
:10C2F0004449D5F80071C3F8A077C3F8A4070A60D1
:10C30000BFF36F8FBFF34F8FD3F81035D8053FF5CC
:10C310003EAD37E7B5F816310993002285F81C21A8
:10C3200088234FF4E06238460121ADF81C20ADF8B7
:10C330002030FEF78BF830E5012385F8EA3012E76C
:10C34000314B32485A68C2F30802003218BF01224A
:10C350000821FEF7FFF92A4BD3F81035DB053FF52E
:10C3600016AD0FE70020FFF7F9F88CE60420FFF781
:10C37000F5F8019BC6E60520FFF7F0F8019BD1E632
:10C380000620FFF7EBF8019BDCE6BFF35B8F85F837
:10C390002011BFF35B8FD3F81035DF053FF5F7AC05
:10C3A000F0E6049900293FF40CAE18E60120FFF7EF
:10C3B000D5F8019B76E60220FFF7D0F8019B81E6D5
:10C3C000BFF35B8F85F82071BFF35B8FD3F8103517
:10C3D000D9053FF5DCACD5E60320FFF7BFF8019B9C
:10C3E00080E6094B0A485A680A49C2F3080200323B
:10C3F00018BF0122FEF7AEF966E500BF787700208E
:10C40000007002404870024000ED00E0BDB602003E
:10C4100049B602004C70024030B5012885B000F0EA
:10C420009F8057D3022840D1BA4BD3F80435002B54
:10C4300040F0D780B74AD2F800341C05FBD54FF442
:10C440000063C2F80034BFF36F8FBFF34F8FB24A5F
:10C45000B24B12681B68082A00F0D780AD4BB04D74
:10C4600080240122C3F81C45C3F80423C5F8844185
:10C47000FDF7D8FA002840F0F880AA4D43F20404F2
:10C480004FF080432268AA4211D0D3F80C14D3F89D
:10C490000C24D003F6D5CA07F4D59E4B0122C3F86D
:10C4A0000425BFF36F8FBFF34F8F05B030BD04AAD3
:10C4B000002102F80C1D1046FFF74EF89DF804000D
:10C4C0000028E2D010460191FFF744F8019A002AB3
:10C4D000D8D0E2E78F4BD3F80025002AE5D14FF4FE
:10C4E00080014FF40062C3F80813C3F80024BFF3BF
:10C4F0006F8FBFF34F8F884B1B68082B00F0B780FE
:10C50000844B0122C3F80025BFF36F8FBFF34F8F19
:10C5100043F2040203F18D5303F57723126803F20B
:10C52000DB539A4200F0CA804FF08043D3F80C24CA
:10C53000D3F80C34D90301D5D207B6D443F20402A0
:10C54000784B12689A4200F01881774B00221A60EB
:10C550001B6801934FF08043012201991A60A4E700
:10C560006C4BD3F80025002A9FD00022C3F8042585
:10C57000BFF36F8FBFF34F8F69498020C1F88400EC
:10C58000BFF34F8FBFF36F8FD3F80013C3F80813B7
:10C59000C3F80025BFF36F8FBFF34F8F43F2040141
:10C5A00003F18D5303F57723096803F2DB539942B6
:10C5B00000F0998001AB5D4A012111605C4A51682D
:10C5C000C1F30801003118464FF000024FF002039A
:10C5D00018BF01218DF804208DF80530FDF736FFD6
:10C5E00063E743F204024F4B12689A4200F0B080B6
:10C5F0004FF08043D3F80C24D3F80C34DB037FF5E1
:10C6000019AFD5077FF516AF4FE7032B0AD8494A74
:10C610001168002940F09880474C49F2753010604D
:10C62000216010605A1E022A10D8424A116800295F
:10C6300067D1424D3848394B00681B6849F2753460
:10C6400014602960146008287FF408AF032B3FF6BC
:10C6500005AF3B493B4B40F2E370402208601A6053
:10C66000BFF36F8FBFF34F8FF8E66C6005E72B4B7E
:10C670001B685A1E022A12D82E4B1A68002A40F054
:10C680008E802E4949F2753203201A6008601A60C4
:10C69000214A224B12681B68082A7FF431AF032B12
:10C6A0003FF62EAF234B1A68002A74D1224949F273
:10C6B0007532C0201A6008601A6021E704AB0022BE
:10C6C00003F80C2D1846FEF747FF9DF804100029CB
:10C6D0003FF42AAF18460192FEF73CFF019B002B66
:10C6E0007FF4E3AE2AE704AB03F80C2D1846FEF7FF
:10C6F00033FF9DF80420002A3FF45DAFFEF728FFCA
:10C700005CE70549054B0D4A08681B68002111606C
:10C7100099E700BF007002403001001034010010A2
:10C7200000E100E0DBE5B151000100400400004001
:10C7300000ED00E000EC064014EC064014ED06406D
:10C740000078024004780240174A0021116069E72E
:10C7500004AB002203F80C2D1846FEF7FDFE9DF8F1
:10C76000041000293FF444AF18460192FEF7F2FE90
:10C77000019B002B7FF499AE5CE604A8002300F82F
:10C780000C3DFEF7E9FE9DF80430002B3FF4DDAED2
:10C79000FEF7DCFE89E6044BC0221A60B0E6034BCC
:10C7A00003221A6074E700BF14EC064014ED064043
:10C7B000F8B5037813F0010405D10678C6F38006B6
:10C7C00026B12046F8BD00242046F8BD0F46054698
:10C7D0004FF0FF31384601F003FC2A7812F00104D3
:10C7E0000FD12B785B0704D42B7843F004032B7014
:10C7F0000124002338461A46194600F0A9FF2046B6
:10C80000F8BD3446F5E700BF70B505460E4608464C
:10C810004FF0FF3101F0E4FB2878C0F3800444B905
:10C820000024002330461A46194600F091FF2046A6
:10C8300070BD2B7813F00102F2D12B7862F38203E2
:10C840002B70EEE710B4C378848803F00303022B47
:10C85000C4F30A0426D019D8012B04D000231846AB
:10C860005DF8044B7047022940F2FF3208BF4FF4D5
:10C870008062A242F3D21A4B1B6813F00103EED080
:10C8800000BE002318465DF8044B7047022914BF10
:10C8900040234FF48063A342EDD3012318465DF893
:10C8A000044B704702290BD012B1B4F5007F11D0B0
:10C8B000A4F108039BB2182B06D9402CEDD0DAE77F
:10C8C000B4F5007FD7D1E8E7064A22FA03F3DB0785
:10C8D000D1D5E2E700244021134644710171BEE73F
:10C8E000F0ED00E0010100010A44914216D230B49B
:10C8F0004C78052C05D00C7821448A42F8D830BCFD
:10C9000070478C7804F07F0500EB4505E4092B5552
:10C910000C7821448A42EBD830BC7047704700BF86
:10C920002DE9F04182B00678089DBDF8247000938F
:10C9300061F300060446294600F8086B01231646F9
:10C940003A46BDF82C80FCF76DFE05B13FB90A9B55
:10C9500063600120A4F8028002B0BDE8F08104F118
:10C960001C01012001F0CEF826B903463046C4E987
:10C970000503ECE70023FAE710B50446406908B167
:10C9800001F0E4FCA06908B101F0E0FC012010BD59
:10C99000F0B50B460D4613F8081B83B011F0020FDB
:10C9A0000746184640F2FF130CBF3F241C461646AC
:10C9B000FCF774FEE8B9E6B126421AD12B78697803
:10C9C000DA07384618D5FEF707F990B12B78697861
:10C9D00013F0010313D000233846CDE900331A4683
:10C9E000FEF73EF930B9084B1B68DB0701D500BEE6
:10C9F00000E0002003B0F0BDFDF714FFE5E7384686
:10CA00001A46FDF72FFFEDE7F0ED00E070B501F1FC
:10CA1000080582B0064628460C46FCF73FFE38B1B2
:10CA200023786178DB07304605D5FEF7D5F830B9B5
:10CA3000002002B070BDFDF7F5FE0028F8D02846B2
:10CA400062886168FCF754FE054690B123786268FD
:10CA50006178D80717D50023CDE9003330462B463F
:10CA6000FEF7FEF8B0B90C4B1B68DB07E0D500BE43
:10CA7000DFE72078617810F00104304608D1FDF737
:10CA8000E1FE2046D5E730462B46FDF7EBFEE9E711
:10CA9000FEF7C8F82846CCE7F0ED00E02DE9F041BC
:10CAA0008A890B7882B00C460646E2B9DD074978E0
:10CAB00057D5FEF791F800284FD022786388617827
:10CAC000D20751D5002B5DD0626800253046CDE9F4
:10CAD0000055FEF7C5F800284DD1374B1B68DB0722
:10CAE0003BD500BE3AE003F0020301F10808002B39
:10CAF00040460CBF40274FF40077304D08BF6FF021
:10CB00003F05FCF7E3FD874227D823786178DB07F0
:10CB1000304634D5FEF760F8F8B14046FCF7D6FD54
:10CB2000874233D805EA000265882378617890B29D
:10CB3000854228BF0546DA0732D5002D37D0626816
:10CB40000023CDE9003330462B46FEF789F8002854
:10CB5000C3D0284602E0FEF765F8002002B0BDE829
:10CB6000F081FDF75FFEA6E773B162683046FDF71E
:10CB700079FE0028B1D0608802B0BDE8F081FDF7F1
:10CB800051FEC9E71A46A0E71A46EFE72078617818
:10CB900010F001043046DED1FDF754FE2046DDE7FB
:10CBA0003DB1626830462B46FDF75CFECFE72A4672
:10CBB000C6E72A46F6E700BFF0ED00E000FEFFFF03
:10CBC00010B54FF4E1311E481E4CF9F7E7FC012186
:10CBD0001E2003F02FFC01211E2003F0AFFC642077
:10CBE00000F02AFD00211E2003F0A8FC642000F0C4
:10CBF00023FD01211E2003F0A1FC642000F01CFD98
:10CC00000121192003F016FC0121192003F096FCE4
:10CC100001211D2003F00EFC01211D2003F08EFCDC
:10CC20000021172003F006FC20461321152200F0F6
:10CC3000F5FB20464FF41651BDE8104000F0D8B97E
:10CC4000206300203878002038B50F4C0F4D05E0E8
:10CC500000F058F9C1B22846F9F76AFC204600F006
:10CC600049F900282046F3DC084C074D05E0F9F7A8
:10CC700065FBC1B2284600F069F92046F9F738FB98
:10CC800000282046F3DC38BD3878002020630020DF
:10CC900010B483B002AB03E906009DF805309DF89F
:10CCA0000410026813F1FF3318BF01230024022986
:10CCB000C2F800451C460374C17332D003292DD03D
:10CCC000012925D0224B0099B3FBF1F3B3F5007F86
:10CCD000C2F854451FD2FF2B0FD87F2B24D83F2BEF
:10CCE00025D81F2B26D80F2B27D8072B02D8194958
:10CCF0008A4225D04FF0004101E04FF080610723C8
:10CD0000C2F82415C2F8003503B05DF8044B704733
:10CD100043F00204D6E74FF00071F0E743F0060459
:10CD2000D0E743F00404CDE74FF00061E7E74FF0B0
:10CD30008051E4E74FF00051E1E74FF08041DEE73A
:10CD4000042B34BF4FF0A0514FF02061D7E700BF54
:10CD50000090D00300F0024003680022C3F80025D1
:10CD6000704700BF002B3AD02DE9F047814684B0D0
:10CD70000D4617461E464FF6FF784FF0000A46450F
:10CD8000344628BF4446002D14BF23460023009597
:10CD90000297361B01938FB10022694648460394DF
:10CDA00002F068FF05B125442744002EE7D104B006
:10CDB000BDE8F087CDE900550295361B0022694693
:10CDC0004846CDF80CA002F055FF4DB94645344613
:10CDD00028BF4446002EEDD104B0BDE8F08770476F
:10CDE0002544002ECBD1E2E730B40B4A0B4BD2F8EE
:10CDF000B840D2F8BC00D2F8B4101C730022012451
:10CE0000074D1C7198735973DA731A741D605A7444
:10CE10009A6030BC704700BF2C3103007C77002043
:10CE200000F0024008B50121272003F003FB272072
:10CE300003F0A0FB2520012103F0FCFA2520BDE82A
:10CE4000084003F097BB00BF90F8A300704700BFF5
:10CE500038B590F99D30002B04460DDB5A0920327D
:10CE60000121234803F01F0301FA03F340F82230A5
:10CE7000BFF34F8FBFF36F8F23694FF48872C3F8EE
:10CE8000082322690023C2F844312269C2F85831CC
:10CE90002269012353602269D36001E003F01AF98B
:10CEA0002369D3F85821002AF8D0D3F84421002A66
:10CEB000F4D00025C3F8005522694FF0FF33C2F8C3
:10CEC0000C352269C2F814352269C2F80835226986
:10CED00004F11400C2F8103503F07AFBD4F8A40072
:10CEE00001F034FAC4F8A45084F8A35038BD00BF50
:10CEF00000E100E0143003F07DBB00BF143003F00C
:10CF00007FBB00BF143003F067BB00BF08B5D0F88B
:10CF1000A40001F011FA002814BF4020002008BD31
:10CF200090F8A33003B9704710B54FF0FF310446B5
:10CF3000D0F8A40001F054F80023D4F8A4001A4655
:10CF40001946BDE8104000F003BC00BF10B50368EF
:10CF5000104A5B6882B093428DF8071013D10446E3
:10CF60004FF0FF31D0F8A40001F03AF822699DF8A3
:10CF7000073084F85D300123C2F84835226918462D
:10CF8000936002B010BD01220DF10701984702B075
:10CF900010BD00BF99CF02002DE9F0471AB3174624
:10CFA0008846064600F15D0A00254FF001097C1B0A
:10CFB000402C28BF40244FF0FF31D6F8A40001F0E8
:10CFC0000FF808EB05012246504603F087FD336950
:10CFD000C3F8484533692544AF42C3F80890E6D802
:10CFE0002846BDE8F08715462846BDE8F08700BF13
:10CFF00070B504687D4A246A944240F0B68090F887
:10D00000A3200346002A40F0AF800D46016990F846
:10D010009F00C1F80C05196993F89E00C1F814052A
:10D0200093F8A210012900F0AF801969C1F86C25AE
:10D03000B5F5966F45D9B5F5166F40F29B80B5F5FD
:10D04000965F40F2AF80B5F5165F40F2AD80B5F562
:10D05000615F40F2AB80B5F5964F40F2A980B5F51F
:10D06000E14F40F2A78047F61222954240F2A48099
:10D07000B5F5164F40F2A3804DF6C022954240F21E
:10D08000A180B5F5614F40F2A080B5F5963F40F222
:10D090009F80B5F5E13F40F2A080B5F5613F40F2D9
:10D0A0009980534A954240F29E80B5F5E12F40F2B7
:10D0B0009780B5F5612F8CBF4FF080524FF07062B2
:10D0C00001E04FF49E221969C1F824251A6908214C
:10D0D000C2F800151A6903F15D01C2F844151A6916
:10D0E0000021C2F820111A6903F15C01C2F834155D
:10D0F0001A690121C2F838151A6911601A694FF4CA
:10D100008870C2F8040393F99D20002A35DB540986
:10D11000603402F01F02374801FA02F240F824207E
:10D1200093F99D20002A28DB0244602182F8001335
:10D1300093F99D20002A07DB2E4802F01F040121ED
:10D140005209A14040F822100322002101201C4670
:10D1500000F0BCFA00231A461946C4F8A40000F0F7
:10D16000F7FA012384F8A33070BD23460022BDE8FE
:10D17000704018474FF41D22A5E71F4902F00F0227
:10D18000114460220A76D3E71A6993F8A000C2F826
:10D1900010051A6993F8A100C2F808051A69C2F8C7
:10D1A0006C1545E7154A8EE7154A8CE7154A8AE75C
:10D1B000154A88E7154A86E74FF4000283E74FF4E3
:10D1C0001D0280E74FF465027DE74FF46B027AE7BA
:10D1D0000F4A78E74FF06C7275E74FF0EB7272E729
:10D1E0004FF0E8626FE74FF080626CE715D2020003
:10D1F00090D0030000E100E0FCEC00E000B0130080
:10D200000050270000F03A0000A04E0000C075005A
:10D2100000903A0190F8A330002B5BD110B5036960
:10D2200090F89F40C3F80C45036990F89E40C3F8FE
:10D23000144590F8A230012B036900F0A080C3F8D8
:10D240006C25B1F5966F46D9B1F5166F40F2A68000
:10D25000B1F5965F40F2AC80B1F5165F40F2AA805E
:10D26000B1F5615F40F2A880B1F5964F40F2A6801B
:10D27000B1F5E14F40F2A48047F61223994240F203
:10D28000A180B1F5164F40F2A0804DF6C02399421F
:10D2900040F29E80B1F5614F40F29D80B1F5963F1E
:10D2A00040F29C80B1F5E13F40F29A80B1F5613FD8
:10D2B00040F29980504B994240F29B80B1F5E12FAA
:10D2C00040F29480B1F5612F8CBF4FF080534FF046
:10D2D000706302E070474FF49E230269C2F8243560
:10D2E00003690822C3F80025036900F15D02C3F851
:10D2F000442503690022C3F82021036900F15C0280
:10D30000C3F8342503690122C3F8382503691A607C
:10D3100003694FF48871C3F8041390F99D30002B12
:10D320003FDB5C09603403F01F03344902FA03F366
:10D3300041F8243090F99D30002B32DB0B44602201
:10D3400083F8002390F99D30002B07DB2B4903F075
:10D350001F0401225B09A24041F823200446032256
:10D360000021012000F0B2F900231A461946C4F842
:10D37000A40000F0EDF9012384F8A33010BD90F86B
:10D38000A040C3F81045036990F8A140C3F80845D0
:10D39000036942F00102C3F86C2552E74FF41D23E4
:10D3A0009BE7174A03F00F031A4460231376C9E77B
:10D3B000144B92E7144B90E7144B8EE7144B8CE719
:10D3C000144B8AE74FF4000387E74FF41D0384E70B
:10D3D0004FF4650381E74FF46B037EE70E4B7CE768
:10D3E0004FF0EB7379E74FF06C7376E74FF0E8633B
:10D3F00073E74FF0806370E790D0030000E100E036
:10D40000FCEC00E000B013000050270000F03A00F0
:10D4100000A04E0000C0750000903A01044B53F884
:10D42000211080F89E1053F8223080F89F3070470A
:10D430002C31030010B5114C2369D3F810213AB1F7
:10D440000022C3F81021D3F83C2572B901221A60DA
:10D45000D3F8202102B910BD0021D4F8A400C3F8EC
:10D460002011BDE8104000F0FDBB94F85C1004F101
:10D47000140003F09FF82369E8E700BF90770020CD
:10D4800010B5114C2369D3F810213AB10022C3F82A
:10D490001021D3F83C2572B901221A60D3F820215B
:10D4A00002B910BD0021D4F8A400C3F82011BDE8D2
:10D4B000104000F0D7BB94F85C1004F1140003F0A6
:10D4C00079F82369E8E700BF387800202DE9F843B0
:10D4D0001D4D1E4CDFF884901D4F284600264FF44A
:10D4E0007A7840F8149BC5E9016803F059F8C4E95B
:10D4F00001682046174B2B610223D7F8842085F85A
:10D500009D3040F8149BD7F8883085F89E2085F828
:10D510009F3085F8A260C5F8A46085F8A36003F089
:10D520003FF80D483A6ABB6984F8A2602821C4F824
:10D53000A46084F8A360206184F89D1084F89E2084
:10D5400084F89F30BDE8F883907700203878002079
:10D550002C3103000020004000800240F431030021
:10D5600008B50E4B1BB10E48F8F7C2FE90B90D4B33
:10D570001BB10D4803F03EF848B90C4B1BB10C48E9
:10D5800003F038F800B908BDAFF3008008BDAFF371
:10D590000080F2E7AFF30080E9E700BF0000000081
:10D5A0002063002000000000A4770020000000009D
:10D5B0004C7800202DE9F0431B4B1C4FD3F804633B
:10D5C000DFF86C80DFF86C9085B000240123A200A6
:10D5D000A34002F18045334205F5C0450FD0D5F890
:10D5E000003163B1E357013306D052F808201AB175
:10D5F00014F809307BB990470023C5F80031013495
:10D60000082CE3D1BFF34F8F00BF00BF00BF00BFA6
:10D6100005B0BDE8F08304AB002143F8041D0846C3
:10D62000009102F031FEE7E7006000400879002039
:10D63000E8780020E0780020014638B54FF47A728F
:10D6400000238002890D03F081F8054601F0F6F908
:10D650000446F8F73DFE01F0F1F9001B854200D8C1
:10D6600038BD281ABDE8384001F00CBB38B51C465F
:10D670009DF8105043B3002908BF1A460123C4E99E
:10D680000F01226084F8463002F020F8D4E90F132D
:10D690002268A26001FB03F1CB1A134400200A4464
:10D6A000FF21A063E36084F84410626084F84510B1
:10D6B00004F1100002F0ACFF04F1240002F0A8FF16
:10D6C00002F00EF884F84C50204638BDF8B50746F5
:10D6D00015460E4669B100FB01F0503003F016F814
:10D6E000044690B3002200F1500380F84620036006
:10D6F00007E0502003F00AF8044630B384F846608F
:10D700002460C4E90F7601F0E1FFD4E90F13226829
:10D71000A26001FB03F1CB1A134400200A44FF214D
:10D72000A063E36084F84410626084F8451004F15B
:10D73000100002F06DFF04F1240002F069FF01F017
:10D74000CFFF84F84C502046F8BD00242046F8BD99
:10D750002DE9F04F044685B01D460192884601F040
:10D76000B5FFA26BE36BA84F4FF000099A424E46FB
:10D77000C0F08B80022D00F006810198002800F097
:10D780003081B9F1000F00F0958001F0A9FF01F0A0
:10D790004DF901F09BFF94F84430FF2B08BF84F84B
:10D7A000446094F84530FF2B08BF84F8456001F0D1
:10D7B00097FF01A902A801F067FC002840F018813A
:10D7C00001F084FFA26BE36B9A4277D001F088FFEF
:10D7D00001F07CFF94F845304FFA83FABAF1000F5C
:10D7E0001ADD636AC3B104F1240907E00AF1FF33CB
:10D7F000DBB24FFA83FA7BB1636A6BB1484601F042
:10D80000E9FB0028F2D001F077FC0AF1FF33DBB22C
:10D810004FFA83FA002BEFD1FF2384F8453001F053
:10D820005FFF01F053FF94F844304FFA83FABAF1E6
:10D83000000F1ADD2369C3B104F1100907E00AF1F2
:10D84000FF33DBB24FFA83FA7BB123696BB14846F1
:10D8500001F0C0FB0028F2D001F04EFC0AF1FF33CA
:10D86000DBB24FFA83FA002BEFD1FF2384F8443068
:10D8700001F036FF01F080F901F028FFA26BE36BA5
:10D880009A424FF00109BFF475AF226CA66B002AD3
:10D8900040F0FC8025680136002D00F01881A66359
:10D8A000636A002B40F08C8001F01AFF012005B064
:10D8B000BDE8F08F02A801F0DBFB66E704F1100978
:10D8C00001F00EFF4846019901F008FB01F0FEFE51
:10D8D00094F845A04FFA8AFABAF1000F1CDD636A8A
:10D8E000D3B104F1240B08E00AF1FF3A5FFA8AF39E
:10D8F0004FFA83FA83B1636A73B1584601F06AFB49
:10D900000028F1D00AF1FF3A01F0F6FB5FFA8AF342
:10D910004FFA83FA002BEED1FF2384F8453001F053
:10D92000DFFE01F0D3FE94F844304FFA83FABAF1E7
:10D93000000F06DC15E00AF1FF33DBB24FFA83FA81
:10D940007BB123696BB1484601F044FB0028F2D05B
:10D9500001F0D2FB0AF1FF33DBB24FFA83FA002B5E
:10D96000EFD1FF2384F8443001F0BAFE01F004F94E
:10D97000002881D14FF080537B6040BFBFF34F8FB1
:10D98000BFF36F8F78E7226CA66B002A82D04146E6
:10D99000E06803F0A3F8236CE26821685B421A4454
:10D9A0008A42E26080F0898062681344E360022D5D
:10D9B00000F083800136A663636A002B3FF474AFE6
:10D9C00004F1240001F006FB00283FF46DAF0E4B7C
:10D9D0004FF080525A6040BFBFF34F8FBFF36F8F3D
:10D9E00062E7009001F07CFE009805B0BDE8F08F82
:10D9F00001F06CFE94F845506DB2002D18DD636A9D
:10DA0000B3B104F1240607E000ED00E0013DEBB204
:10DA10005DB26BB1636A5BB1304601F0DBFA00289E
:10DA2000F4D0013D01F068FBEBB25DB2002BF1D107
:10DA3000FF2384F8453001F053FE01F047FE94F8CF
:10DA400044506DB2002D16DD2369A3B104F1100618
:10DA500005E0013DEBB25DB26BB123695BB13046CD
:10DA600001F0B8FA0028F4D0013D01F045FBEBB21B
:10DA70005DB2002BF1D1FF2384F8443001F030FE79
:10DA800001F07AF8002005B0BDE8F08F41465DBB9B
:10DA9000A06803F023F8A368216C62680B449342EA
:10DAA00006F10106A360FFF4FAAEA663636A22687A
:10DAB000A260002B3FF4F8AE82E7002E7FF4EFAEB9
:10DAC0000123A363636A002B3FF4EEAE78E760683E
:10DAD00001F084FBA663636A6560002B7FF470AF7E
:10DAE00000287FF474AFDFE6E06802F0F7FF236CF4
:10DAF000E26821685B421A448A42E260BFF457AF91
:10DB000052E700BFF8B50C4679B300250123216028
:10DB100081F84630C1E90F35064601F0D7FDD4E95A
:10DB20000F322168A56303FB02F39A1A0A440B44DF
:10DB3000FF27C4E90131E26084F8447004F1100069
:10DB400084F8457002F064FD04F1240002F060FDE9
:10DB500001F0C6FDC4E90055E56084F84C602B4631
:10DB60002A4629462046FFF7F3FD2046F8BD00BFB0
:10DB70002DE9F0418C4682B004461746EFF311863A
:10DB8000402282F31188806BE26B904221D3022BFA
:10DB900005D0002086F3118802B0BDE8F08194F82A
:10DBA0004550226CD4F838806DB252BB236808F11E
:10DBB0000108002B4FD06B1CC4F8388037D00135DA
:10DBC0006DB284F84550012086F3118802B0BDE89B
:10DBD000F08194F84550226CD4F838806DB2002A58
:10DBE000E4D073B9A06802F079FFA368216C626881
:10DBF0000B44934208F10108A360DCD32368A360BF
:10DC0000D9E76146E068019302F068FF206CE268A2
:10DC10002168019B404202448A42E26002D262686B
:10DC20001044E060022B10D008F10108C3E7636ADA
:10DC3000002BC8D004F1240001F0CCF90028C2D098
:10DC4000002FC0D001203860A4E7B8F1000F08BF52
:10DC50004FF00108AFE76068019301F0BFFA019B44
:10DC60006360A8E738B5EFF31184402383F311888C
:10DC7000826BC36B93420ED990F8453001325BB290
:10DC800082635A1C0BD001335BB280F8453001200F
:10DC900084F3118838BD002084F3118838BD436AAD
:10DCA000002BF4D024300D4601F094F90028EED07A
:10DCB000002DECD001202860EAE700BF2DE9F047F5
:10DCC000044684B08846019201F000FDD4F83890F3
:10DCD000B9F1000F40F09380019B002B00F00A8106
:10DCE00002A801F0C5F9B34F4E4604F1240501F036
:10DCF000F7FC00F09BFE01F0E9FC94F84430FF2BA8
:10DD000008BF84F8446094F84530FF2B08BF84F8BE
:10DD1000456001F0E5FC01A902A801F0B5F9002871
:10DD200040F0878001F0D2FCA36B002B40F0E8802C
:10DD300001F0D6FC0199284601F0D0F801F0C6FCAC
:10DD400094F845304FFA83F9B9F1000F06DC15E07D
:10DD500009F1FF33DBB24FFA83F97BB1636A6BB130
:10DD6000284601F037F90028F2D001F0C5F909F191
:10DD7000FF33DBB24FFA83F9002BEFD1FF2384F896
:10DD8000453001F0ADFC01F0A1FC94F844304FFAAD
:10DD900083FABAF1000F1ADD2369C3B104F1100947
:10DDA00007E00AF1FF33DBB24FFA83FA7BB1236954
:10DDB0006BB1484601F00EF90028F2D001F09CF951
:10DDC0000AF1FF33DBB24FFA83FA002BEFD1FF23C6
:10DDD00084F8443001F084FC00F0CEFE00287ED1AF
:10DDE0004FF080537B6040BFBFF34F8FBFF36F8F07
:10DDF00001F06CFCD4F83890B9F1000F76D0226CA9
:10DE000052B1E168636811449942E16024BF21681E
:10DE1000E160404602F062FE09F1FF33A36323692B
:10DE2000002B40F0C98001F05BFC012004B0BDE88C
:10DE3000F08701F04BFC94F845304FFA83F9B9F1C3
:10DE4000000F06DC15E009F1FF33DBB24FFA83F96E
:10DE50007BB1636A6BB1284601F0BCF80028F2D0B0
:10DE600001F04AF909F1FF33DBB24FFA83F9002BD5
:10DE7000EFD1FF2384F8453001F032FC01F026FC9D
:10DE800094F844304FFA83FABAF1000F1ADD23698F
:10DE9000C3B104F1100907E00AF1FF33DBB24FFA16
:10DEA00083FA7BB123696BB1484601F093F80028EF
:10DEB000F2D001F021F90AF1FF33DBB24FFA83FA15
:10DEC000002BEFD1FF2384F8443001F009FC00F06F
:10DED00053FE01F0FBFBA36B63B101F001FC01F009
:10DEE000F5FBD4F83890B9F1000F88D1019B002BD5
:10DEF0007FF4FDAE01F0F4FB002004B0BDE8F08734
:10DF000001F0EEFB01F0E2FB94F845304FFA83F9A3
:10DF1000B9F1000F06DC15E009F1FF33DBB24FFA6F
:10DF200083F97BB1636A6BB1284601F053F800288E
:10DF3000F2D001F0E1F809F1FF33DBB24FFA83F9D7
:10DF4000002BEFD1FF2384F8453001F0C9FB01F02D
:10DF5000BDFB94F844304FFA83FABAF1000F1ADD92
:10DF60002369C3B104F1100907E00AF1FF33DBB202
:10DF70004FFA83FA7BB123696BB1484601F02AF866
:10DF80000028F2D001F0B8F80AF1FF33DBB24FFA03
:10DF900083FA002BEFD1FF2384F8443001F0A0FB7B
:10DFA00000F0EAFD01F092FBD4F83890B9F1000FCF
:10DFB0009CD024E700ED00E004F1100001F00AF825
:10DFC00000283FF430AF054B4FF080525A6040BFFD
:10DFD000BFF34F8FBFF36F8F25E700BF00ED00E069
:10DFE0002DE9F043044685B00026019101F06EFB57
:10DFF000A36BB24FB0463546002B40F0F380019B37
:10E00000002B00F05D81B8F1000F00F0FC8001F002
:10E0100067FB00F00BFD01F059FB94F84430FF2B37
:10E0200008BF84F8445094F84530FF2B08BF84F8AB
:10E03000455001F055FB01A902A801F025F8002880
:10E040006CD101F043FBA36B002B40F0E08001F0AA
:10E0500047FB2368002B00F03C8104F1240948466B
:10E06000019900F03BFF01F031FB94F845304FFA85
:10E0700083F8B8F1000F06DC15E008F1FF33DBB2DE
:10E080004FFA83F87BB1636A6BB1484600F0A2FF98
:10E090000028F2D001F030F808F1FF33DBB24FFA7C
:10E0A00083F8002BEFD1FF2384F8453001F018FBF3
:10E0B00001F00CFB94F844304FFA83F8B8F1000FEC
:10E0C0001ADD2369C3B104F1100907E008F1FF3339
:10E0D000DBB24FFA83F87BB123696BB1484600F09D
:10E0E00079FF0028F2D001F007F808F1FF33DBB226
:10E0F0004FFA83F8002BEFD1FF2384F8443001F06E
:10E10000EFFA00F039FD002864D14FF080537B60B6
:10E1100040BFBFF34F8FBFF36F8F5BE001F0D6FAC4
:10E1200094F845304FFA83F8B8F1000F1ADD636AAE
:10E13000C3B104F1240907E008F1FF33DBB24FFA61
:10E1400083F87BB1636A6BB1484600F043FF002857
:10E15000F2D000F0D1FF08F1FF33DBB24FFA83F8C1
:10E16000002BEFD1FF2384F8453001F0B9FA01F01C
:10E17000ADFA94F844304FFA83F8B8F1000F1ADD85
:10E180002369C3B104F1100907E008F1FF33DBB2E2
:10E190004FFA83F87BB123696BB1484600F01AFF50
:10E1A0000028F2D000F0A8FF08F1FF33DBB24FFAED
:10E1B00083F8002BEFD1FF2384F8443001F090FA6C
:10E1C00000F0DAFC01F082FAA36B002B00F08A80E9
:10E1D00001F086FA01F07AFAA36B4FF00108002BE8
:10E1E0003FF40DAF2268013BA363002A00F09E803C
:10E1F0002369002B40F0898001F072FA0126304635
:10E2000005B0BDE8F08302A800F032FFFFE601F0A0
:10E2100067FA01F05BFA94F845304FFA83F8B8F1E9
:10E22000000F1ADD636AC3B104F1240907E008F1A5
:10E23000FF33DBB24FFA83F87BB1636A6BB14846B8
:10E2400000F0C8FE0028F2D000F056FF08F1FF33BE
:10E25000DBB24FFA83F8002BEFD1FF2384F845306F
:10E2600001F03EFA01F032FA94F844304FFA83F8A4
:10E27000B8F1000F1ADD2369C3B104F1100907E0FA
:10E2800008F1FF33DBB24FFA83F87BB123696BB13E
:10E29000484600F09FFE0028F2D000F02DFF08F164
:10E2A000FF33DBB24FFA83F8002BEFD1FF2384F862
:10E2B000443001F015FA00F05FFC8BE700ED00E060
:10E2C000009301F00DFA009B1E46304605B0BDE8F4
:10E2D000F08301F0FBF9606800F03EFF064601F0B4
:10E2E000FFF9BAE601F0FCF9002E88D001F0EEF952
:10E2F000616A19B1236B1968C1F10501606800F00A
:10E3000099FF002601F0ECF979E704F1100000F024
:10E3100061FE00283FF470AF064B4FF080525A6008
:10E3200040BFBFF34F8FBFF36F8F65E700F0B8FFBB
:10E3300060605DE700ED00E010B5044601F0C6F94D
:10E34000A46B01F0CDF9204610BD00BF104B5A68F8
:10E35000904208D0DA68904208BF012204D090F8B9
:10E36000463093B170470022002110B403EBC20481
:10E3700043F8321090F84630616013B15DF8044BF9
:10E3800070475DF8044B02F0D3B902F0D1B900BF79
:10E3900054830020074B1A681AB19A6802B170477B
:10E3A000012210B403EBC20443F8321060605DF840
:10E3B000044B70475483002070B505460C46164642
:10E3C00001F084F995F84430FF2B04BF002385F851
:10E3D000443095F84530FF2B04BF002385F84530C5
:10E3E00001F07EF9AB6B2BB93246214605F12400D2
:10E3F00000F0B0FD01F06AF995F8454064B2002CD8
:10E4000016DD6B6AA3B105F1240605E0013CE3B219
:10E410005CB26BB16B6A5BB1304600F0DBFD00288B
:10E42000F4D0013C00F068FEE3B25CB2002BF1D105
:10E43000FF2385F8453001F053F901F047F995F8CD
:10E44000444064B2002C16DD2B69A3B105F110061F
:10E4500005E0013CE3B25CB26BB12B695BB13046C5
:10E4600000F0B8FD0028F4D0013C00F045FEE3B216
:10E470005CB2002BF1D1FF2385F84430BDE8704039
:10E4800001F02EB92DE9F041044601F01FF9344A9C
:10E49000344D1368013313602B68002B2FD0324E9C
:10E4A000E36A32682AB33148314907680A689F42F3
:10E4B00038BF03602F48013203EB83030A6000EB8F
:10E4C0008300E263211D02F0B3F801F009F933681B
:10E4D0006BB12A68E36AD26A9A4208D2264B4FF09F
:10E4E00080525A6040BFBFF34F8FBFF36F8FBDE8BC
:10E4F000F0812A68D26A9A4298BF2C60D3E72C60D8
:10E500001368012B02D0E36A174ECCE71948DFF8F5
:10E5100094801A4F144E02F07BF8194802F078F8F4
:10E52000184802F075F8184802F072F8174802F01F
:10E530006FF8404602F06CF8384602F069F814486B
:10E5400002F066F8134802F063F8134802F060F82E
:10E55000124B134AC2F800801F60E36AA3E700BFB2
:10E560008079002010790020E07900209479002043
:10E57000907900201C79002000ED00E0AC790020AB
:10E580003079002044790020587900206C790020EF
:10E59000CC790020F8790020E47900201879002057
:10E5A00014790020987900202DE9F843DDE9096409
:10E5B000002C60D016B93046BDE8F8830D469700B0
:10E5C000984602233A4684F8513081462663304605
:10E5D000A52102F0A7FA2A78236B84F83420043F9F
:10E5E0002A781F4427F0070702B36B7884F8353088
:10E5F0006B78DBB1AB7884F83630AB78B3B1EB78BD
:10E6000084F83730EB788BB12B7984F838302B795C
:10E6100063B16B7984F839306B793BB1AB7984F8AD
:10E620003A30AB7913B1EB7984F83B30089D042D77
:10E6300028BF04250026E5626564201D84F83B6040
:10E64000A66401F0F1FFC5F1050504F1180001F021
:10E65000EBFFE66442464946A561246184F85060B8
:10E660006462384600F0F6FF20602046FFF70AFF9C
:10E670002046BDE8F8832046BDE8F8832DE9F04741
:10E680009600804630460D469946099F02F03EF8B6
:10E69000002869D08246542002F038F80446002849
:10E6A0005BD00023C0F830A03246504684F8513089
:10E6B000A52102F037FA2A78236B84F83420043E2F
:10E6C0002A781E4426F0070A02B36B7884F83530A6
:10E6D0006B78DBB1AB7884F83630AB78B3B1EB78DC
:10E6E00084F83730EB788BB12B7984F838302B797C
:10E6F00063B16B7984F839306B793BB1AB7984F8CD
:10E700003A30AB7913B1EB7984F83B30089D042D96
:10E7100028BF04250026E5626564201D84F83B605F
:10E72000A66401F081FFC5F1050504F1180001F0B0
:10E730007BFFE664A561246184F8506064624A4608
:10E740004146504600F086FF206007B13C602046FD
:10E75000FFF798FE0120BDE8F087504601F0E8FF82
:10E760004FF0FF30BDE8F0874FF0FF30F3E700BF18
:10E7700070B504464C4E00F0A9FF002C39D0251D81
:10E78000284601F07FFFA36A1BB104F1180001F0D5
:10E7900079FF29464548464D01F04AFF94F850302C
:10E7A000012B04BF002384F8503000F099FF2B6840
:10E7B00093B93368A34200D070BD2B68DBB93B49E5
:10E7C0003C4A09681268914226D03B4B1B682BB328
:10E7D0003A4B01221A6070BD00F078FF384B1A687E
:10E7E000126892B9374B4FF0FF321A6000F078FF91
:10E7F000DFE73468C3E7344B4FF080525A6040BFC4
:10E80000BFF34F8FBFF36F8F70BD1A682D4BD26867
:10E81000D26852681A60E9E7336070BD274A136016
:10E820003268336812681B6B9A4236D9274C2849E4
:10E8300022689300981880000858E0B9551EAB0074
:10E8400058198000085830BB951EAB00581980003D
:10E85000085800BBD51EAB00581980000858D0B925
:10E86000151FAB00581980000858A0B9053A93004D
:10E8700098188000085813449B00CD180833686826
:10E88000406868600B44984204BF40686860C36891
:10E890003360226070BD2A46EDE73068316834315C
:10E8A00001F028FCC2E700BF10790020E4790020C5
:10E8B000E0790020807900208C790020107A0020F7
:10E8C00014790020C479002000ED00E09479002044
:10E8D0001C79002080B170B51B4D2B6883420AD093
:10E8E000044600F0F3FE194B62699A4205D0BDE878
:10E8F000704000F0F5BE70BD7047A36A144A9342A1
:10E90000F5D0002BF3D1261D304601F0BBFE114A95
:10E91000E36A116810488B4288BF136003EB8303DE
:10E9200000EB8300314601F083FE2B68E26ADB6A6C
:10E930009A42DCD3094B4FF080525A6040BFBFF37C
:10E940004F8FBFF36F8FD2E710790020E47900205A
:10E95000CC790020947900201C79002000ED00E0A3
:10E9600070B584B0002503AA02A901A8CDE901551C
:10E9700001F0C4FB019C002C46D00298002843D033
:10E98000039E20630223B600A521324684F851304D
:10E9900002F0C8F8236B1F4A6263201D84F83850C8
:10E9A000043E84F83B50E562C4E911551E4401F071
:10E9B0003BFE04F1180001F037FE26F007060523A0
:10E9C000A3612A461449E56430462461646284F8F0
:10E9D000505000F03FFE20602046FFF753FD0F4BE4
:10E9E0001C6000F0DBFD012811D1402383F3118866
:10E9F0000B490C4A0C4B4FF0FF340C6010601D604B
:10EA000000F03EFE04B070BD044B00221A6004B05A
:10EA100070BD00BF49444C4509ED0200C07900209B
:10EA2000C4790020E07900200C7A0020024A1368A3
:10EA300001331360704700BF8C790020014B1868C8
:10EA4000704700BF0C7A0020024A13681844106017
:10EA5000704700BF0C7A00202DE9F04F3B4B1B683C
:10EA600083B0002B42D13A4B1F6801371F60002F43
:10EA70004AD0384B01931B68BB423BD8364EDFF877
:10EA8000EC80DFF8ECA0DFF8EC90002525E033689F
:10EA9000DB68DC68636804F1040B9F42584651D37D
:10EAA00001F0F0FDA36A04F118000BB101F0EAFDDA
:10EAB000E36AD8F8002003EB8300934259460AEB3F
:10EAC000800088BFC8F8003001F0B2FDD9F80030EE
:10EAD000E26ADB6A9A4228BF012533681B68002B73
:10EAE000D5D1019A4FF0FF33136004E01B4A13683D
:10EAF0000133136000251A4B1B68002B0CBF2846FE
:10EB0000012003B0BDE8F08F134E164B3168164A52
:10EB100018683060196013680133136033681B682C
:10EB20003BB90C4B01931A464FF0FF331360134669
:10EB3000A1E73368074ADB680192DB685B68136012
:10EB4000134698E7019A1360D5E700BF8C7900203F
:10EB50000C7A0020C47900201479002088790020E4
:10EB6000107A002018790020C879002094790020BC
:10EB70001C790020107900202DE9F04700F0A6FD57
:10EB8000354B1A68013A1A601C68002C57D1334B78
:10EB90001B68002B53D0DFF8E0A0314E314FDFF877
:10EBA000DC90DFF8DC80336813B3F368DC68251D84
:10EBB00004F1180001F066FD284601F063FDE36AE8
:10EBC0003A6803EB83009342294609EB800088BF33
:10EBD0003B6001F02DFDD8F80030E26ADB6A9A4212
:10EBE0004FF00103DFD3CAF800303368002BDCD1CB
:10EBF0003CB11D4B1A6812683ABB1C4B4FF0FF32F8
:10EC00001A601B4D2C6844B10126FFF725FF08B19F
:10EC1000CAF80060013CF8D12C60DAF8003073B11A
:10EC2000144B4FF080525A6040BFBFF34F8FBFF379
:10EC30006F8F012400F054FD2046BDE8F0870024CA
:10EC400000F04EFD2046BDE8F0871A68074BD268F9
:10EC5000D26852681A60D4E78C790020807900204D
:10EC6000CC7900209479002014790020C479002008
:10EC70008879002000ED00E0107A00201C79002047
:10EC80001079002070B548B9184B4FF080525A6087
:10EC900040BFBFF34F8FBFF36F8F70BD144A15494C
:10ECA0001368154E013313600D6804463068043054
:10ECB00001F0E8FC336864195C600FD20F4B1868F0
:10ECC0003168043101F0C4FC0D4B1A68944238BF1E
:10ECD0001C60FFF751FF0028D6D070BD094B1868A3
:10ECE0003168043101F0B4FCF3E700BF00ED00E04F
:10ECF0008C7900200C7A00201079002014790020F3
:10ED0000C4790020187900202DE9F84F3C4E3D4D84
:10ED10003D4CDFF80891DFF80881DFF808B14FF0CB
:10ED2000805A2368D3B100F0D1FCF368DF68381D46
:10ED300001F0A8FC2B68013B2B602368013B23609A
:10ED400000F0CEFC97F85130002B37D0012BE8D1E2
:10ED5000384601F0EDFC2368002BE4D12B4B1B68F7
:10ED6000012B06D9CBF804A040BFBFF34F8FBFF3F0
:10ED70006F8F00F041FED9F8003033BBD8F8003077
:10ED8000DB6A002BCDD1214B1B68012BC9D8204B4E
:10ED9000204A1B6812689B1A012BC2D91E4A1368AD
:10EDA00001331360D9F80030BBB1D8F80030DB6A0A
:10EDB0000BB9164B1B68FFF7DFFEB2E7386B01F0AB
:10EDC000B7FC384601F0B4FCABE7D8F80030DB6A9A
:10EDD000002BA6D10D4B1B68A3E7D8F80030DB6AE7
:10EDE000002BE8D1094B1B68012BE4D8084B1868AD
:10EDF000084B1B68C01A0128DDD900F0DDFCDAE7FA
:10EE0000F879002080790020847900201C79002086
:10EE1000C47900200C7A00208C790020947900209D
:10EE20001079002000ED00E0274B1B68002B40D13B
:10EE3000264A70B5264C13602268236812681B6B43
:10EE40009A423AD9234D24492A68930098188000A1
:10EE50000858E0B9561EB30098198000085830BB16
:10EE6000961EB30098198000085800BBD61EB30048
:10EE7000981980000858D0B9161FB300981980005F
:10EE80000858A0B9053A9300981880000858134410
:10EE90009B00CE1808337068406870600B4498423D
:10EEA00004BF40687060C36823602A6070BD32464A
:10EEB000EDE7064B01221A60704720682168343163
:10EEC00001F018F9BEE700BF8C790020107A00200D
:10EED00010790020947900201C79002070B5174D1E
:10EEE0002B680C4603F1180101F0B2FB144B1E68AD
:10EEF0002868043001F0C6FB631C17D02B68A419E6
:10EF00005C600BD20F4B18682968043101F0A0FB3C
:10EF10000D4B1A68944238BF1C6070BD0B4B1868CB
:10EF20002968BDE87040043101F092BB29680848A7
:10EF30000431BDE8704001F07BBB00BF10790020B8
:10EF40000C7A002014790020C47900201879002060
:10EF5000E479002070B5194D2B680C46164603F174
:10EF6000180101F065FB164B5EB11B682868043080
:10EF700001F088FB296813480431BDE8704001F0B6
:10EF800057BB1E682868043001F07CFB2B68A4196D
:10EF90005C600BD20C4B18682968043101F058FBF7
:10EFA0000A4B1A68944238BF1C6070BD084B186841
:10EFB0002968BDE87040043101F04ABB1079002097
:10EFC0000C7A0020E479002014790020C479002014
:10EFD0001879002038B5C368DC6804F118052846A4
:10EFE00001F050FB1A4B1B682BBB251D284601F076
:10EFF00049FB184AE36A116817488B4288BF1360BF
:10F0000003EB8303294600EB830001F011FB134B54
:10F01000E26A1B68DB6A9A4282BF114B01201860CA
:10F02000104B1A68126898BF00204AB90E4B4FF077
:10F03000FF321A6038BD29460C4801F0F9FAE6E7BC
:10F040001A68094BD268D26852681A6038BD00BF8E
:10F050008C790020947900201C7900201079002000
:10F06000107A002014790020C4790020CC79002087
:10F07000034A044B12681B68C0E90023704700BFB5
:10F08000C87900200C7A0020F8B50D46044600F03F
:10F090001DFB2B681649581C0A6813D0DFF854C0B2
:10F0A000D4E90060DCF80070BE4201D090421AD969
:10F0B000121A93420BD800232B60012500F010FB9D
:10F0C0002846F8BD002500F00BFB2846F8BDDCF80B
:10F0D00000009B1A0A682B60C4E90002002500F0BA
:10F0E000FFFA2846F8BD012500F0FAFA2846F8BDD7
:10F0F0000C7A0020C8790020014B01221A60704769
:10F10000107A0020084B186860B9084B1B6853B987
:10F11000074A084B10681B68013B984214BF012046
:10F120000220704700207047CC790020107A002020
:10F13000E479002080790020054B1B6833B1054B32
:10F140001B68002B0CBF0220002070470120704775
:10F15000E07900208C79002018B3F8B51C4CC36A04
:10F160002268D26A934214D28269002A04DB2268A0
:10F17000D26AC2F105028261164D426903EB830334
:10F1800005EB83039A420DD02368DB6AC36201203A
:10F19000F8BD2368406CDB6A98422CBF0020012038
:10F1A000F8BD7047061D0746304601F06BFA22682D
:10F1B000094BD06A1A68F862904200D9186000EBD7
:10F1C000800005EB8000314601F032FA0120F8BDE5
:10F1D000107900201C7900209479002050B138B5B6
:10F1E000C16A836C426C013B9142836400D01BB1C5
:10F1F000002038BD00207047051D0446284601F058
:10F2000041FA0A4A636C1168E362C3F105008B425C
:10F21000A061074888BF136003EB830300EB830002
:10F22000294601F005FA012038BD00BF947900207D
:10F230001C79002048B1426CC36A914238BF114624
:10F240008B4202D0826C012A00D07047826970B56F
:10F25000114DC162002A03EB83034269A8BFC1F1CB
:10F26000050105EB8303A8BF81619A4200D070BD00
:10F27000061D0446304601F005FA084BE06A1A689C
:10F28000904288BF186000EB800005EB800031469B
:10F29000BDE8704001F0CCB91C79002094790020C1
:10F2A000044B1A681AB119688A6C01328A641868AA
:10F2B000704700BF107900202DE9F04FAD4EDFF808
:10F2C000C482AD4D89B033681C68002C00F08E807C
:10F2D000DB681C68FFF7AAFBFFF7B0FBD8F800302B
:10F2E000984207465DD38442C8F8000040F20B8183
:10F2F0000022E11B2868FFF75FF8FFF73DFC88B9A3
:10F300009E4A4FF08053536040BFBFF34F8FBFF30F
:10F310006F8F07E0019B039920469847009B002BC5
:10F3200080F23881286800226946FEF7C7FC002871
:10F33000C9D0009B029C002BECDB636913B1201D3C
:10F3400001F0A0F9FFF77AFBD8F800309842814627
:10F3500043D3009BC8F80090092BE3D8012202FA9E
:10F3600003F313F4047F69D113F0C70F40F0A180B9
:10F370009B06D7D594F82C30002BD3D1204601F032
:10F38000D7F9CFE7DB68DC68D3F800A004F1040903
:10F39000484601F077F9636A20469847E369012BF4
:10F3A00036D033681A68002AECD17549C8F8007065
:10F3B0000A6832600B60FFF7DFFBB3E7DB68DF68EA
:10F3C000D3F800B007F1040A504601F05BF97B6AFC
:10F3D00038469847FB69012B25D033681A68002A04
:10F3E000ECD167490A6832600B60B2E7FFF71EFB99
:10F3F000FFF724FBD8F8003083420746D1D8604B92
:10F40000C8F800701B681A68B2FA82F2520970E7F5
:10F41000A36953449A45494622D263602461306807
:10F4200001F016F9BDE7BB695B449B45514627D205
:10F430007B603F61306801F00BF9CEE7019B2461EE
:10F4400003EB09024A45A36162602CD8002B3FF40C
:10F4500069AF4B4B211D186801F0FAF8286862E784
:10F460002B68002B9DD00023CDE9043A0694FFF7CA
:10F4700063FE00231A4604A92868FEF769F990E79D
:10F480002B68002BA9D00023CDE9043B0697FFF79A
:10F4900053FE00231A4604A92868FEF759F99CE791
:10F4A0004B4500D998B13068211D01F0D1F828688A
:10F4B00039E7019BA269246199182CBF0120002023
:10F4C00049456160ECD8A9EB03039A42C1D8636A4D
:10F4D00020469847E369012B7FF424AF019BA26982
:10F4E0002868134400283FF41EAF0022CDE904230E
:10F4F0000694FFF721FE00231A4604A92868FEF7A8
:10F5000027F928680FE7FFF737FB3368DB68D3F884
:10F510000C9009F1040A504601F0B4F8D9F81C30F7
:10F52000012B04D0D9F8243048469847FAE6D9F898
:10F530001830C9F81090E218BA42C9F8042004D96A
:10F540005146306801F084F8ECE73F1BBB421BD802
:10F550002B68002BE6D00023CDE90434CDF81890B9
:10F56000FFF7EAFD00231A4604A92868FEF7F0F821
:10F57000D8E700BF147A0020987C002000ED00E05E
:10F58000187A0020447C0020034B5146186801F093
:10F590005FF8C7E7029CD0E6187A0020F0B5204C4F
:10F5A00089B000F093F82568FDB100F099F8206863
:10F5B000C8B1002407AA06A905A8CDE9054400F0B2
:10F5C000ABFDDDE905300221CDE90010079A029379
:10F5D000144915482346FEF7E7FF144A0346001B6B
:10F5E00018BF0120136009B0F0BD114F114E38460D
:10F5F00001F00EF8304601F00BF80F4A0F49009564
:10F600000F4B17600E600F4A10212020FEF72EF8D6
:10F6100020600028C9D00C49FEF7BCFEC5E700BF3A
:10F62000987C002028320300B9F202009C7C002064
:10F630001C7C0020307C0020147A0020187A0020E6
:10F64000487C00201C7A002020320300402383F3F2
:10F650001188FEE730B46FF002034FF08075074C5D
:10F6600040F8045C40F80C4C40F8081C40F8202C92
:10F6700040F8243C30BC4438704700BF4DF60200CF
:10F680000F4C08B5E02384F8223000F077F80D4BDA
:10F690000D4A00211960D4F8883043F47003C4F88F
:10F6A0008830536843F040435360236943F01003AC
:10F6B000236100F04FF9402383F31188FEE700BF78
:10F6C00000ED00E0A07C002030EF00E0402383F359
:10F6D0001188024A1368013313607047A07C002030
:10F6E000034A1368013B13600BB983F31188704719
:10F6F000A07C002041DF704712DF704770B51B4BC4
:10F7000000251D6082B01B680193019BEFF31186F9
:10F71000402383F31188164A164BD2F804451D6026
:10F720001B680093009BFFF789F9241A24F07F449B
:10F73000012C0DD844B1FFF78FF9054625B10E4BCA
:10F740004FF080525A6040BF86F3118802B070BDFE
:10F75000FFF7F2FC0228EED1013CFFF77DF9013CF6
:10F76000631C45EA0005F8D1E8E700BF40110140FD
:10F77000001001400011014000ED00E00B4B0C496E
:10F7800030B41F200B4DC3F8080501220224E020ED
:10F79000C3F804232A601A60C3F8444381F81103B4
:10F7A0004FF400330B6030BC704700BF00100140C5
:10F7B00000E100E0081001402DE9F041804684B0EE
:10F7C000EFF3108272B6584CA36883B9574B584870
:10F7D0000121A160D3F8801001402160C3F88000AE
:10F7E000D3F8841061604FF0FF31C3F8841002B980
:10F7F00062B6504ED6F80475FFF784FC00283DD061
:10F800004D4A4E49424528BF4246BB1823F07F432C
:10F8100001200025C6F80803C6F840350D600B68C6
:10F8200001934FF480330199C6F80433BFF34F8F2F
:10F83000B8F1000F54D13F4B404D41494FF4803057
:10F84000C3F80803002028602D680395039D086015
:10F850000968029101210298C3F80413D3F8043512
:10F860003249DB1B23F07F45954228BF15464FF4F4
:10F870000033012DC1F8803111D827D0A3685BB1C6
:10F88000EFF3108372B6294A2168116061685160F4
:10F890000022A26003B962B604B0BDE8F081681E20
:10F8A000FFF7D2F8274BDB68DA010FD5264A136839
:10F8B000DB070BD5254B516803FB05F5A5F5742532
:10F8C000A5F51075AD0A01EB85155560FFF7C4F875
:10F8D0000028D3D01E4B4FF080525A6040BFCDE776
:10F8E000F1EE103A23F09F03E1EE103AF1EE103AF8
:10F8F0000E4B04A84FF480614026C3F88461C3F81E
:10F90000841100F8045DFFF7F7FE9DF80C1039B97B
:10F9100020BFD3F80001D3F804110143F8D08AE7DF
:10F92000FFF7E8FE87E700BF6883002000E100E002
:10F93000FC06FFBD00100140FDFFFF00401101402B
:10F9400000110140F0ED00E0001000E040420F0027
:10F9500000ED00E00748006880F3088862B661B6F1
:10F96000BFF34F8FBFF36F8F4FF0E00080F311882C
:10F9700000DF00BF00600200064B19680868B0E8AD
:10F98000F04F80F30988BFF36F8F4FF0000080F3D2
:10F990001188704710790020EFF30980BFF36F8F53
:10F9A000144B1A681EF0100F08BF20ED108A20E9D2
:10F9B000F04F10604DF8043D4FF0400080F3118887
:10F9C000BFF34F8FBFF36F8FFFF72EFA4FF000009A
:10F9D00080F3118808BC19680868B0E8F04F1EF081
:10F9E000100F08BFB0EC108A80F30988BFF36F8F47
:10F9F000704700BF10790020704700BF0A490B4ACA
:10FA00000B4B9B1A03DD043BC858D050FBDC094864
:10FA100009494FF0AD32026004300439FBD100F0E7
:10FA20007BFAF6F715FC0000DC34030000600020D0
:10FA30000463002000F8032000080000FEE7FEE752
:10FA4000FEE7FEE7FEE7FEE7FEE7FEE7FEE7FEE78E
:10FA500008B50020F6F736FCFDF7B2F80E4B43B1BF
:10FA60000E4B7BB1FDF7F0F800F034FBFDF778FDAD
:10FA7000F8E7FDF7E9F800F02DFBFDF7E5F800F0F9
:10FA800029FBF6E7FDF7E0F800F024FBFDF7DCF8D2
:10FA900000F020FBF6E700BF0000000061D5020087
:10FAA00000B583B000F082FCFDF7BCF90E4B01936A
:10FAB00001234FF480620D4900930D480023FEF7A7
:10FAC000DDFD4FF4407000F025FCFEF749FFBFF369
:10FAD0004F8F0849084BCA6802F4E0621343CB60B9
:10FAE000BFF34F8F00BFFDE7A47C0020303203003E
:10FAF00051FA020000ED00E00400FA05114B1A78FB
:10FB0000EAB90178104810B40A464FF0804402F078
:10FB10000102C1F34001C4F88015C4F878250268D9
:10FB2000D20706D4E021012280F80013C0F880211A
:10FB30000260012205481A705DF8044B70470448C2
:10FB4000704700BF6483002000E100E00000AD0BBF
:10FB50000C00AD0B0268074B4FF0804010B4002141
:10FB60004FF46074C0F80843196002B11A605DF880
:10FB7000044B7047B07C00204FF080434FF460721C
:10FB8000C3F80423704700BF10B54FF0804386B020
:10FB9000D3F80443620705D5D3F8082103F584732D
:10FBA000002A4ED1A30603D52A4B1A68002A3FD15A
:10FBB000600603D5284B1A68002A2FD1210602D5EA
:10FBC000264B1A680ABBE20502D5254B1A6892B982
:10FBD000A3050ED5234B1A685AB100221A601A6881
:10FBE000214B0592059A1B68022006B0BDE8104023
:10FBF000184706B010BD00221A601B4A1B68049308
:10FC000001201368049A9847E2E700201860164A1A
:10FC10001B6803931368039A9847D4E700221A607D
:10FC2000124A1B68029301201368029A9847C5E79D
:10FC3000002018600D4A1B6801931368019A9847C9
:10FC4000B6E700221A600A4A1B6800931368009AFC
:10FC50009847A7E714010040180100401C0100402C
:10FC60002001004024010040B07C0020AC7C00203A
:10FC7000A87C00202DE9F04F0479644F4FEAC40CB2
:10FC80000CEB04039B008646F8180E46417F83B0B8
:10FC9000002940F0918057F803909046B9F1000F89
:10FCA00004D012F0140F04BF012343770CEB0405BA
:10FCB00007EB850596E80F0095F81FA005F10C0BE2
:10FCC000BAF1FF0F8BE80F0010D0AA7F5346002A2D
:10FCD00076D0BAF11F0F86BF0AF01F034C494FF0D0
:10FCE000A041012202FA03F3C1F8083532686AB173
:10FCF00002F06043B3F1005F08D0644407EB84076F
:10FD0000002344487B7703B0BDE8F08FB16821B190
:10FD100001F06043B3F1005FEFD1DEF800307568A9
:10FD2000F068C3F844250022C3F84855C3F83415D9
:10FD3000C3F83805C3F81821D3F818210192019AA5
:10FD400018F0010218BF0122C3F8502518F0020272
:10FD500018BF012218F0080FC3F8402504BF012284
:10FD60001A61B9F1000F0BD02B48402218F0040F94
:10FD700014BFC3F80823C3F8042303B0BDE8F08F11
:10FD8000D3F81821002AFBD0BAF1FF0F2CD064441D
:10FD900007EB8407BB7F4BB3BAF11F0F84BF0AF098
:10FDA0001F0A1B4A1C4898BF4FF0A042012303FAC8
:10FDB0000AF3C2F80C35A6E7184803B0BDE8F08F87
:10FDC000BAF11F0F4FF0010288BF0AF01F0302FAB9
:10FDD00003F388BF0E49326898BF4FF0A041C1F8C5
:10FDE0000C35002A84D191E70B488CE7BAF11F0F3C
:10FDF00084BF0AF01F0A064A074898BF4FF0A04286
:10FE0000012303FA0AF3C2F808357CE7B47C00202A
:10FE1000000300500A00AD0B0000AD0B0B00AD0B52
:10FE2000194BD3F8182102B970470021174AC3F8BB
:10FE30001811D3F81811D37F82B0FF2B01910199CB
:10FE40000DD0917F99B11F2B86BF03F01F0310487F
:10FE50004FF0A040012101FA03F3C0F80C35002354
:10FE600053771372D2E900310A4802B018471F2BAA
:10FE700086BF03F01F0306484FF0A040012101FA9E
:10FE800003F3C0F80835EAE700300240B47C0020F4
:10FE900000030050BC7C00201B4BD3F8182102B992
:10FEA00070470021194AC3F81811D3F8181192F8B5
:10FEB000433082B0FF2B019101990ED092F842108D
:10FEC000A9B11F2B86BF03F01F0311484FF0A040BC
:10FED000012101FA03F3C0F80C35002382F8413008
:10FEE00082F82C30D2E909310A4802B018471F2B9A
:10FEF00086BF03F01F0306484FF0A040012101FA1E
:10FF000003F3C0F80835E8E700F00240B47C0020B5
:10FF100000030050E07C0020604B1B6830B45C1C88
:10FF200037D05F4A082B126800F08F805B4B5C4A29
:10FF30001B681268082B15D0591C23D0584A126828
:10FF4000082B12D0574AD2F8883043F47003C2F815
:10FF50008830BFF34F8FBFF36F8F534B534A1A60F4
:10FF600030BC7047002A00F08280032AEAD84FF0A4
:10FF70008043D3F80024D20744BF6FF00102C3F8D6
:10FF80000024DFE74A4A4B4B12681B78C2F3031286
:10FF9000D6E7484A464B12781B68082AC3F3031376
:10FFA00001D1032B53D9424A424B12681B78C2F34A
:10FFB0000312082BBAD1032AB8D84FF080523E4B17
:10FFC000D2F80414C3F82015D2F80814C3F8241585
:10FFD000D2F80C14C3F82815D2F81014C3F82C1555
:10FFE000D2F81414C3F83015D2F81814C3F8341525
:10FFF000D2F81C14C3F84015D2F82014C3F84415E5
:020000023000CC
:10000000D2F82414C3F84815D2F82814C3F84C15B4
:10001000D2F82C14C3F85015D2F83014C3F8541584
:10002000D2F83414C3F86015D2F83814C3F8641544
:10003000D2F83C14C3F86815D2F84014C3F86C1514
:10004000D2F84424C3F8702570E7032A0CD8134B68
:100050001B684FF080420021581CC2F80C11C2F8F6
:100060001011C2F838159ED00D4A1268A1E7134C42
:100070001349144D25601448144AFB24C1F818454F
:1000800001681268124C21F00F0102F00F020A43BE
:100090004FF400710260216050E700BF3001001092
:1000A0003401001000ED00E0186100200090D00342
:1000B000E80F00F0E00F00F000C000408C56004058
:1000C00000F0004048810300E40E00405802001098
:1000D0004096024008B5F6F7FBF8054B4FF080520A
:1000E0005A6040BFBFF34F8FBFF36F8F08BD00BF93
:1000F00000ED00E0704700BF704700BF044B036095
:1001000010B46423034C0C6013605DF8044B70471B
:10011000FC7C0020507D0020054B036010B44FF4A0
:100120008073044C0C6013605DF8044B704700BF93
:10013000E07E0020347F002070B51F4C84B04FF06B
:10014000FF3203A92068FDF7B9FD0028F7D0039816
:10015000037A4568052B0DD8DFE803F0272A221C17
:100160001503D0E90361D0E90523C069009030464A
:10017000A847039803681BB1184600F0B1FA03982A
:1001800000F0AEFADBE7D0E90523D0E90301A84788
:100190000398EFE7D0E90412C068A8470398E9E79D
:1001A000D0E90301A8470398E4E7A8470398E1E7EB
:1001B000C068A8470398DDE7388300202DE9F043A5
:1001C0002D4B2E4C5B6885B0C3F30803019001AF43
:1001D0002068002B44D0002339461A46FDF7C8FC9E
:1001E00001283AD0DFF89880D8F8000000224000BB
:1001F0000421FDF76BFA064678B3DFF88890D9F84A
:100200000000FEF7B5FAFFF761FA02E03046FDF7AD
:100210009FFA002203A92068FDF750FD0023054640
:10022000642203A90028F1D12068FEF78FF8266028
:10023000FFF756FAD9F80000FEF74CFBD8F800306B
:100240000D4A20685B00C8F800305368C3F3080308
:10025000394653B96422FDF77BFA05B0BDE8F08357
:1002600039466422FDF774FABAE72B462A46FDF7B1
:100270007FFC05B0BDE8F08300ED00E0388300208E
:10028000348300203C8300202DE9F8439DF8205062
:1002900006460F4691469846CDB1A8000C3000F0B6
:1002A00005FA044688B10023C0F804900572036083
:1002B00006B177B92DB1AA00414604F10C0000F057
:1002C0000DFC2046FFF77AFF0120BDE8F8831020DF
:1002D000E5E7384600F0EAF981462060A0B13A46E9
:1002E000314600F0FBFB002DEBD0691EC9B208EBD4
:1002F0008101A8F1040353F8042FB24208BFC3F8E8
:1003000000909942F7D1D6E7204600F0E9F9484637
:10031000DBE700BF30B540230B4D83B0044600221D
:10032000184604212B60FDF7D1F9084B08491860E5
:100330000223CDE90031A2B2002306490648FEF7A8
:100340009DF903B030BD00BF348300203883002006
:100350003C830020383203003901030011DF70476D
:1003600008B50446FFF7FAFF0D4B4FF080414FF000
:10037000FF32C3F88020C3F88021C3F88420C3F87B
:100380008421C1F81C45BFF34F8F0649064BCA684C
:1003900002F4E0621343CB60BFF34F8F00BFFDE771
:1003A00000E100E000ED00E00400FA054FF08043BA
:1003B000194AD3F80014194830B41160D3F8005426
:1003C000D3F80024164C17492A43C3F80024D4F864
:1003D0004025026001224FF40030C3F818259A60CE
:1003E000C1F88000BFF34F8FBFF36F8F0E4C03F542
:1003F00088334FF0A0454FF480304FF0FF31C3F801
:100400004803C3F808035A609A60C5F80815C4F891
:10041000081530BC704700BF408300204483002093
:1004200000A0004000E100E00003005008B54E20AD
:10043000FFF796FF2F281BD83C4B53F820301F2B7B
:1004400086BF03F01F033A4A4FF0A0420E290FD88F
:10045000DFE801F0655F59534D474039322B241DC9
:10046000160F080003F5E07340F2037142F8231001
:10047000704703F5E07340F2036142F823107047C0
:1004800003F5E07340F2035142F82310704703F57F
:10049000E07340F2034142F82310704703F5E07324
:1004A00040F2033142F82310704703F5E07340F245
:1004B000032142F82310704703F5E07340F2031163
:1004C00042F82310704703F5E0734FF4403142F8CF
:1004D0002310704703F5E0734FF4003142F8231006
:1004E000704703F5E073134942F82310704703F592
:1004F000E073114942F82310704703F5E0730421BB
:1005000042F82310704703F5E0730C2142F82310E2
:10051000704703F5E073032142F82310704703F599
:10052000E073002142F82310704700BF2C31030014
:1005300000030050040002000C0003002F2811D813
:100540000A4B53F820301F2B88BF03F01F034FF0D6
:1005500001028CBF06484FF0A04002FA03F311B12C
:10056000C0F808357047C0F80C3570472C310300CF
:10057000000300502F280DD8074B53F820201F2AC6
:1005800086BF02F01F0205494FF0A04101239340AE
:10059000C1F80835704700BF2C310300000300503C
:1005A00008B54022002100F0BDFA0022C0E9102267
:1005B00008BD00BF10B4D0E91024531C03F03F0362
:1005C0009C4218BF81545DF8044B18BF0364704708
:1005D0000023C0E910337047D0E91023934206D0BE
:1005E0005A1CC35C02F03F024264184670474FF049
:1005F000FF307047D0E91030181A48BF40307047BC
:10060000D0E91023934214BFC05C4FF0FF30704715
:1006100000F108034FF0FF31002281600260436067
:10062000C0E90333704700BF00230361704700BF78
:100630004368026810B49C688C609C684B6001320F
:10064000616099605DF8044B08610260704700BF0B
:1006500030B40D686B1C11D000F1080200E01A469E
:1006600053681C68AC42FAD904684B600134996045
:100670008A6051600861046030BC70470269536849
:10068000F2E700BF42688168036910B49160816835
:100690005C684A601A68844208BF5960013A0021C8
:1006A00001611A6018685DF8044B704710B5044684
:1006B000FEF742FD022804D02046BDE8104000F0BD
:1006C000FDB9FEF7B3F9204600F0F8F90446FEF74D
:1006D00053FA0CB1204610BDFFF70EFDFAE700BF3C
:1006E00010B50446FEF728FD02280AD144B1FEF7F2
:1006F0009DF9204600F0EAF9BDE81040FEF73CBA4B
:1007000010BD2046BDE8104000F0E0B910B5044629
:10071000FEF78CF9204600F0D1F90446FEF72CFADA
:100720000CB1204610BDFFF7E7FC204610BD00BF0E
:1007300050B110B50446FEF779F9204600F0C6F92D
:10074000BDE81040FEF718BA704700BF53B94AB968
:10075000002908BF00281CBF4FF0FF314FF0FF30C9
:1007600000F072B9ADF1080C6DE904CE00F006F8A6
:10077000DDF804E0DDE9022304B070472DE9F0471D
:10078000089E04468846002B4BD18A42154667D9FD
:10079000B2FA82F24AB1C2F1200701FA02F320FA5A
:1007A00007F7954047EA030894404FEA154E230C9B
:1007B000B8FBFEF71FFA85FC0EFB178843EA0843D7
:1007C00007FB0CF1994209D9EB1807F1FF3080F0D3
:1007D0001B81994240F21881023F2B445B1AA4B25C
:1007E000B3FBFEF00EFB103344EA034400FB0CFCA9
:1007F000A44509D92C1900F1FF3380F00781A445E5
:1008000040F2048102382C4440EA0740A4EB0C0477
:1008100000271EB1D4400023C6E900433946BDE895
:10082000F0878B4209D9002E00F0EB800027C6E943
:10083000000138463946BDE8F087B3FA83F7002F48
:1008400047D18B4202D3824200F2FA80841A61EBD4
:10085000030301209846002EE0D0C6E90048DDE7FA
:1008600002B9FFDEB2FA82F2002A40F08F80491B03
:100870004FEA154E1FFA85F80127B1FBFEFC230C49
:100880000EFB1C1143EA014308FB0CF1994207D906
:10089000EB180CF1FF3002D2994200F2CD80844671
:1008A000591AA3B2B1FBFEF00EFB101443EA044444
:1008B00008FB00F8A04507D92C1900F1FF3302D23C
:1008C000A04500F2B6801846A4EB080440EA0C40AC
:1008D0009FE7C7F1200CBB4022FA0CFE4EEA030E44
:1008E00001FA07F420FA0CF521FA0CF34FEA1E483E
:1008F0002543B3FBF8F92C0C08FB19331FFA8EFAC9
:1009000044EA034309FB0AF49C4202FA07F200FAA4
:1009100007F10BD91EEB030309F1FF3080F087804C
:100920009C4240F28480A9F1020973441B1BADB2C2
:10093000B3FBF8F008FB103345EA034400FB0AFA66
:10094000A24508D91EEB040400F1FF336BD2A24587
:1009500069D90238744440EA0940A0FB0289A4EB3B
:100960000A044C45C2464B4654D351D0002E69D0A0
:10097000B1EB0A0564EB030404FA0CFCFD40FC40F7
:100980004CEA0505C6E90054002747E7C2F12003F9
:1009900020FA03F7954001FA02F021FA03F34FEA37
:1009A000154E3843010CB3FBFEF71FFA85F80EFB1A
:1009B000173341EA034107FB08F38B4204FA02F4C0
:1009C00007D9691807F1FF3C2FD28B422DD9023F7E
:1009D0002944CB1A81B2B3FBFEF00EFB103341EA7F
:1009E000034100FB08F38B4207D9691800F1FF3C73
:1009F00017D28B4215D902382944C91A40EA074751
:100A00003BE73746304609E70746E7E61846FBE688
:100A10004145ABD2B8EB020A69EB0E02013813462E
:100A2000A4E76046E9E7184695E76746D1E78146BF
:100A30007CE702382C4447E7ACF1020C2B442FE74B
:100A4000384608E73746E9E6704700BF08B5074B68
:100A5000044613B10021AFF30080054B1868836A88
:100A600003B19847204602F071FA00BF0000000071
:100A70004432030070B50D4E0D4CA41BA41000258C
:100A8000A54209D10B4E0C4C02F062FAA41BA41033
:100A90000025A54205D170BD56F82530984701358F
:100AA000EEE756F8253098470135F2E7EC62002072
:100AB000EC620020EC62002000630020024B014643
:100AC000186800F093B800BF1C610020024B01467B
:100AD000186800F03DB800BF1C61002010B5431E2F
:100AE0000A44914200D110BD11F8014B03F8014FA7
:100AF000F7E7884210B501EB020307D8421E99427E
:100B00000AD011F8014B02F8014FF8E78342F5D9FA
:100B10008118D21AD34200D110BD13F8014D01F84B
:100B2000014DF7E702440346934200D1704703F8B2
:100B3000011BF9E738B502FB01F4214600F056F835
:100B4000054618B122460021FFF7ECFF284638BDC4
:100B500038B50546002945D051F8043C0C1F002B40
:100B6000B8BFE41801F052FA1F4A1368104633B9AF
:100B7000636014602846BDE8384001F048BAA342DB
:100B80000CD921686218934204BF1A685B686360DD
:100B900004BF521822600460ECE713465A680AB199
:100BA000A242FAD919685818A0420BD12068014412
:100BB000581882421960DDD1106852685A600144A9
:100BC0001960D7E702D90C232B60D3E720682118DE
:100BD0008A4204BF11685268626004BF091821602C
:100BE0005C60C7E738BD00BF4883002070B5CD1CEE
:100BF00025F0030508350C2D38BF0C25002D0646C1
:100C000001DBA94203D90C233360002070BD01F041
:100C1000FDF9214A1468214691B9204C23681BB97B
:100C2000304600F087FB20602946304600F082FB0A
:100C3000431C24D10C233360304601F0E8F9E4E78B
:100C40000B685B1B18D40B2B0FD90B60CD50CC1845
:100C5000304601F0DCF904F10B00231D20F0070001
:100C6000C31AD3D05A42E250D0E78C424B6816BF29
:100C7000636013600C46EBE70C464968CCE7C41C84
:100C800024F00304A04205D0211A304600F052FBA4
:100C90000130CFD02560DBE7488300204C83002063
:100CA0002DE9FF4755EC104B0D9FDDF830A0002DCE
:100CB0000E4691461946B8BF22462B4627F020071C
:100CC000BBBF05F100431D4600232D23B8BF1446CA
:100CD000462F0B7004D0452F00D10136022100E0D1
:100CE000032103AB019302AB00933246534645EC1C
:100CF000104B00F0C5FB472F804602D119F0010FC1
:100D000026D0462F08EB060911D198F80030302B79
:100D10000AD1002200232046294602F099F818B98A
:100D2000C6F10106CAF80060DAF8003099440022E2
:100D300000232046294602F08BF838B93022039B65
:100D40004B4505D2591C03911A70F8E7CDF80C9069
:100D5000039B0E9AA3EB08034046136004B0BDE862
:100D6000F087F7B500290446BABF49422D232B234B
:100D7000092904F8022B437020DD0DF107031F46FB
:100D80000A2691FBF6F506FB15113031092D03F803
:100D9000011C03F1FF32294609DC3031023B02F825
:100DA000011CBB42224604D3101A03B0F0BD134607
:100DB000E7E713F8012B04F8012BF2E7302319447D
:100DC0008370021DC170EFE72DE9F04F8DB00C4626
:100DD000DDF8588016461F46054601F009F90368FC
:100DE0000493184600F0B6FA00230A93D8F80030AE
:100DF0000590073323F0070303F1080294F818A0C5
:100E0000D4F800B0C8F80020D3E90023C4E91223C5
:100E1000D4E9128929F000430793CDF818804FF0E8
:100E2000FF32A74BDDE9060102F044F870BB4FF03A
:100E3000FF32A34BDDE9060102F01EF830BB0022B1
:100E400000234046494602F00DF810B12D2384F8E6
:100E500043309C4A9C4BBAF1470F8CBF9046984652
:100E600003232BF00402236122604FF00009009756
:100E700033460BAA2146284600F0E6F9013040F03F
:100E80008D804FF0FF300DB0BDE8F08F42464B46ED
:100E90004046494602F00EF810B18C4A8C4BDAE716
:100EA00061684B1C4BF480620AA83ED10623636044
:100EB0000023CDE9020309AB009349EC108B0DF13F
:100EC00023032260CDF804A061682846FFF7E8FEFE
:100ED0000AF0DF03472B804609D1099BD81C02DBAF
:100EE0006268934247DDAAF1020A5FFA8AFABAF110
:100EF000650F099924D80139524604F1500009912F
:100F0000FFF72FFF0A9A1318012A8146236102DC9A
:100F10002268D10701D5013323619DF82330002BCE
:100F2000A5D02D2384F84330A1E7BAF1670F00F074
:100F30007781BAF1470FBBD10029B9D10123B6E7B8
:100F4000BAF1660F19D1002963680CDD216113B96C
:100F50002268D20702D501330B442361099BA365A4
:100F60004FF00009D9E713B92268D00701D5023341
:100F7000F3E70123F1E74FF0670ADDE90932934215
:100F800005DB22682361D107E8D50133E5E7002BB3
:100F9000D4BFC3F1020301231344DEE723685A05DB
:100FA00007D42369424631462846B84701302BD141
:100FB00067E7BAF1650F40F2DC8000220023D4E934
:100FC000120101F045FF002833D00123414A314688
:100FD0002846B84701303FF454AFDDE909239A426F
:100FE00002DB2368D8070FD5DDE904233146284604
:100FF000B84701303FF445AF4FF0000804F11A093B
:101000000A9B013B434509DC23689B0700F10381F0
:10101000E0680B9B9842B8BF184634E701234A4664
:1010200031462846B84701303FF42BAF08F101089C
:10103000E6E7099B002B2BDC0123264A3146284694
:10104000B84701303FF41DAF099B23B90A9B13B980
:101050002368D907D8D5DDE9042331462846B847A7
:1010600001303FF40EAF4FF0000904F11A0A099B5A
:101070005B424B4501DC0A9B94E701235246314613
:101080002846B84701303FF4FCAE09F10109EEE70C
:101090000A9AA36D9A42A8BF1A46002A914607DD14
:1010A0001346314642462846B84701303FF4E9AE80
:1010B00004F11A034FF0000B29EAE979069315E0D1
:1010C000FFFFEF7F4C32030048320300543203002D
:1010D00050320300583203000123069A3146284655
:1010E000B84701303FF4CDAE0BF1010BD4F858A056
:1010F000AAEB09035B45EFDCDDE909239A42D04402
:1011000015DB2368DA0712D40A9B0999A3EB0A02BC
:10111000A3EB010A9245A8BF9246BAF1000F0EDC7C
:101120004FF000082AEAEA7A04F11A0919E0DDE929
:10113000042331462846B8470130E5D1A1E653469D
:10114000424631462846B8470130E9D199E60123A5
:101150004A4631462846B84701303FF492AE08F17E
:101160000108DDE909239B1AA3EB0A034345EEDCE2
:101170004AE70A9A012A01DCDB073AD501234246F5
:1011800031462846B84701303FF47BAEDDE9042301
:1011900031462846B847013008F101083FF471AEE6
:1011A0000A9B002203F1FF3AD4E91201002301F067
:1011B0004FFEC8B95346424631462846B84701302B
:1011C0000ED15EE60123524631462846B84701302B
:1011D0003FF457AE08F101080A9B013B4345F1DC9F
:1011E0004B4604F15002DEE64FF0000804F11A0A03
:1011F000F2E70123DFE701234A4631462846B84794
:1012000001303FF43EAE08F10108E3680B9A9B1AE7
:101210004345F0DCFCE64FF0000804F11909F4E75F
:1012200000293FF48BAE0023CDE9020309AB009304
:1012300049EC108B2260CDF804A00DF12303284661
:10124000FFF72EFD804648E62DE9F04791461F4600
:101250008A680B69DDF820809342B8BF1346C9F84D
:10126000003091F8432006460C4612B10133C9F80C
:1012700000302368990642BFD9F800300233C9F81C
:101280000030256815F0060507D104F1190AE36856
:10129000D9F800209B1AAB4228DC94F8433022682E
:1012A000003318BF012392062DD404F143023946BE
:1012B0003046C047013020D02368E568D9F80020C7
:1012C00003F00603042B08BFAD1AA36822690CBF04
:1012D00025EAE57500259342C4BF9B1AED184FF02F
:1012E00000091A344D451AD1002008E00123524666
:1012F00039463046C047013003D14FF0FF30BDE8DA
:10130000F0870135C3E7E1185A1C302081F843000B
:10131000224494F8451082F843100233C5E70123B4
:10132000224639463046C0470130E6D009F101096E
:10133000D8E7000038B5064C002305460846236070
:1013400001F0F6FD431C02D1236803B12B6038BDC8
:1013500074830020034613F8012B002AFBD1181ACE
:10136000013870472DE9F74F03690C69A3428046A5
:10137000C0F28280013C01F114074FEA840C00F1B5
:10138000140657F8245056F8240006EB0C030135D8
:1013900007EB0C090193B0FBF5F595B34FF0000A8C
:1013A0003846B646D34650F8042B93B205FB03A348
:1013B0004FEA134A9BB2ABEB0303120CDEF800B00A
:1013C00005FB02A213FA8BF34FEA124A1FFA82FBC3
:1013D000DEF80020CBEB124202EB23429BB243EA41
:1013E000024381454FEA224B4EF8043BDBD256F8CC
:1013F0000C3033B9019B043B9E421A4630D3C8F8E7
:101400001040404601F01AF8002825DB013530462F
:101410004FF0000C57F8042BD0F800E093B2ACEB7F
:101420000303120C13FA8EF3C2EB1E4202EB2342AB
:101430009BB243EA0243B9454FEA224C40F8043BD1
:10144000E8D256F8242006EB84032AB9043B9E42D6
:101450001A460BD3C8F81040284603B0BDE8F08FF9
:101460001268043B002ACAD1013CC5E71268043B5C
:10147000002AEFD1013CEAE70020EEE7000000007F
:101480002DE9F04F57EC106B97B0456A0691044672
:101490000B921293DDF88080CDE900673DB91020F2
:1014A000FFF704F96062C0E901550560C560636A31
:1014B000196851B15A684A60012393408B602046F5
:1014C00000F0DAFD636A00221A603B1EBBBF23F006
:1014D0000043019300230122ACBFC8F80030C8F8D4
:1014E0000020AF4BDDF8048033EA080314D1129AD0
:1014F00042F20F731360009B23B9C8F31300002856
:1015000000F04285219BDFF8ACB2002B00F044854F
:101510000BF1030300F03EBDDDE90067002200236C
:101520003046394601F094FC814668B1129A012395
:101530001360219B002B00F024859A4B219A03F124
:10154000FF3B136000F028BD14AA15A947EC106BEF
:10155000204600F0EAFFC8F30A550490002D7CD025
:10156000C7F3130343F07F5BB2464BF4401BA5F275
:10157000FF35CDF84C9000228B4B5046594601F078
:1015800047F881A3D3E9002301F0FAF980A3D3E956
:10159000002301F03FF8064628460F4601F086F981
:1015A0007DA3D3E9002301F0EBF902460B46304658
:1015B000394601F02FF806460F4601F091FC002253
:1015C000824600233046394601F04CFC48B1504673
:1015D00001F06CF932463B4601F03AFC08B90AF1D9
:1015E000FF3ABAF1160F59D8704901EBCA01DDE98B
:1015F0000023D1E9000101F053FC002850D00AF18A
:10160000FF3A00230F93149B5D1BB5F1010849BFFE
:10161000C5F10103002305934FF0000858BF05935F
:10162000BAF1000F3EDB0023D044CDF838A0079379
:10163000069B092B00F29080052BC4BF043B069348
:10164000069BA3F10203CCBF00250125032B00F26A
:101650008F80DFE803F07D7F3171DDE914531D4495
:1016600005F23240202813DDC0F14000009B08FA4B
:1016700000F805F2124023FA00F048EA000001F0F9
:1016800005F901238246A1F1F87B013D139372E72E
:10169000009BC0F1200003FA00F0F0E70123B1E75E
:1016A0000F90B0E7059BA3EB0A030593CAF1000373
:1016B000079300230E93BBE701230A930B9B002B98
:1016C00059DD02939946666A00227260042202F193
:1016D00014009842716853D9204600F099FC636A5F
:1016E0003060B9F10E0FD3F800B000F2E680002DA3
:1016F00000F0E3809DED007BBAF1000F8DED107BD3
:1017000074DD2A4A0AF00F0302EBC30393ED007B5A
:101710004FEA2A16F0068DED087B65D5244BDDE9EE
:101720001001D3E9082301F055FACDE9000106F0D4
:101730000F0603251E4F4CE001230A930B9B5344D5
:1017400003F1010902934B46012BB8BF0123BAE70D
:101750000023B2E70023F0E70125002306930A9552
:101760004FF0FF3302939946002212230B92AAE70F
:1017700001230A93F4E70123029399461A46F5E7F9
:10178000013171605200A2E761436F63A787D23FC6
:10179000B3C8608B288AC63FFB799F501344D33F60
:1017A0000000F07F593203000000F83FF0320300E0
:1017B000C832030063320300F10708D5DDE90801F0
:1017C000D7E9002301F0DCF8CDE9080101357610F6
:1017D0000837002EF0D1DDE90823DDE9000101F032
:1017E000F9F9CDE900011AE00225A3E700F0A08095
:1017F000CAF100069F4BA04F06F00F0203EBC20395
:10180000D3E90023DDE9100101F0BAF8CDE90001C8
:10181000361100230225002E7FD1002BE1D10F9B32
:10182000002B00F08780DDE900670022934B3046F3
:10183000394601F017FB00287CD0B9F1000F79D0B0
:10184000029B002B35DD0AF1FF3308933946002255
:101850008B4B304601F094F8CDE90001029F013531
:10186000284601F023F8DDE9002301F089F8002281
:10187000844B00F0CFFE0546A1F15076002F5DD1DC
:101880000022814BDDE9000100F0C2FE2A4633460A
:10189000CDE9000101F004FB002840F088822A46CF
:1018A00006F10043DDE9000101F0DCFA002840F018
:1018B0007C82DDE91023CDE90023159B002BC0F2CB
:1018C0005081BAF10E0F00F34C816A4B03EBCA034F
:1018D00093ED007B0B9B002B8DED027B80F2D8807B
:1018E000B9F1000F00F3D48040F05E820022664B15
:1018F00051EC170B01F044F8DDE9002301F0C6FAC2
:101900004F464E46002840F0348231230BF101054A
:101910008BF800300AF1010A2FE2F20705D5D7E96A
:10192000002301F02DF8013501237610083772E706
:10193000022574E7CDF820A04F4691E74D4B03EB0D
:10194000C70353E902010A9B002B47D002460B460E
:1019500000204E4901F03EF92A46334600F058FE79
:10196000CDE90C015D46DDE9000101F0B9FA06465A
:1019700000F09CFF02460B46DDE9000100F048FE46
:10198000303605F8016BDDE90C23CDE9000101F0EB
:1019900069FA002863D1DDE900230020374900F00F
:1019A00037FEDDE90C2301F05DFA002840F0B78036
:1019B000A5EB0B039F427FF77CAF0022304BDDE9A4
:1019C0000C0100F0DDFF0022CDE90C012C4BDDE91C
:1019D000000100F0D5FFCDE90001C4E72A463346F7
:1019E00000F0CEFFCDE90C010BEB07055E46DDE90B
:1019F000000101F075FA074600F058FF3037024643
:101A00000B46DDE9000100F003FE06F8017BAE4263
:101A1000CDE900014FF0000226D11C4BDDE90C019D
:101A200000F0F8FD02460B46DDE9000101F038FA4E
:101A3000002874D1DDE90C230020144900F0E8FDF2
:101A400002460B46DDE9000101F00CFA00283FF4E4
:101A500030AF15F8013C302B05F1FF3202D0DDF834
:101A600020A04AE01546F4E7054B00F089FFCDE9D8
:101A70000001BCE7F0320300C83203000000F03F71
:101A80000000244000001C40000014400000E03F23
:101A9000DDE900675D46DDE902233046394601F0A5
:101AA00099F801F01DFA804600F000FFDDE90223FD
:101AB00000F066FF02460B463046394608F1300614
:101AC00000F0A6FD05F8016BA5EB0B06B14502463B
:101AD0000B4639D100F09EFDDDE9022306460F4694
:101AE00001F0DEF9C8B9DDE902233046394601F0DC
:101AF000AFF910B118F0010F0FD10499204600F092
:101B0000BBFA0023129A2B700AF101031360219B88
:101B1000002B00F041821D603EE2CDF820A015F8B8
:101B2000012C392A05F1FF3308D19B450AD1089BC6
:101B30000133089330238BF800305B461A7801326A
:101B40001A708CE71D46EAE700229B4B00F018FF55
:101B50000022002306460F4601F07AF900289AD0A9
:101B6000CBE70A9A002A00F08B80069A012A6EDCE5
:101B7000139A002A67D003F23343079F059D059A05
:101B800001211A4420460592984400F015FB0646B0
:101B9000002D0CDDB8F1000F09DD4545059A2B46F7
:101BA000A8BF4346D21A0592ED1AA8EB0308079B7B
:101BB000EBB10A9B002B67D08FB131463A462046E5
:101BC00000F09AFB049A01460646204600F0FDFA12
:101BD00004990890204600F04FFA089B0493079B55
:101BE000DA1B04D00499204600F086FB0490012102
:101BF000204600F0E1FA0E9B0746002B00F0D08152
:101C00001A460146204600F077FB069B012B07464B
:101C100040DC009B002B39D1019BC3F31303002B45
:101C200036D1019B23F000431B0D1B052BB1059BF7
:101C30000133059308F10108012307930E9B002B44
:101C40002AD1012030E0149BC3F1360395E7079BAE
:101C500009F1FF37BB42BFBF079B0797FA1A0E9BDC
:101C6000BBBF9B180E93DF1B0027B9F1000FB5BF58
:101C7000059B059DA3EB09054B46B8BF00237EE7F6
:101C8000079F059D0A9E83E7079AABE70023D4E7E9
:101C9000009BD2E7002307933B6907EB8303186996
:101CA00000F03CFAC0F12000404410F01F0047D083
:101CB000C0F12003042B3BDD059BC0F11C00034455
:101CC000059305448044059B002B05DD1A460499C5
:101CD000204600F05FFB0490B8F1000F05DD3946A7
:101CE0004246204600F056FB07460F9B53B3394649
:101CF000049800F0A3FB002824DA00230A220499A8
:101D0000204600F0D0F90A9B04900AF1FF3A002B1C
:101D100000F04D81002331460A22204600F0C3F92D
:101D2000029B002B06464FDC069B022B4CDD11E08C
:101D3000C9D0059A1C331A4405921D449844C2E741
:101D40000346F6E7B9F1000F38DC069B022B35DDC0
:101D5000CDF80890029B63B939460522204600F071
:101D6000A2F901460746049800F068FB00283FF7F7
:101D7000CCAD0B9B5D466FEA030A4FF00009394674
:101D8000204600F079F9002E3FF4B7AEB9F1000F0C
:101D900005D0B14503D04946204600F06DF93146E3
:101DA000204600F069F9A8E600273E46E1E7DDF8A5
:101DB00020A03E46A9E500BF000024400A9BCDF8C4
:101DC0000890002B00F0FA80002D05DD31462A46F0
:101DD000204600F0DFFA0646079B002B4CD07168C6
:101DE000204600F015F9326902320546920006F1EC
:101DF0000C010C30FEF772FE01222946204600F04D
:101E0000C9FA009BCDF814B003F00103B146079363
:101E1000064639460498FFF7A5FA4946054600F1FB
:101E20003008049800F00AFB3246009039462046FC
:101E300000F01EFBC368024603BB014608900498ED
:101E400000F0FCFA089A034611462046089300F079
:101E500013F9089BA3B9069A92B9079A82B9B8F107
:101E6000390F29D0009B002B01DD05F13108059BBE
:101E70005D1C83F8008082E73046C2E70123E3E778
:101E8000009A002A04DB25D1069A1ABB079A0ABBDE
:101E9000002BECDD01220499204600F07BFA394644
:101EA000049000F0CBFA002803DCE0D118F0010F19
:101EB000DDD0B8F1390FD8D1059B059A5D1C3923C7
:101EC000137015F8013C392B05F1FF324FD0013367
:101ED000137054E7059A002B02F1010506DDB8F1F5
:101EE000390FE9D008F10108059BC2E7029A05F80D
:101EF000018CA5EB0B03934221D000230A22049905
:101F0000204600F0D0F8B14504904FF000034FF0A8
:101F10000A024946204605D100F0C5F8814606462A
:101F2000059576E700F0BFF83146814600230A2286
:101F3000204600F0B8F80646F2E74FF0000901220B
:101F40000499204600F026FA3946049000F076FA0B
:101F50000028B6DC02D118F0010FB2D115F8013C0F
:101F6000302B05F1FF327FF40AAF1546F6E79345B3
:101F700005D131230AF1010A8BF80030FFE615463E
:101F80009FE7DFF864B007E0219BDFF860B01BB18A
:101F90000BF10803219A1360584617B0BDE8F08F83
:101FA000069B012B7FF735AE0E9B079349E6029BFC
:101FB000002B03DC069B022B3FF7CCAE5D46394677
:101FC0000498FFF7CFF900F1300805F8018B029A69
:101FD000A5EB0B039A42B0DD00230A2204992046A8
:101FE00000F061F80490EAE7583203005A32030027
:101FF000044B1B68186A044B002808BF1846F030D1
:10200000704700BF1C61002080610020704770474E
:1020100070B5456A04460E463DB91020FEF746FBF2
:102020006062C0E901550560C560656AEB6883B10F
:10203000636ADB6853F82600B8B9012101FA06F596
:102040006A1D92002046FEF775FD60B1C0E901658A
:102050000EE0212204212046FEF76CFD636AE86051
:10206000DB68002BE4D1002070BD026843F8262015
:102070000023C0E90333F7E770B5446A06460D460E
:102080003CB91020FEF712FB7062C0E90144046005
:10209000C4603DB1736A6A68DB6853F82210296036
:1020A00043F8225070BD2DE9F0410D691F460646E8
:1020B0000C4601F1140C0023DCF8000081B202FB95
:1020C00001710F0C000C02FB007089B2013301EBAF
:1020D00000419D424FEA10474CF8041BECDCD7B19D
:1020E000A368AB4212DC616830460131FFF790FF14
:1020F0002269023204F10C01804692000C30FEF796
:10210000EDFC21463046FFF7B7FF444604EB85035C
:1021100001355F6125612046BDE8F081020C1204A3
:102120000346B2B90304102013F07F4F04BF1B0213
:10213000083013F0704F04BF1B01043013F0404F00
:1021400004BF9B000230002B06DB5B0003D501308F
:1021500070470020E8E720207047036813F007026B
:1021600001460BD0DA0723D4980749BF5B089B08C8
:1021700001200B605CBF0B600220704798B2A8B9C9
:102180001B0C102013F0FF0F04BF1B0A08301A07A6
:1021900004BF1B0904309A0704BF9B080230DA070A
:1021A00002D45B0806D001300B6070471046E9E7A7
:1021B000002070472020704710B50C460121FFF722
:1021C00027FF01224461026110BD2DE9F74F14463B
:1021D0000A6923699A42B8BF0B468846BCBFA0462D
:1021E0001C46D8F81070D4F81090D8F80830D8F8F9
:1021F000041007EB0906B342B8BF0131FFF708FF2F
:1022000000F1140505EB860E2B460022734516D30C
:1022100004F1140208F1140102EB890301EB8707B2
:102220000093009B019293420CD8002E03DD5EF8D0
:10223000043D002B5DD0066103B0BDE8F08F43F88C
:10224000042BE3E7B2F800B0BBF1000F23D08946BE
:10225000AC464FF0000859F8044BDCF800A0A3B2DC
:102260001FFA8AFA0BFB03A34FEA144ADCF800407A
:1022700043444FEA14480BFB0A8404EB1344E24640
:102280009BB243EA04434F454FEA14484AF8043BE3
:102290002BD8CCF80480019BB3F802A00432BAF129
:1022A000000F20D02B688946A8464FF0000BB9F8E4
:1022B00000C0B8F802400AFB0C445C44C4469BB220
:1022C00043EA04434CF8043B59F8043BB8F804B023
:1022D0001B0C0AFB03B303EB14434F454FEA134BAC
:1022E00005D8C8F8043004359BE7D446B3E7E04688
:1022F000DDE7013E99E700002DE9F843154612F0AD
:10230000030206460F4607D0013A214C002354F839
:102310002220FFF7C8FE0746AD1035D0746A3CB9DD
:102320001020FEF7C3F97062C0E901440460C46084
:10233000D6F82480D8F808404CB940F271213046D4
:10234000FFF73AFF0023C8F80800044603604FF087
:102350000008EB070AD5394622463046FFF735FF1D
:10236000394681463046FFF787FE4F466D100BD049
:10237000206838B9224621463046FFF726FF206004
:10238000C0F800800446E4E73846BDE8F88300BFA3
:10239000B83303002DE9F0470C464FEA621A23696F
:1023A00049680AEB0309A3680746164609F10105C7
:1023B000AB4232DB3846FFF72BFE0023804600F1AC
:1023C00014011A4653452BDB20692AEAEA7A04F104
:1023D000140316F01F0201EB8A0103EB800C25D0D9
:1023E000C2F1200E00201E688A46964030434AF80B
:1023F000040B53F8040B9C4520FA0EF014D84860E7
:1024000008B109F10205013D3846C8F810502146CF
:10241000FFF732FE4046BDE8F08701315B00C7E7B9
:1024200041F823200133CDE75146DCE7043953F866
:10243000042B41F8042F9C45F9D8E4E703690A69A5
:102440009B1A30B50CD19200143014318418114409
:1024500054F8045D51F8042D954203D005D30123AF
:10246000184630BDA042F3D3FAE74FF0FF33F7E749
:102470002DE9F0470D460746114628461446FFF75A
:10248000DDFF061E08D131463846FFF7C1FD0123A6
:10249000C0E90436BDE8F087A4BF23462C46384681
:1024A0006168A6BF1D4600260126FFF7B1FD2B6916
:1024B000C660266905F1140904F1140202EB8607CF
:1024C00009EB830800F114054FF0000E52F804AB3D
:1024D00059F8044B1EFA8AF1A3B2C91A230CC3EBB4
:1024E0001A4303EB214389B24FEA234EC84541EA20
:1024F0000343944645F8043BE8D8BC4504D355F85B
:10250000043D83B10661C5E75CF8041B1EFA81F344
:102510001A1402EB11429BB243EA02434FEA224EE5
:1025200045F8043BE9E7013EE9E72DE9F7430E46AC
:10253000012159EC108B1546FFF76AFDC9F30A54C7
:102540000746C9F3130334BB0193B8F1000327D046
:1025500002A840F8083DFFF700FE0099F0B1019A8B
:10256000C0F1200302FA03F30B43C2407B610192E6
:10257000019BBB61002B14BF022101213961C4B151
:10258000A4F2334404443460C0F135002860384676
:1025900003B0BDE8F08343F48013D5E77961E7E742
:1025A00001A8FFF7DAFD019B7B6101213961203031
:1025B000E5E707EB8103A0F2324030601869FFF7CE
:1025C000ADFDC0EB4110E1E782B001B901A942B114
:1025D0004BB113780B601278101C18BF012002B0A9
:1025E00070471046FBE76FF00100F8E749B1FF2A9A
:1025F00085BF8A2303600A704FF0FF3098BF012027
:10260000704708467047000081F0004102E000BFBB
:1026100083F0004330B54FEA41044FEA430594EAA2
:10262000050F08BF90EA020F1FBF54EA000C55EADD
:10263000020C7FEA645C7FEA655C00F0E2804FEAAE
:102640005454D4EB5555B8BF6D420CDD2C4480EA90
:10265000020281EA030382EA000083EA010180EAC0
:10266000020281EA0303362D88BF30BD11F0004F0E
:102670004FEA01314FF4801C4CEA113102D0404244
:1026800061EB410113F0004F4FEA03334CEA13337F
:1026900002D0524263EB430394EA050F00F0A78097
:1026A000A4F10104D5F1200E0DDB02FA0EFC22FA92
:1026B00005F2801841F1000103FA0EF2801843FA86
:1026C00005F359410EE0A5F120050EF1200E012A77
:1026D00003FA0EFC28BF4CF0020C43FA05F3C018B5
:1026E00051EBE37101F0004507D54FF0000EDCF12E
:1026F000000C7EEB00006EEB0101B1F5801F1BD3D7
:10270000B1F5001F0CD349085FEA30004FEA3C0CDA
:1027100004F101044FEA445212F5800F80F09A80D0
:10272000BCF1004F08BF5FEA500C50F1000041EBD4
:10273000045141EA050130BD5FEA4C0C404141EBD8
:10274000010111F4801FA4F10104E9D191F0000FFF
:1027500004BF01460020B1FA81F308BF2033A3F182
:102760000B03B3F120020CDA0C3208DD02F1140C79
:10277000C2F10C0201FA0CF021FA02F10CE002F1B4
:102780001402D8BFC2F1200C01FA02F120FA0CFCAD
:10279000DCBF41EA0C019040E41AA2BF01EB0451F6
:1027A000294330BD6FEA04041F3C1CDA0C340EDCF4
:1027B00004F11404C4F1200220FA04F001FA02F337
:1027C00040EA030021FA04F345EA030130BDC4F1F5
:1027D0000C04C4F1200220FA02F001FA04F340EAEA
:1027E0000300294630BD21FA04F0294630BD94F09B
:1027F000000F83F4801306BF81F480110134013D82
:102800004EE77FEA645C18BF7FEA655C29D094EAF2
:10281000050F08BF90EA020F05D054EA000C04BF70
:102820001946104630BD91EA030F1EBF002100205B
:1028300030BD5FEA545C05D14000494128BF41F0FA
:10284000004130BD14F580043CBF01F5801130BD5E
:1028500001F0004545F0FE4141F470014FF00000E9
:1028600030BD7FEA645C1ABF194610467FEA655C9A
:102870001CBF0B46024650EA013406BF52EA03353C
:1028800091EA030F41F4002130BD00BF90F0000F2A
:1028900004BF0021704730B54FF4806404F1320466
:1028A0004FF000054FF0000150E700BF90F0000F1F
:1028B00004BF0021704730B54FF4806404F1320446
:1028C00010F0004548BF40424FF000013EE700BF16
:1028D00042004FEAE2014FEA31014FEA02701FBFA6
:1028E00012F07F4393F07F4F81F06051704732F0D8
:1028F0007F4208BF704793F07F4F04BF41F400212F
:10290000704730B54FF4607401F0004521F000418C
:102910001CE700BF50EA010208BF704730B54FF016
:1029200000050AE050EA010208BF704730B511F017
:10293000004502D5404261EB41014FF4806404F14F
:1029400032045FEA915C3FF4D8AE4FF003025FEAD5
:10295000DC0C18BF03325FEADC0C18BF033202EB59
:10296000DC02C2F1200300FA03FC20FA02F001FAB3
:1029700003FE40EA0E0021FA02F11444BDE600BF56
:1029800070B54FF0FF0C4CF4E06C1CEA11541DBF05
:102990001CEA135594EA0C0F95EA0C0F00F0DEF8D0
:1029A0002C4481EA030621EA4C5123EA4C5350EAB5
:1029B000013518BF52EA033541F4801143F4801306
:1029C00038D0A0FB02CE4FF00005E1FB02E506F097
:1029D0000042E0FB03E54FF00006E1FB03569CF0EC
:1029E000000F18BF4EF0010EA4F1FF04B6F5007FF2
:1029F00064F5407404D25FEA4E0E6D4146EB060664
:102A000042EAC62141EA55514FEAC52040EA5E50EC
:102A10004FEACE2EB4F1FD0C88BFBCF5E06F1ED896
:102A2000BEF1004F08BF5FEA500E50F1000041EBCD
:102A3000045170BD06F0004646EA010140EA02007A
:102A400081EA0301B4EB5C04C2BFD4EB0C0541EA9C
:102A5000045170BD41F480114FF0000E013C00F3B1
:102A6000AB8014F1360FDEBF002001F0004170BDD5
:102A7000C4F10004203C35DA0C341BDC04F11404EE
:102A8000C4F1200500FA05F320FA04F001FA05F27A
:102A900040EA020001F0004221F0004110EBD37047
:102AA00021FA04F642EB06015EEA430E08BF20EA73
:102AB000D37070BDC4F10C04C4F1200500FA04F316
:102AC00020FA05F001FA04F240EA020001F00041A8
:102AD00010EBD37041F100015EEA430E08BF20EA1B
:102AE000D37070BDC4F1200500FA05F24EEA020E63
:102AF00020FA04F301FA05F243EA020321FA04F092
:102B000001F0004121FA04F220EA020000EBD37048
:102B10005EEA430E08BF20EAD37070BD94F0000F48
:102B20000FD101F00046400041EB010111F4801F7C
:102B300008BF013CF7D041EA060195F0000F18BF2D
:102B4000704703F00046520043EB030313F4801F69
:102B500008BF013DF7D043EA0603704794EA0C0F23
:102B60000CEA135518BF95EA0C0F0CD050EA410639
:102B700018BF52EA4306D1D181EA030101F00041B6
:102B80004FF0000070BD50EA410606BF10461946DE
:102B900052EA430619D094EA0C0F02D150EA0136EA
:102BA00013D195EA0C0F05D152EA03361CBF10462B
:102BB00019460AD181EA030101F0004141F0FE41CA
:102BC00041F470014FF0000070BD41F0FE4141F44E
:102BD000780170BD70B54FF0FF0C4CF4E06C1CEA4E
:102BE00011541DBF1CEA135594EA0C0F95EA0C0F03
:102BF00000F0A7F8A4EB050481EA030E52EA0335BE
:102C00004FEA013100F088804FEA03334FF08055DE
:102C100045EA131343EA12634FEA022245EA11150B
:102C200045EA10654FEA00260EF000419D4208BFBC
:102C3000964244F1FD0404F5407402D25B084FEA69
:102C40003202B61A65EB03055B084FEA32024FF415
:102C500080104FF4002CB6EB020E75EB030E22BF72
:102C6000B61A754640EA0C005B084FEA3202B6EB32
:102C7000020E75EB030E22BFB61A754640EA5C00E1
:102C80005B084FEA3202B6EB020E75EB030E22BF71
:102C9000B61A754640EA9C005B084FEA3202B6EB72
:102CA000020E75EB030E22BFB61A754640EADC0031
:102CB00055EA060E18D04FEA051545EA16754FEA93
:102CC00006164FEAC30343EA52734FEAC2025FEAB1
:102CD0001C1CC0D111F4801F0BD141EA00014FF040
:102CE00000004FF0004CB6E711F4801F04BF014311
:102CF0000020B4F1FD0C88BFBCF5E06F3FF6AFAE2D
:102D0000B5EB030C04BFB6EB020C5FEA500C50F1BC
:102D1000000041EB045170BD0EF0004E4EEA11313F
:102D200014EB5C04C2BFD4EB0C0541EA045170BD46
:102D300041F480114FF0000E013C90E645EA060E8A
:102D40008DE60CEA135594EA0C0F08BF95EA0C0FB8
:102D50003FF43BAF94EA0C0F0AD150EA01347FF400
:102D600034AF95EA0C0F7FF425AF104619462CE7D7
:102D700095EA0C0F06D152EA03353FF4FDAE10463A
:102D8000194622E750EA410618BF52EA43067FF48B
:102D9000C5AE50EA41047FF40DAF52EA43057FF41B
:102DA000EBAE12E74FF0FF3C06E000BF4FF0010C26
:102DB00002E000BF4FF0010C4DF804CD4FEA410C8A
:102DC0007FEA6C5C4FEA430C18BF7FEA6C5C1BD057
:102DD00001B050EA410C0CBF52EA430C91EA030FD8
:102DE00002BF90EA020F0020704710F1000F91EA35
:102DF000030F58BF994208BF90422CBFD8176FEA03
:102E0000E37040F0010070474FEA410C7FEA6C5CD0
:102E100002D150EA013C07D14FEA430C7FEA6C5CD7
:102E2000D6D152EA033CD3D05DF8040B704700BF03
:102E30008446104662468C461946634600E000BF51
:102E400001B5FFF7B7FF002848BF10F1000F01BD23
:102E50004DF808EDFFF7F4FF0CBF012000205DF8EE
:102E600008FB00BF4DF808EDFFF7EAFF34BF012073
:102E700000205DF808FB00BF4DF808EDFFF7E0FF0C
:102E800094BF012000205DF808FB00BF4DF808ED5D
:102E9000FFF7CEFF94BF012000205DF808FB00BFC4
:102EA0004DF808EDFFF7C4FF34BF012000205DF8A6
:102EB00008FB00BF4FEA410C7FEA6C5C02D150EA8C
:102EC000013C0AD14FEA430C7FEA6C5C02D152EA22
:102ED000033C02D14FF0000070474FF001007047F3
:102EE0004FEA410212F5001215D211D56FF4787332
:102EF000B3EB625212D94FEAC12343F0004343EAD5
:102F0000505311F0004F23FA02F018BF40427047AF
:102F10004FF00000704750EA013005D111F0004039
:102F200008BF6FF0004070474FF00000704700BFCF
:102F3000044A05491368002B08BF0B46184410606B
:102F4000184670475083002078830020FEE700BFBA
:102F5000F8B500BFF8BC08BC9E467047F8B500BF86
:102F6000F8BC08BC9E46704754696E7955534220A0
:102F700053657269616C00000000000000000000F1
:102F80003165020089630200796302006D6302000B
:102F9000F16202003D63020011630200D16302008E
:102FA000F0FFFFFF0000000029650200120100028F
:102FB000000000409A232980000101020301000063
:102FC00009020900000100A0320000003031323354
:102FD0003435363738394142434445464C696C797B
:102FE000676F0000542D4563686F2D436172642D37
:102FF0006E5246353238343000000000416461665C
:1030000072756974000000004D6173732053746F12
:103010007261676500000000312E300075736264D4
:1030200000000000050F3900021810050038B6082E
:1030300034A909A0478BFDA0768815B6650001016B
:10304000011C100500DF60DDD88945C74C9CD265A6
:103050009D9E648A9F00000306B2000200010300E7
:1030600000000000ED6F02007D700200A9700200F8
:10307000F1700200FD710200D17202000000000038
:1030800000000000497D020000000000597D0200A0
:10309000697D0200017E0200517F020000000000F5
:1030A0000000000089740200A1740200A5740200EF
:1030B000BD74020085750200AD77020000000000BB
:1030C00000000000498C02006D8C0200718C02002F
:1030D000958C0200BD8D02003D95020000000000AD
:1030E000000000006D780200DD780200097902001E
:1030F00031790200657A0200697A0200000000005E
:1031000000000000218602007986020095860200F8
:10311000B9860200116D0200F18702000000000074
:103120005F757362645F7164656600000000000093
:103130000100000002000000030000000400000085
:103140000500000006000000070000000800000065
:10315000090000000A0000000B0000000C00000045
:103160000D0000000E0000000F0000001000000025
:103170001100000012000000130000001400000005
:1031800015000000160000001700000018000000E5
:10319000190000001A0000001B0000001C000000C5
:1031A0001D0000001E0000001F00000020000000A5
:1031B0002100000022000000230000002400000085
:1031C0002500000026000000270000002800000065
:1031D000290000002A0000002B0000002C00000045
:1031E0002D0000002E0000002F0000000000000055
:1031F000000000004DCF020099CF02000DCF020069
:1032000021CF0200F5CE020005CF0200FDCE020064
:10321000F1CF020015D2020051CE020049CE0200C9
:10322000546D725100000000546D7220537663009B
:103230006C6F6F700000000043616C6C6261636BC7
:103240000000000020610020494E4600696E6600C3
:103250004E414E006E616E003000496E66696E69C7
:103260007479004E614E0000000000000000000074
:10327000000000000000000000000000000000004E
:10328000000000000000000000000000000000003E
:10329000000000000000000000000000000000002E
:1032A000000000000000000000000000000000001E
:1032B000000000000000000000000000000000000E
:1032C00000000000000000000080E03779C34143A7
:1032D000176E05B5B5B89346F5F93FE9034F384D7C
:1032E000321D30F94877825A3CBF737FDD4F157528
:1032F000000000000000F03F00000000000024403B
:1033000000000000000059400000000000408F4015
:10331000000000000088C34000000000006AF84080
:103320000000000080842E4100000000D0126341A4
:103330000000000084D797410000000065CDCD411A
:10334000000000205FA00242000000E876483742FB
:10335000000000A2941A6D42000040E59C30A24299
:103360000000901EC4BCD64200003426F56B0C430E
:103370000080E03779C3414300A0D88557347643B5
:1033800000C84E676DC1AB43003D9160E458E14316
:10339000408CB5781DAF154450EFE2D6E41A4B448B
:1033A00092D54D06CFF08044F64AE1C7022DB544D0
:1033B000B49DD9794378EA44050000001900000063
:1033C0007D0000004300504F534958002E0000205C
:1033D00020202020202020202828282828202020C5
:1033E0002020202020202020202020202020208875
:1033F00010101010101010101010101010101004D9
:103400000404040404040404041010101010101028
:10341000414141414141010101010101010101011C
:103420000101010101010101010110101010101032
:1034300042424242424202020202020202020202EC
:103440000202020202020202020210101010200008
:10345000000000000000000000000000000000006C
:10346000000000000000000000000000000000005C
:10347000000000000000000000000000000000004C
:10348000000000000000000000000000000000003C
:10349000000000000000000000000000000000002C
:1034A000000000000000000000000000000000001C
:1034B000000000000000000000000000000000000C
:1034C00000000000000000000000000000000000FC
:0434D00000000000F8
:0834D4007C2DFF7F01000000C8
:1034DC000A00000000000306B20008000100000012
:1034EC00A800080002000000A000140003005749C7
:1034FC004E55534200000000000000000000840004
:10350C00040007002A00440065007600690063008F
:10351C00650049006E007400650072006600610071
:10352C00630065004700550049004400730000002B
:10353C0050007B0039003700350046003400340061
:10354C00440039002D0030004400300038002D00BC
:10355C0034003300460044002D0038004200330094
:10356C0045002D0031003200370043004100380087
:10357C004100460046004600390044007D00000032
:10358C00000000000400000010000C003C72002041
:10359C0020310300000000000000000000000000CB
:1035AC00000000000000000000000000000000000F
:1035BC0000000000000000000000000000000000FF
:1035CC0000000000000000000000000000000000EF
:1035DC0000000000000000000000000000000000DF
:1035EC0000000000FF0000000090D00320610020CC
:1035FC000000000088320300A83203006832030088
:10360C0000000000000000000000000000000000AE
:10361C00000000000000000000000000000000009E
:10362C00000000000000000000000000000000008E
:10363C00000000000000000000000000000000007E
:10364C00000000000000000000000000000000006E
:10365C00430000000000000000000000000000001B
:10366C00000000000000000000000000000000004E
:10367C0043000000000000000000000000000000FB
:10368C00000000000000000000000000000000002E
:10369C0043000000000000000000000000000000DB
:1036AC00000000000000000000000000000000000E
:1036BC0043000000000000000000000000000000BB
:1036CC0000000000000000000000000000000000EE
:1036DC00430000000000000000000000000000009B
:1036EC0000000000000000000000000000000000CE
:1036FC00430000000000000000000000000000007B
:10370C0000000000000000000000000000000000AD
:10371C00430000000000000000000000000000005A
:10372C00000000000000000000000000000000008D
:10373C00ED250300C925030000000000CE33030073
:10374C00CC330300CD330300CD330300CD33030062
:10375C00CD330300CD330300CD330300CD33030051
:10376C00CD330300CD330300FFFFFFFFFFFFFFFF4F
:10377C00FFFFFFFFFFFF00000100415343494900D9
:10378C00000000000000000000000000000000002D
:10379C0000000000000000000000415343494900B4
:1037AC00000000000000000000000000000000000D
:1037BC000000000000000000000000000162020098
:1037CC0035620200FD650200E9CD0200CDD4020095
:0437DC001162020074
:040000032000F9FDE3
:00000001FF
