:020000022000DC
:1060000000000420E96A0300296B03002B6B0300E6
:106010002D6B03002F6B0300316B030000000000A9
:10602000000000000000000000000000656A03009E
:10603000356B030000000000856A0300396B030024
:10604000D16C03003B6B03003B6B03003B6B030015
:106050003B6B03003B6B03003D4603003B6B0300BF
:106060003B6B03003B6B03003B6B03003B6B03008C
:106070003B6B03003B6B03003B6B03003B6B03007C
:106080003B6B0300E96703003B6B03003B6B0300C2
:106090003B6B03003B6B03003B6B03003B6B03005C
:1060A0003B6B03003B6B03003B6B03003B6B03004C
:1060B0003B6B03003B6B030000000000000000008E
:1060C0003B6B03003B6B03003B6B0300BD720300A3
:1060D0003B6B03003B6B03003B6B0300ED6C02006A
:1060E0003B6B03003B6B03003B6B030000000000B5
:1060F000000000003B6B030000000000357303004C
:10610000000000000000000000000000000000008F
:10611000000000000000000000000000000000007F
:10612000000000000000000000000000000000006F
:10613000000000000000000000000000000000005F
:10614000000000000000000000000000000000004F
:10615000000000000000000000000000000000003F
:10616000000000000000000000000000000000002F
:10617000000000000000000000000000000000001F
:10618000000000000000000000000000000000000F
:1061900000000000000000000000000000000000FF
:1061A00000000000000000000000000000000000EF
:1061B00000000000000000000000000000000000DF
:1061C00000000000000000000000000000000000CF
:1061D00000000000000000000000000000000000BF
:1061E00000000000000000000000000000000000AF
:1061F000000000000000000000000000000000009F
:10620000F1EE103A43F08073E1EE103A704700BFB0
:1062100010B5054C237833B9044B13B10448AFF3E0
:1062200000800123237010BD8C630020000000005B
:10623000D4C4030008B5034B1BB103490348AFF3B3
:10624000008008BD0000000090630020D4C403005B
:10625000154B002B08BF134B9D46A3F5803A002138
:106260008B460F461348144A121A12F00FFD0F4BBB
:10627000002B00D098470E4B002B00D098470020F1
:10628000002104000D000D48002802D00C48AFF397
:10629000008012F091FC2000290010F077FC12F031
:1062A00065FC00BF000008000000042000000000A2
:1062B000000000008C6300205085002000000000DA
:1062C000000000000146014800F08EBAC4630020BF
:1062D00038B5064B1D783DB100242046013400F04E
:1062E00047FEE0B28542F9D838BD00BFC063002048
:1062F000407DFF2806D010B500F086FD044618B199
:10630000204610BD0020704711F090F9204610BDC6
:10631000407DFF280ED000B583B00DF1070100F0DD
:10632000C7FD20B19DF8070003B05DF804FB4FF0F6
:10633000FF30F9E74FF0FF30704700BF407DFF2886
:1063400011D000B583B001220DF1070100F068FD06
:1063500020B94FF0FF3003B05DF804FB9DF8070053
:1063600003B05DF804FB4FF0FF307047407DFF281D
:1063700001D000F0FDBD7047407DFF2801D000F046
:106380003DBE0020704700BFF8B50646407DFF289F
:106390001CD017465AB10D46144600F00FFD294691
:1063A000224680B1707D00F08DFD241A01D138465F
:1063B000F8BD054411F03AF9707D00F0FFFC294664
:1063C00022460028EED13F1B3846F1E70020F8BDF9
:1063D0000AB32DE9F043524991F81C6191F81D511F
:1063E00091F81E7193B0994614467B1CAA1C8046F6
:1063F000B01C81F81C0181F81D2181F81E3101A813
:106400004222002112F042FCB9F1410F05D80020D0
:1064100013B0BDE8F083422070478DF806608DF818
:106420000E608DF82660721C40F20126D2B2ADF8E3
:106430001060DFF8F0C08DF81E20242640F6083EDC
:106440006B1C8DF827208DF83120ADF804E08DF815
:1064500016608DF820608DF82460CDF818C00426F1
:106460004FF0060C65F07F0540F209424FF0010E37
:1064700098F81410ADF80C208DF81CE005228DF86A
:106480001F608DF830608DF822C040F207568DF8FD
:1064900025C08DF82A5020464FF0030E63F07F048C
:1064A0004FF0080C02234FF411658DF814108DF88D
:1064B00007308DF808308DF809308DF812308DF8DE
:1064C00021308DF815208DF823208DF82BE08DF8E4
:1064D0002CC04FF00A0EADF82E504FF0400C01A921
:1064E000ADF8286007258DF833308DF840208DF801
:1064F0004140422244F20204ADF838608DF83B304E
:106500008DF83A708DF834E08DF83CC08DF83F502E
:10651000ADF8424012F096FB422013B0BDE8F08384
:10652000C463002020010524A0F11000FFF750BF34
:1065300070B50368184A5B6882B093428DF8071003
:1065400024D10546407DFF281DD000F037FC0DF119
:10655000070601243146224688B1687D00F0B2FC6E
:10656000241A02D1012002B070BD064411F05EF879
:10657000687D00F023FC314622460028EDD1C4F1AD
:10658000010002B070BD002002B070BD01220DF10B
:106590000701984702B070BD89630200437DFF2B5D
:1065A00000D07047094B1A78002AFAD110B500F1D3
:1065B000100442750649204601221A7000F0E0F9E5
:1065C00021460448BDE8104000F0F0B8C063002048
:1065D00050B80300C4630020407DFF2807D000B5F9
:1065E00083B000F0EBFB20B103B05DF804FB0020AA
:1065F0007047019011F01AF8019803B05DF804FBA0
:1066000001B900B1704700B583B0694600F0ECFBFA
:10661000009BB3F5966F02D003B05DF804FB00F069
:106620007BFBF9E730B4084B084A4FF47F4102F195
:106630000805002430324FF47A7099821D60C3E956
:1066400001401A6130BC7047A863002060B80300A5
:106650002DE9F0410024484E2546435D4719A3B17A
:1066600003F14002D2B2012A0AD9F42B08D81A0643
:106670000ED44FF0010EA3F55842B2F5006F56D27A
:1066800001354719435D002BEAD12046BDE8F08172
:1066900003F0E002C02A57D003F0F002E02A66D0EF
:1066A00003F0F802F02AEBD103F007024FF0040EDA
:1066B0007B7803F0C00CBCF1800FE1D197F802C0E9
:1066C0000CF0C00803F03F03B8F1800F43EA8213D7
:1066D000D6D10CF03F0CBEF1030F4CEA83132DD042
:1066E000FA7802F0C007802FCAD102F03F0242EAD6
:1066F0008313A3F58032B242C2D8A3F55847B7F549
:10670000006FBDD3B3F5803F05F1040510D31E2CF7
:10671000BBDC6300970A0B44C2F30902A7F52057BC
:10672000A2F5105221F814705A80023495E775448E
:10673000202CAAD021F8143001348EE7A3F5006292
:10674000B2F5784F97D39BE77A7802F0C007802F95
:1067500003F01F0394D102F03F0242EA8313A3F136
:106760008002B2F5F06F8BD24FF0020E83E703F098
:106770000F024FF0030E9BE7FFFF0F0090F8503120
:106780000B2B0CD871B103F1480210B45C1C80F8DB
:10679000504140F822105DF8044B18467047002322
:1067A000184670470B461846704700BF70B5044640
:1067B0000E68B4F81821B4F81A31656936689B1A66
:1067C00008469BB294F81C112A44B04758B1B4F85B
:1067D00018216369104480B2A4F81801588094F815
:1067E0001C211A71012070BD2DE9F043284DDFF8FE
:1067F000B090AC4604468846BCE80F0089B003AFB1
:106800000FC703AE0FCE05F1140E25460FC59EE847
:106810000700DCF800303B806B4636682E8003C3EF
:106820006B4603CB012504F118034FF480766361B6
:10683000A061E16184F8202004F59870C4F81891F3
:106840002022A4F81C61002184F81E5112F01EFAC7
:1068500040F20947042240F2EF230E4E0E48C4F8DE
:1068600028010021C4F82C1184F85021A3804FF492
:10687000E131A571C4F82071C4F824610748FFF71D
:106880008DFE404600F036FA284609B0BDE8F08398
:1068900094B80300C4B80300CCB80300A863002078
:1068A0000900000100487047C4630020014B58698B
:1068B000704700BFC46300202DE9F04F89B0F8B1E4
:1068C000032816D02B4C94F8503183424FD94830CE
:1068D00004F5AA7154F82000FFF7BAFEC0B20130E7
:1068E000400040F44070A4F85201234809B0BDE8CC
:1068F000F08F204CD4F82C0150B104F5AA71EBE7CD
:106900001C4CD4F82031A4F854314FF44170EAE71C
:10691000684600F003FA054610B300F1FF3A0DF1A6
:106920000103164FE94653FA8AFAA64604AE97E8E1
:106930000F0019F801CB86E80F000CF00F080DF1DD
:10694000200BD8440BEB1C1C18F8108C1CF8103CC6
:10695000AEF85681D145AEF854310EF1040EE6D1B1
:106960006800C0B20130400040F44070BBE7002036
:10697000BCE700BFC463002016650020B4B8030064
:1069800010B504460248FFF7F9FE207110BD00BFA4
:10699000C463002030B5144C236883B013B3186867
:1069A00051B906F051FC236893F90400012103B0AA
:1069B000BDE8304011F06EB80C4B00930025012368
:1069C0008DF805308DF8045002AB13E9060006F08F
:1069D000D7FB236893F90400294603B0BDE8304093
:1069E00011F058B803B030BD5865002080BA8C0152
:1069F0000448006828B108B5006806F02BFC0120A7
:106A000008BD704758650020084B1B6843B141B969
:106A1000074B4022C3F88020BFF34F8FBFF36F8F27
:106A20007047034B40221A60704700BF5865002032
:106A300000E100E0024B53F8200000B1C06870474D
:106A40005C65002030B4094CBDF8085054F8204073
:106A500044B1246934B10846A44611461A462B466F
:106A600030BC6047002030BC704700BF5C65002030
:106A700030B4084CBDF8085054F8204044B1646963
:106A800034B10846A44611461A462B4630BC60472E
:106A900030BC70475C650020024B186808B190F864
:106AA00060007047646500202DE9F843234C256899
:106AB000002D3CD01E462C2303FB00531746D3F871
:106AC000209088460446B9F1000F32D0484612F0B3
:106AD00079FF2C2303FB0454D4E90954DFF864C084
:106AE000174B08280246494628BF08224046002D79
:106AF00008BF6546002C08BF1C4612F0A3F82846C4
:106B000012F060FF10280246294628BF102238469E
:106B100012F098F8204612F055FF0428024621464C
:106B2000304628BF0422BDE8F84312F08BB8BDE818
:106B3000F883DFF814900820CBE700BF64650020DD
:106B400000B90300F0B80300E4B8030070B5104EBC
:106B50003368D3B12C2404FB0034054662691AB1B2
:106B60009047336884F832002C2202FB053393F8F7
:106B7000324014B10124204670BD284623463A22F3
:106B8000022101F0E7F8204670BD1C46204670BD8A
:106B900064650020074B1B6853B110B42C2404FB20
:106BA0000030C46A038E0C6013805DF8044B70479C
:106BB000704700BF6465002008B52022002305212E
:106BC00001F0C8F84FF0FF3008BD00BF30B4094CE9
:106BD00024685CB10D4611462C2202FB0044E46996
:106BE00024B11A462846234630BC1847012030BC41
:106BF000704700BF6465002030B4094C029A2468D5
:106C000054B10D462C2101FB0044A46824B119465F
:106C10002846234630BC18474FF0FF3030BC704741
:106C20006465002030B4094C029A246854B10D46C2
:106C30002C2101FB0044E46824B119462846234670
:106C400030BC18474FF0FF3030BC704764650020FF
:106C5000044B1B682BB12C2202FB0030036903B1EB
:106C60001847704764650020054B1B682BB12C2228
:106C700002FB0030836903B118470120704700BF51
:106C80006465002005F0DCBB00B5164B83B04022E4
:106C9000002483F8272301A9012320468DF804301E
:106CA0008DF8054002F0DAFE4FF0804302A8D3F8D9
:106CB000385400F8084D0FF0C5FF0B4B019301A8A5
:106CC0000FF0ECFF0FF0FCFFEB0707D400214FF0B3
:106CD000FF3002F04DFFFFF7FBFAF7E7204605F023
:106CE000AFFBF3E700E100E0856C0200002005F057
:106CF0001DB800BF00B5002383B00322CDE90023F7
:106D000003490448C8220EF02FFD03B05DF804FBD0
:106D100004B90300896C020010F034BE4FF08052B9
:106D2000536E1BBA0360136E1BBA43600820704792
:106D3000004870470CB9030070B51E4C2368D3B1EE
:106D4000012901D0012070BD1578C5F34115012D31
:106D500013D0022D0FD15478012C21D0022CF1D167
:106D60009388072B07D1144C114623892246BDE88E
:106D7000704003F035BE002070BD51782229E1D16A
:106D800011465288003218BF01225A7503F010FED6
:106D90002268D369002BD5D0507D9847284670BD16
:106DA0009C69002CE7D0114623782246BDE870404C
:106DB00003F016BE686500200460002010B504468C
:106DC00002F034FE08B9002010BD02F037FE0028A2
:106DD000F9D1044B4FF4367202FB0434207900F0F1
:106DE000010010BDEC650020064A4FF4367303FB2A
:106DF00000230833186808609A889B798B718A8011
:106E0000704700BFEC65002008B5044A4FF43673A4
:106E100003FB0020103002F055FC08BDEC6500209B
:106E20002DE9F8434FF4367404FB00F41E4E4FF680
:106E3000FF73074604F110054FF6FE70824288BFCB
:106E40001A463544284692B202F066FC804602F0AB
:106E5000EDFD10B94046BDE8F88302F0EFFD814634
:106E60000028F7D13444E378002BF3D0284602F011
:106E700041FC3F28EED9E178484603F0E7FC0028C2
:106E8000E8D0284602F036FC3F2804D8E17848468E
:106E900003F0ECFCDEE7054AE178484602EBC71256
:106EA000402303F0F3FCD5E7EC6500206C6500207F
:106EB000034A4FF4367303FB0020103002F096BCF7
:106EC000EC6500202DE9F8434FF4367505FB00F51D
:106ED000244F4FF6FF73064605F124044FF6FE706B
:106EE000824288BF1A463C4492B2204602F0B8FC67
:106EF0008046204602F0E6FB3F2802D84046BDE827
:106F0000F88302F093FD0028F8D002F097FD814647
:106F10000028F3D1204602F0D5FB0028EED03D44F6
:106F20004846A97803F092FC0028E7D00E4B402297
:106F300002EBC6161E442046314602F0EDFB034626
:106F400060B13246A978484603F0A0FC0028D5D1AC
:106F5000064B1B68DB07D1D500BECFE7A97803F04D
:106F600085FCCBE7EC6500206C650020F0ED00E0CF
:106F70002DE9F041804602F059FD10B90020BDE82E
:106F8000F08102F05BFD07460028F7D14FF436741C
:106F900004FB08F4164E04F124053544284602F09B
:106FA00091FB0028EAD026443846B17803F04EFC25
:106FB0000028E3D040220F4B02EBC8189844284623
:106FC000414602F0A9FB044660B14246B17838461A
:106FD000234603F05BFC40B9074B1B68DB07CDD5AC
:106FE00000BECCE7B17803F041FC2046C7E700BF04
:106FF000EC6500206C650020F0ED00E008B5044A67
:107000004FF4367303FB0020243002F073FB08BDFD
:10701000EC65002070B5204C82B000214FF4367230
:1070200020460D4611F032FEFF234FF4E1320826D0
:1070300004F138016371A26001234FF4807200955E
:1070400004F11000A67302F001FB144B1B78C3F38C
:107050008003009304F59C7101234FF4807204F1C6
:10706000240002F0F3FA04F50E7101200DF0ECFD9E
:1070700004F52271064601200DF0E6FD06B130B997
:10708000074B1B68DB0700D500BE02B070BDC4E92A
:107090000756C4E90C05F8E7EC650020B86000204D
:1070A000F0ED00E038B5094C206A256B20B10EF0F8
:1070B000C3F90023C4E907332DB128460EF0BCF90B
:1070C0000023C4E90C33012038BD00BFEC6500206B
:1070D00010B50E4C0E482378002202600271DA07C8
:1070E00009D59B070DD521780A48C1F38001BDE879
:1070F000104002F063BC103002F040FC23789B0784
:10710000F1D4044802F03AFCEDE700BFB86000207B
:10711000EC650020106600202DE9F0414B79022B30
:1071200082B004D00025284602B0BDE8F0818B79FA
:10713000022BF7D1364EB3782BB1364B1B68DB07E9
:10714000F0D500BEEEE78B7833700C780C44074620
:107150006378242B4FF009050BD1082A02D822E0CE
:10716000AA4220D323781C441D446378242BADB25B
:10717000F6D0052B38D0042B15D163790A2B12D108
:10718000254A94F800800192022301320092384689
:1071900004EB08011A4603F095FA0028CDD00E350D
:1071A00018FA85F5ADB202F041FC0028BBD002F020
:1071B00045FC04460028B6D1F378002BB3D017481D
:1071C00002F098FA3F28AED9F178204603F03EFB52
:1071D0000028A8D0114802F08DFA3F28F17811D884
:1071E000204603F043FB9EE72146384603F00AFBA6
:1071F0000028A2D0A378737023781C441D44ADB23C
:107200006378B8E7064A2046402303F03FFB8AE74D
:10721000EC650020F0ED00E0EE650020FC6500204C
:107220006C65002038B5137803F06003202B01D083
:10723000002038BD294C938825789D42F8D1537899
:10724000203B032BF4D8DFE803F008151E020129C8
:1072500036D0032939D0012038BD01290CD00329AB
:10726000F9D11F4B002BF6D01E490020AFF3008050
:10727000012038BD0129EED111460723194A03F038
:10728000AFFB012038BD01291AD00329E3D1164BE9
:1072900055881B781548257113F004011CBFE9437C
:1072A00001F0010102F08AFB114B002BD3D0C5F392
:1072B000400205F001010020FFF7A2F9012038BDCE
:1072C000114603F075FB012038BD0A4B002BC2D0DC
:1072D00051880020AFF30080BDE700BFEC650020BF
:1072E00000000000F4650020B86000201066002057
:1072F00001660200000000002DE9F0475F4CE278D3
:107300008A420D4680461F4659D15D4E9AB231469B
:1073100004F1100002F0A4FA5A4BC3B16379FF2BB9
:1073200015D0A7B106EB070A04F1100902E0564593
:107330000DD0637916F8012B9A42F8D1484602F035
:10734000D1F90028F3D16179AFF30080EFE74E4B1C
:1073500023B14E4802F0C6F9002863D002F066FB64
:10736000002862D1A3789D4202D00120BDE8F087B9
:10737000474B13B10020AFF3008002F057FB002809
:107380002BD1444802F09EF90028EED1002FECD01A
:1073900017F03F07E9D1A178404603F057FA0028DB
:1073A000E3D0A17840463B463A4603F06FFA002806
:1073B000DBD1394B1B68DA070CD500BED6E7A378C2
:1073C0008B42D5D0344B1B68DB0703D500BE0020B1
:1073D000BDE8F0870020BDE8F08702F02FFB0546EE
:1073E0000028CED12B4802F06DF90028C9D0A17831
:1073F000284603F02BFA0028C3D04022274925480D
:1074000002F08AF9034600282CD02846234AA178A6
:1074100003F03CFA0028A8D11F4B1B68D907B0D550
:1074200000BEAEE7AFF3008098E702F007FB064628
:10743000002897D1E378002B94D0144802F05AF931
:107440003F288FD9E178304603F000FA002889D030
:107450000E4802F04FF93F28304607D8E17803F094
:1074600005FA7FE7A17803F001FA8AE74023044A8E
:10747000E17803F00BFAA37875E700BFEC65002014
:107480006C6500200000000000000000FC6500208A
:107490000000000010660020F0ED00E0AC65002068
:1074A000704700BF01207047704700BF704700BFA2
:1074B000044B0022C3E90022C3E90222C3E90422EB
:1074C000704700BF446A002001207047044B00222F
:1074D000C3E90022C3E90222C3E90422704700BFC6
:1074E000446A00202DE9F0434B79032B83B004D08C
:1074F0000024204603B0BDE8F0830B79C3EBC3043E
:107500001234A4B2944205D9254B1B68DA07EFD593
:1075100000BEEDE7234A5578002D3ED0557B002D67
:10752000F2D102F10C054FF4A0770E788A1992F887
:1075300001C0BCF1210FE7D1AA608946895D804670
:107540006E1CA81C1144CDE900061A4640460323D0
:1075500003F0B8F80028D7D099F80630A978012BA5
:1075600004BF99F80730EB700123AB7199F8022042
:10757000AB682A70B3F80730AB800029B9D00A4A4B
:1075800040463A44402303F081F90028B1D1044B2E
:107590001B68DB07ADD500BEABE715468027C4E707
:1075A000F0ED00E0446A0020C46800202DE9F047B7
:1075B000137803F01F06012E82B003D0002002B022
:1075C000BDE8F087DFF80882978898F80040FFB29E
:1075D000BC4200F0B08098F80C40BC42EED1374677
:1075E000B4464FF0C00E4FF0130A4FF0120913F0DB
:1075F00060030C460546164604D1012900F0A4801C
:107600000120DCE7202BD9D15378013B0A2BD5D8B8
:1076100001A252F823F000BFED760200E3760200EB
:10762000CD760200BD750200BD750200BD75020079
:10763000BD750200BD7502008D7602006576020000
:107640004576020001291BD00329D9D173880C2665
:1076500006FB0786DBB260461946B371FFF720FFD1
:107660000120ACE70129CBD173880C2202FB0787EC
:107670001B0A60461946FB71FFF714FF00289DD0D6
:107680003146284603F094F9012098E7012900F0DB
:1076900086800329B4D1F48871884B4B402C4FEA83
:1076A0001122204628BF402011F0FF01734407D06B
:1076B000012C05D91C788C4202D1013880B20133EB
:1076C00000906046FFF7D4F9012078E7012997D1AF
:1076D00008EB090231462846234603F081F920468B
:1076E0006DE701298CD108EB0A02F3E7012987D164
:1076F000F3887188344F402B4FEA1122184628BF77
:10770000402011F0FF01774454D0012B52D90138A9
:1077100080B239707B1C00906046FFF793F90444F7
:10772000A3B2002B49D1294A1268D2077FF546AF90
:1077300000BE184643E74FF0000E7746F4464FF080
:10774000070A4FF0060952E75378062B7FF436AF4D
:1077500053881B0A212B12D0222B7FF42FAF6046B7
:10776000FFF768F97B001F4408EB870802463146A3
:107770002846B8F8043003F033F920461FE77B00B1
:107780001F4408EB8708D8F80820002A3FF416AFFA
:107790001378314602B0BDE8F04703F021B9F38811
:1077A000402B3FF60BAF084A3146724403F018F9FC
:1077B000204604E73B460024ADE73A4631462846DA
:1077C00003F00EF90120FAE6C4680020F0ED00E0B5
:1077D000446A0020F0B52C4CA67865788E4283B0C0
:1077E000074610D0A9422CD0A07B657B88423FD0B1
:1077F000A94244D0254B1B68DA0702D4002003B00D
:10780000F0BD00BEFAE780264FF0400C0020A942F0
:107810009BB21AD01E4D3544FAB9009311462B463F
:107820000222FFF725F92A46A1783846402303F0C3
:107830002DF80028E3D1154B1B68DB07DED500BE11
:10784000DDE74FF0400C00209BB2114961444AB97A
:107850001A46FFF729FE0120D1E72A460221FFF749
:1078600025FEE0E70A460121FFF720FE0120C6E7DA
:107870000C344FF4A0764FF4807C0120C7E74FF41E
:10788000807C0120E0E700BF446A0020F0ED00E0CA
:10789000C468002070B5194C82B000210D464FF429
:1078A000EC72204611F0F2F904F138010123802234
:1078B00004F11000009501F0C9FE04F1B8010123A4
:1078C0008022009504F1240001F0C0FE04F59C71B3
:1078D00001200DF0B9F904F5C471064601200DF040
:1078E000B3F930B9064B1B68DB0700D500BE02B008
:1078F00070BDC4E90756C4E90C05F8E7DC6A00204E
:10790000F0ED00E038B5094C206A256B20B10DF090
:1079100093FD0023C4E907332DB128460DF08CFDFB
:107920000023C4E90C33012038BD00BFDC6A00200D
:1079300010B5084C002304F11000C4E90033C4E979
:10794000023302F01BF804F12400BDE8104002F0FD
:1079500015B800BFDC6A00202DE9F0434B79012BFC
:1079600083B004D00025284603B0BDE8F0838B79AE
:10797000012B0C46064616D049780429F2D1002581
:10798000032BEFD1E379002BECD1DFF8FC8098F8E2
:10799000013013B998F802700FB3384B1B68DB073E
:1079A000E0D500BEDEE7CB79002BDBD10B781C44A1
:1079B0009DB2617824290BD1954202D9D2E7AA421F
:1079C000D0D323781C442B44617824299DB2F6D06F
:1079D0000429C7D16379012BC4D1A379D0E7A37857
:1079E00088F8003094F8009021794D44ADB2A1445C
:1079F00039B925E099F800308F421D44ADB2994461
:107A00001ED2AA421CD399F80130052BF2D1494667
:107A10003046019202F0F6FE019A0028BDD099F896
:107A20000230D90914BF88F8013088F8023099F87B
:107A30000030217901371D44FFB2ADB29944D9E736
:107A40000F4801F057FE3F288DD998F8021000200A
:107A500002F0FCFE002886D0094801F04BFE3F28CA
:107A600098F8021003D8002002F000FF7BE7054AD7
:107A70004023002002F00AFF75E700BFF0ED00E0B0
:107A8000EC6A00209C6A0020DC6A0020002070471D
:107A9000F8B53C4DAA788A421F4612D19AB23A49AB
:107AA00005F1100001F0DCFE384B13B10020AFF3FC
:107AB0000080374801F01EFE3F282CD801242046C4
:107AC000F8BD6B788B4208D0324B1C6814F001046F
:107AD000F5D000BE00242046F8BD064605F124007E
:107AE00001F0F0FD40BB2C4801F0ECFD0028E5D191
:107AF000002FE3D017F03F07E0D16978304602F05D
:107B0000A5FE04460028D9D0697830463B463A465F
:107B100002F0BCFED3E7A978002002F097FE0446ED
:107B20000028CBD01A4801F0E5FD3F28A9781ED8DF
:107B3000002002F09BFEC2E76978002002F086FE7A
:107B40000028D0D04022154905F1240001F0E4FDC1
:107B5000034690B1114A6978002002F097FE002890
:107B6000ACD10C4B1B68DB07BDD500BEBBE7064A9A
:107B70004023002002F08AFEA1E7697802F076FE39
:107B8000B1E700BFDC6A00209C6A00200000000012
:107B9000EC6A0020F0ED00E0006B00205C6A002041
:107BA00030B4114B9C689A6B93F83C5083F82C10BE
:107BB000A21A022183F830109A6225B942F2050117
:107BC00083F83E50998744B13AB11A7BD20906D165
:107BD00093F82F1030BC02F099BE30BC704793F878
:107BE0002E1030BC02F092BEB46E002038B5214B8E
:107BF000214C05461BB1607BFFF736F8A8B1A06B9E
:107C0000A36894F82F101D4A1B1AB3F5007F28BFF4
:107C10004FF4007328469BB202F038FE20B9184B8F
:107C20001B68DB0700D500BE38BDA268A36B84F8D3
:107C30003E0042F20771D31A0120A1870221A362FC
:107C400084F82C0084F83010002AEDD0002BEBD003
:107C5000237BDB0906D194F82F102846BDE8384075
:107C600002F054BE94F82E102846BDE8384002F0C9
:107C70004DBE00BF696C0200B46E0020B46C0020E1
:107C8000F0ED00E070B5304CE28AA36852BA92B2CF
:107C900086B0054612B1B3FBF2F292B2A66BD4F8ED
:107CA0001110607B9B1BB3F5007F28BF4FF400735E
:107CB00009BA0093B6FBF2F302FB13621944234B9B
:107CC000FEF79AFF031E20DB94F82E200DD01146FC
:107CD0009BB228461D4A02F0D9FDA0B91C4B1B6877
:107CE000DB0710D500BE06B070BD0724194603A8F7
:107CF0008DF80C508DF8102005938DF811308DF80B
:107D00000D4002F0B7FB06B070BDA268A36B43F64E
:107D100002200021D31AA08784F83E1001200221FE
:107D2000A36284F82C0084F83010002AEBD0002BDA
:107D3000E9D0237BDB0914BF94F82E1094F82F10A0
:107D4000284602F0E3FDDEE7B46E0020B46C0020AC
:107D5000F0ED00E010B4054C012084F83C1084F8EC
:107D60003D2084F83E305DF8044B7047B46E00202F
:107D700040220021014810F089BF00BFB46E0020EE
:107D800040220021014810F081BF00BFB46E0020E6
:107D90004B79082B01D0002070478B79062BFAD144
:107DA000CB79502BF7D1162A06D81C4B1B68D90764
:107DB000F1D500BE0020704770B5194D8B7885F85D
:107DC0002D300B7882B005F12F0205F12E061944F3
:107DD0000223CDE900261A46044602F073FC48B996
:107DE0000E4B1B68DA0702D500BE02B070BD002042
:107DF00002B070BD204695F82F100A4A00241F23B8
:107E000085F8304002F042FD30B9044B1B68DB07B7
:107E100002D500BE1720E8E71720E6E7F0ED00E006
:107E2000B46E0020B46C0020012901D001207047FD
:107E3000F0B5137803F07F01022985B0054606D01E
:107E400003F06003202B1AD0002005B0F0BD547859
:107E5000012CF5D15388002BF6D1434E918896F82A
:107E60003030042BC9B279D096F82E408C423DD0E8
:107E700096F82F408C4257D0012005B0F0BD5378C2
:107E8000FE2B16D0FF2BDFD15388002BDCD1D488FA
:107E9000A3B2002BD8D1344E1146284686F8303094
:107EA000C6E90D33B48786F83E3002F081FD01202B
:107EB000CBE75388002BC7D1D388012BC4D12B49E2
:107EC0008DF80F3000294DD00192FEF7E5FD019AA3
:107ED0000028B9D0431EDBB204AC114604F8013DC2
:107EE00028462246012302F07BFDC5E7022BC3D1C1
:107EF000B26BB3681E4F9B1AB36206F120030FCB1F
:107F000007C73A46214602F80C39032428460D23B8
:107F100086F8304002F0BAFC0028ADD1154B1B6842
:107F2000DB0791D500BE90E7002BA5D1214602F0DA
:107F3000DFFC0028A0D12146284602F005FD0028DC
:107F40009AD1002496F82F10094A86F83040284626
:107F50001F2302F09BFC0028E0D08DE702F0D6FC46
:107F6000204672E70B46B7E7B46E0020996A02001C
:107F7000B46C0020F0ED00E02DE9F041B44C94F831
:107F80003050012D8EB01E46074645D028D3032D14
:107F900005D0022D5FD001200EB0BDE8F08194F82D
:107FA0002E308B42F7D10D2EF5D1E37B282B00F03C
:107FB0001A812A2B40F00D81A64B13B1607BFEF78E
:107FC00047FE002594F82F10A34A84F830501F2351
:107FD000384602F05BFC002861D094F83050D8E7B6
:107FE00094F82F508D42D6D11F2B06D1DFF868822E
:107FF0009A4BD8F800209A4271D0042394F82E109E
:1080000084F83030384602F081FC384694F82F105E
:1080100002F07CFC0020BFE7B3F5007F08D9904B4D
:108020001B68D90700D500BE00200EB0BDE8F08166
:10803000E27BA36B282A00F087802A2A00F08F8039
:10804000217B626B1E44CB09A66336D096422CD3AB
:10805000022384F8303094F82E10384602F074FC75
:10806000002898D1A368A26B94F82E60934202D99D
:10807000217BC9092ED19B1A7A4AA3620FCA764D79
:1080800007C52A46314602F80C39032538460D2328
:1080900084F8305002F0FAFB00287FF47CAF704B7C
:1080A0001B68DB07C0D500BE76E76D4B1B68DA079F
:1080B00093D500BE94F830506BE793B2607B664A6C
:1080C00004F10F01FEF778FD0028C0F29F80A66B37
:1080D000626BBBE73146384602F018FC5BE7C446EA
:1080E000BCE80F0026460FC69CE80F0007C626F81E
:1080F000023B1B0C3370D4E90123E17B5A4E6262D0
:1081000001200022282963632662A26284F82C20C1
:10811000A26384F8300000F0AD802A2900F0DF80EF
:10812000002B00F0EF80227BD20940F0EB80B3F50A
:10813000007F00F26F819BB22946474A384602F021
:10814000A5FB0028ABD048E7626B1E449642A663AD
:10815000BFF47EAFFFF796FD94F8305019E7E28A3E
:1081600052BA92B21AB1A168B1FBF2F292B2D4F84B
:108170001110394DB3FBF2FC09BA02FB1C32607BD3
:10818000009661442B46FEF74DFD0028C0F2FB81AE
:10819000864230D9361A40B1A36B291813FA80F3FE
:1081A00032462846A36310F058FD002394F82F5060
:1081B0008DF818500722194605A88DF814700796F7
:1081C0008DF819308DF8152002F054F994F83050DC
:1081D000DFE6264B002B3FF4F4AE04F10F01607B89
:1081E000AFF30080EDE6224B002B3FF4EAAE607B5C
:1081F000AFF30080E5E6D4E90D231E449642A66362
:10820000BFF426AF3846FFF7F1FCE6E6A368A66B9D
:1082100094F83C1084F82C509A1B0220A26284F837
:10822000300021B942F2050084F83E10A087002BEF
:108230003FF44EAF002A3FF44BAF237BDB0940F005
:10824000E58194F82F10384602F060FB3FE700BF4D
:10825000B46E0020516C0200B46C002055534243B0
:10826000F0ED00E0D46E00205553425300000000B2
:1082700000000000E28A52BA92B20BBB002A3FF41F
:10828000E7AE94F83C10A362022284F82C2084F814
:10829000302000297FF4DFAE42F205010022A187E1
:1082A00084F83E20002B3FF4D6AE237BDB0940F060
:1082B0009A812946384602F029FB94F8305068E646
:1082C000207BC00913D0002A00F08081B3FBF2F2BA
:1082D000002A00F0A3812829384694D13AE7E28A9F
:1082E00052BA92B2002BC9D0207BC009EBD094F8CF
:1082F0003C10A362022284F82C2084F8302000294C
:10830000CAD0D2E7667B252900F22B81DFE811F085
:10831000220129012901E500290129012901290159
:1083200029012901290129012901290129012901FD
:1083300029012901BD00290129012901290129015A
:1083400029012901990087002901290171002901CA
:108350002901290129014C0029012600304604AADF
:1083600005A9FEF717FC059B002B00F04481BDF822
:108370001020002A00F03F81013B1BBA12BAC8E965
:1083800000320820A368002B44D0984228BF18462A
:1083900083B26063A64A94F82E10384602F076FA4B
:1083A00000283FF47CAE18E605AD00230DF10E0267
:1083B000304604A96B600593AB60FEF7EBFB049AB3
:1083C000002A00F01881BDF80E30002B00F0138158
:1083D00012BA082106925BBA0222ADF81E308DF85F
:1083E00017108DF81C2095E8070088E807000C207E
:1083F000C8E7904B03B33046227DE17CAFF30080A9
:10840000D0B994F83C302BB943F602220023A2875E
:1084100084F83E3001213846FFF7C2FBDDE5864B8C
:1084200053B1E17C3046C1F3400301F00102090978
:10843000FEF7CCFB0028E4D0A368002B3FF408AE85
:10844000E8E79DF816307D49002203F0800362F3CF
:10845000C7138DF8163003238DF815208DF81720DB
:108460008DF81430002900F0E1803046FEF7FCFB67
:108470009DF8163080F0010060F3C7138DF81630B8
:10848000059BC8F8003004207CE74FF0203302251C
:108490000022CDE90522304607A909AA08934FF02A
:1084A000800C079309930D93CDE90A330C931F2693
:1084B0000DAB8DF816508DF8175005AD8DF818607E
:1084C0008DF815C0FEF7F0FA0FCD594E0FC60FCD3F
:1084D0000FC62B683360242054E794F83C2094F8AE
:1084E0003D0094F83E10DFF848C1DFF858E14FF046
:1084F00000084FF00003CDE90588CDE9078862F355
:1085000003038DF81630F0220A23ADF824808DF88D
:1085100020008DF821108DF814208DF81B3005AD4A
:108520000FCDACE80F002B68ACF80030BEF1000FA7
:1085300076D0ACF1100130464FF40072AFF30080FA
:108540000028A4F83C8084F83E800FDB00283FF42C
:1085500073AF17E73046FEF7F9FA00283FF451AF42
:108560006AE794F83C30002B7FF454AFA38E304A76
:108570003349607BFEF720FB0028FFF64BAF002855
:108580003FF45AAFFEE6A36BA2681E4443F60220F6
:108590000021931BA08784F83E1001200221A663CE
:1085A000A36284F82C0084F83010002A3FF453AD05
:1085B000002B3FF450AD237BDB0914D194F82F102E
:1085C000384602F0A3F994F83050E2E4012294F81E
:1085D0003C1084F82C200222A36284F83020002969
:1085E0003FF45AAE5EE694F82E10384602F08EF94B
:1085F00094F83050CDE494F83C30002B7FF40AAF6F
:1086000043F6022284F83E30A28703E794F82E1046
:10861000384602F07BF9D4E90D2617E50222D6E7A9
:10862000A4F83CE084F83EE01220ABE601201FE70E
:10863000B46C002000000000CD6B0200696C0200E9
:10864000C36E00200000000070B5134C134E84B0C0
:1086500020464FF4AE72002110F018FB4025002395
:1086600004F58E720092CDE901561A46194604F1BE
:10867000B000039504F068F92E4404F17002002361
:10868000CDE90025CDE90265201D1946012204F03F
:108690005BF904B070BD00BF746F0020F46E002061
:1086A00010B5054C04F1B00004F07AF9201D04F077
:1086B00077F9012010BD00BF746F002038B5074C5A
:1086C0002046002500F8B85B01F058F904F10C00D1
:1086D00001F054F984F8B150657138BD746F002011
:1086E0004B79FF2B01D0002070472DE9F04FDFF8C8
:1086F00024B19BF8B13083B04BBB9BF8053033BB42
:108700000B788A460AEB02050AEB030489788BF89A
:108710000010A542064614D91AF80320A3189D425A
:108720000FD36278042A0CD00B2A0AD0052A0BF149
:10873000B8080BF1B0070BF10C0917D09D421C468D
:1087400009D8A4EB0A0080B203B0BDE8F08F002086
:1087500003B0BDE8F08F1A7813449D42F1D36278DC
:10876000042AEED00B2AECD0052AE7D12146304668
:1087700002F048F8002843D0A378DB0905D19BF824
:10878000B1301BB32278A318D8E79BF80530002B33
:10879000F8D14846019301F0F1F8A2788BF8052052
:1087A000A2889BF804C0019B1849C2F30A02A2F5F3
:1087B0000072B2FA82F2520962F3410C18468BF849
:1087C00004C004F037F92278A318B7E7404601F057
:1087D000D5F8A3788BF8B130A3889BF8B020C3F309
:1087E0000A03A3F50073B3FA83F35B0963F3410251
:1087F000394630468BF8B02004F064F90028C1D126
:10880000034B1B68DB07A2D500BEA1E7786F0020F1
:10881000F0ED00E0746F002070B51C4C94F8B120AE
:108820008A4205461E460FD1B4F8BC20F2B9184B57
:1088300023B1B2B217490020AFF300802846164991
:1088400004F040F9012070BD63798B4201D0002013
:1088500070BD124B1BB1B1B20020AFF300801049C4
:10886000284604F0E7F848B1012070BDB2B2D4F850
:10887000B41004F1B80000F0F3FFD8E73246284600
:10888000074904F099F8012070BD00BF746F002003
:1088900000000000F46E00202470002000000000A2
:1088A000786F0020F8B50E688D88B7783544AE42F1
:1088B0000BD23B469F42344603D10BE06378042B36
:1088C00005D023781C44A542F8D80020F8BDA37831
:1088D0009F42F6D1E3789A42F3D1A542F5D9237DA0
:1088E000012B06D9144B1B68DA07EED500BE002019
:1088F000ECE723790D46DBB1012BE6D12278E38941
:10890000617A1344114423442144994204D3DCE79F
:108910000A7811448B42D8D94A78052AF8D101F057
:1089200071FF28B9044B1B68DB07CED500BEF8BD2C
:10893000A41BEC800120F8BDF0ED00E0C28832B944
:10894000654B1B68DB0700D500BE00207047F0B404
:108950000378624803EB830403EB4403C058831895
:1089600003D08E781C7BA64207D95B4B1B68D907C6
:1089700000D500BE0020F0BC70472EB9012C01D9F3
:108980000120F8E701268E7001248C60C1F80E40AA
:108990004C7700256FF03F0481F822508C766FF001
:1089A00003056FF06404CD760C774D4DC1F81E5071
:1089B000082481F82340825CB3F80D4014441C4421
:1089C0001344A342D1D2474F9D78102D0CD827FADB
:1089D00005F0C04310F0010006D1DA78964203D1C9
:1089E00007E05A78242AEFD01A7813449C42F8D82A
:1089F000BBE79C42B9D0062D06D0102D04D0042D23
:108A0000B9D1012248730A73CF781A79974218D8DE
:108A10001FB9012AB4D80127CF701A781A44A2428C
:108A20000FD2967806F0FD0CBCF1050F0FD0112E79
:108A300003D10CE05678242EF3D0167832449442B9
:108A4000F8D8254B1B68DA0794D500BE93E7D67893
:108A5000B742F2D19442F4D0D1F812408CB9062D2D
:108A600030D0102D2ED0042D09D1B2F80560B2F807
:108A700007505C7D05FB06F304FB03F4E408C1F832
:108A800012404B6863B9557E012D3FF679AFD2F89D
:108A90001A3025B9D2F81E209A427FF471AF4B608C
:108AA000114AA2FB03235A0BCBD0631E1344B3FB22
:108AB000F2F30233B3F5807F28BF4FF48073C1F81F
:108AC00016305DE7B2F80530B2F8074004FB03F456
:108AD0002401E408D3E700BFF0ED00E0D0700020EF
:108AE00003010101501001005917B7D12DE9F84FCA
:108AF0000B785D4C03EB83050E4603EB45030989B8
:108B0000E7589146804679B13944CB7803F00303A6
:108B1000012B00F09480738933B13B44DA7802F082
:108B20000302012A00F091807488B58800233C4438
:108B3000B381F38133827382B382F3823D44A2789E
:108B4000AC4238BF134609D29A4203D10CE0637895
:108B5000042B06D023781C44A542F8D80020BDE899
:108B6000F88FA3789A42F5D1E3789945F2D1A542DE
:108B7000F4D994F804A0BAF1020F15D8E31BF380DE
:108B8000B9F1000F16D023781C44BAF1000F4CD075
:108B90004FF0000B06E06378052B28D0042B03D0A0
:108BA00023781C44A542F6D8304B1B68DA07D5D58C
:108BB00000BED3E7737F012B12D006F11E03494696
:108BC00086F81D90A6F81890A6F81A90184630223C
:108BD00010F05CF801463046FFF7B0FE0028BDD02B
:108BE00023781C44BAF1000FD2D10120B7E7E37813
:108BF00003F00303B9F1000F01D0012B18D0022BB1
:108C0000ACD12146404601F0FDFD28B306EB4B03F5
:108C1000E21B1A8122780BF101039A4514444FF0AC
:108C2000010BBFD8B9F1000FDFD002237377DCE767
:108C3000A388B269C3F30A039342E2D28EE700230A
:108C40003381897801F08EFE65E700227281997880
:108C5000404601F087FE67E7044B1B68DB077FF5A2
:108C60007DAF00BE7BE700BFD0700020F0ED00E0DC
:108C700010B4064C06480023C4E900331946C4F872
:108C800007304E225DF8044B10F000B8D070002081
:108C9000DC7100200120704710B4064C0648002308
:108CA000C4E900331946C4F807304E225DF8044B7E
:108CB0000FF0ECBFD0700020DC7100202DE9F041F6
:108CC0004B790E2B04D04FF000084046BDE8F081F0
:108CD0008B79012BF7D1CB79012BF4D13E4E336840
:108CE0002BB13E4B1B68DB07EDD500BEEBE714460E
:108CF0000F461A46314605463760B480FFF7D2FD6D
:108D00000028E0D0F2883368B97813443C44A74285
:108D100093F814C03B4605D308E05A78042A4DD096
:108D20000B2A4BD01A7813449C42F6D8BCF1000FA2
:108D30004ED02B494A88002AD3D1D81B1FFA80F87D
:108D40003272A1F802809C4293F802E00A8098BF38
:108D5000034605D80BE05A78042A2BD00B2A29D0D9
:108D60001A7813449C42F6D8DB1B1FFA83F80022C2
:108D7000BCF1010FA1F804804A77B2D117FA80F054
:108D800017FA83F3984281780AD282788A4203D113
:108D900018E04278042AF8D0027810448342F8D8C8
:108DA000284600220E49FFF7A1FE00288BD0A6F826
:108DB00004808AE79A787245D2D0D5E79A788A42B9
:108DC000B0D0B3E7C278012AE6D18342EFD1E7E71A
:108DD000DB1B1FFA83F8EAE7D0700020F0ED00E01B
:108DE000DC7100202DE9F047167806F01F04012CF5
:108DF0008CB004D0002420460CB0BDE8F087DFF82A
:108E0000F892B2F804C0D9F80070804615465FFAAF
:108E10008CF317B1BA789A422CD0B44F7C88002CCE
:108E2000E9D03A7802EB820002EB400259F802E006
:108E30007444A2789A42DDD1C6F34116F3B2002BF6
:108E400000F09C80012B12D15FEA1C2C0FD16B88A3
:108E50001B0A022B00F02E81062B00F01781012B3C
:108E600000F0F580A24B1B68DB0700D500BE07238E
:108E70003B77BFE7C6F34116F4B2002C47D0012C74
:108E800025D15FEA1C2C26D0B9F80620BB18B95CA6
:108E9000DA89114419448B420ED29A78023A052A93
:108EA00006D8DA78624503D107E05A78242AF4D04C
:108EB0001A7813449942F8D849B1002389F8093047
:108EC000012498E78A4B1B68D90700D500BE072309
:108ED00089F809308EE76B881B0A012B00F095801A
:108EE000022BEFD16B78812B00F04781862BE9D1E3
:108EF0000129E2D10B46404629467E4A01F070FD29
:108F00000028DAD1FF2389F80930002473E76B7851
:108F10000A2B4AD00B2B3ED10129CED1EB88002B56
:108F2000F0D1B9F80630FA181179A9B1F85CD189F5
:108F3000537A0144034413440A44934205D395E110
:108F400019780B449A4240F2918159780529F7D15A
:108F50009978404601F006FD0026A9F806606A8867
:108F600065494046FFF79EFC04460028CAD02946C2
:108F7000404601F01DFD89F809603CE76B780A2B3B
:108F800027D00B2B7FF46EAF012900F0BD800023AA
:108F90003B7701242FE7564B1B6813F001032FD1B9
:108FA00007221C4689F8092025E7012985D1EB888D
:108FB000012BA7D1B9F80620BF18A3D00CAAF978C5
:108FC00002F8301D294601F00BFD04460028D2D1DD
:108FD00098E70129DBD1EB88012B35D1FB889BB3C6
:108FE0001EEB030330D00CAADB7802F8303D40467C
:108FF0000B46294601F0F4FC044628B33E77FAE616
:1090000000BE072389F80930F5E66B78812B00F064
:10901000D180862B00F0BE80012B7FF453AF012955
:1090200000F0CB8002297FF448AF344B002B3FF493
:1090300044AF99F80A100020AFF30080B0FA80F432
:1090400089F809006409D6E6FF233B77D2E67B7FE7
:109050000BB187F81DC06C78842C61D8822C65D246
:10906000012C00F00A81812C7FF4FCAE01298ED105
:10907000EB883BB1294640463023214A01F0B0FC41
:10908000002884D1FF233B770024B4E66B78812B42
:1090900000F0A180862B7FF4E5AE01297FF477AF45
:1090A000294640460123134A01F09AFC00287FF428
:1090B0006EAFE7E76B78812BD8D040F2B080852B7C
:1090C00000F09780862B7FF4CDAE01297FF45FAF4F
:1090D000EB88012BD6D10B4640462946094A01F0C0
:1090E0007FFC00287FF453AFCCE700BFDC71002089
:1090F000F0ED00E045B90300D07000200000000052
:10910000FA71002046B903006A8839464046FFF7E5
:10911000EDFC002898D02946404601F049FC36E78E
:10912000862CD2D065D3872C7FF49CAE01297FF4A6
:109130002EAFEB88002BA5D0B64EE94606F1300ADB
:1091400030687168B268F368CC46ACE80F0010363E
:109150005645E146F4D19DF80210002940F09F8069
:10916000832C00F08381872C00F06481822C00F036
:10917000618108233B7700243DE601297FF49DAE01
:10918000294640460123A44A01F02AFC00287FF426
:1091900094AEB7E601297FF490AEEB88012B7FF403
:1091A000B1AE294640469D4A01F01AFC00287FF4E2
:1091B00084AEA7E601297FF480AEEB88012B7FF413
:1091C000A1AE294640460123954A01F009FC00283A
:1091D0007FF473AE96E601297FF4D9AE0B46404684
:1091E000294607F11C0201F0FBFB00287FF4CFAEFB
:1091F00048E701297FF4CBAEEB88022B7FF442AF26
:109200000CAA302122F8301D4046294601F0E8FB27
:10921000044600283FF436AF00233B77EBE5012BF3
:109220007FF420AE01293FF425AF02297FF4AFAED1
:109230007849A1F11E00FFF781FB044660B3794B2A
:109240007A6BBA613BB1734A79783878AFF30080B2
:1092500000287FF49CAE7449002302204FF48072F2
:109260000880C7E903337B61BA83C4E56F4B1B6891
:10927000D8077FF547AE00BE44E601293FF4FAAEB9
:1092800002297FF484AE6349A1F11E00FFF756FB6B
:10929000044600287FF47BAE08233B77ABE59DF8BE
:1092A000030000287FD1FA88002A3AD01EEB02037F
:1092B00037D01EF80220B3F80D005D4E104418445C
:1092C000134498420FD99A78102A04D826FA02F249
:1092D000D20700F1D5801A7813449842F1D95A7810
:1092E000242AF8D1EDE70346832C5AD0872C4CD0A2
:1092F000822C7FF43EAF01218DF803101A781A44B6
:10930000904237D9947804F0FD06052E10D0112C28
:109310000ED0147822449042F2D95478242CF8D1FB
:10932000EEE7424B1B68D9077FF523AF00BE20E76D
:10933000D478A142EDD1997806291DD010291BD0EF
:1093400004297FF416AFB2F80510B2F807205B7D50
:1093500002FB01F203FB02F3DB08CDF812306A4690
:1093600029464046302301F03BFB044600283FF4E9
:1093700089AE51E70246DEE7B2F80510B2F80730D1
:1093800003FB01F31B01DB08E7E79A78062A06D006
:10939000102A02D0042A7FF4ECAE997DACE79979CB
:1093A000AAE71979A8E7019B002BD8D1FA88002AEF
:1093B000B7D01EEB0203B4D01EF802E0B3F80D20C4
:1093C000DFF86CC072449E1873449E420ED99A789E
:1093D000102A03D82CFA02F2D20756D41A78134472
:1093E0009E42F2D95A78242AF8D1EEE733461A7809
:1093F00013449E4264D99A7802F0FD01052948D0B1
:10940000112A46D01A7813449E42F2D95A78242A57
:10941000F8D1EEE7FA710020D970002046B90300B8
:10942000DA70002000000000DC700020F0ED00E0A9
:109430005010010001238DF8023001234FF001127A
:10944000029300230392ADF810304FF6C0428DF81E
:10945000223040F29B13ADF81A20ADF81C30404A80
:10946000CDF81E2008238DF8233078E7FB88002BE9
:10947000E3D01EEB0303E0D01B7B8DF80230DCE76A
:10948000DA7891427FF427AF2EE7DA789142A5D1BE
:10949000ADE7DA789042B5D1823C052C3FF669AE53
:1094A00001A252F824F000BF299502000D95020098
:1094B000EF9402007391020073910200C5940200C0
:1094C0003346E9E7D3F8151042F21073B1FBF3F31A
:1094D000019100293ED0DDF812208BB9931CB3F521
:1094E000807F28BF4FF48073CDF8163037E75A7E5F
:1094F00072BBD3F8221042F21073B1FBF3F3E7E72B
:10950000013A1A44B2FBF3F30233E8E75A7ECAB1D8
:10951000053203EB8202D2F80210D3F81A3042F27D
:109520001072B3FBF2F3D3E75A7E72B1053203EB4C
:109530008202D2F80220D3F81A1042F21073B2FB62
:10954000F3F3C5E7D3F81E10E7E7D3F81E20F2E7E0
:10955000002301930023ADF81630ADF81830FEE675
:10956000030101012DE9F84F334C238953B12278CF
:10957000324F02EB820502EB45057D592B449F7863
:109580008F420AD02E4B1B68DB0703D500BE00209C
:10959000BDE8F88F0020BDE8F88FD4E904369E427C
:1095A00005460BD327490023C4E90333636119B18E
:1095B00061781046AFF300800120E9E701F046F939
:1095C0000028E7D0DFF88090A36999F80000D4E97B
:1095D000042BA2EB0B0808EB00069E4228BF1E4698
:1095E000B04213D9164B1B6813F0010301D000BE23
:1095F000002339462846144A01F048F90028DBD1F7
:109600000F4B1B68DA07C5D500BEC1E7E168A6EBC2
:10961000000A5944484452460FF014FB0BEB0A036E
:10962000D0456361B3B2E4D199F8012042F002025F
:1096300089F80120DDE700BFDC710020D070002038
:10964000F0ED00E000000000DC7000202DE9F041AA
:10965000B2F5004F9DF8188030D80446C0681E4609
:109660000F46154618B14FF0FF310BF02FFD206962
:1096700018B14FF0FF310BF029FDE288E068276058
:1096800066F30E02C2F30721002368F3C711E280DC
:109690006381A580E171238118B11A4619460BF048
:1096A000F9F8206938B100231A4619460BF0F2F890
:1096B0000120BDE8F0810120BDE8F0810020BDE877
:1096C000F08100BF03894289808892B29BB29342A5
:1096D00036BFC2EB40029B1A9B189BB2984228BF30
:1096E00018467047028943899BB2981AB0FA80F0F5
:1096F0004009704703894289808892B29BB29342A5
:1097000036BFC2EB40029B1A9B189BB2984286BFA1
:10971000C01A80B2002070472DE9F8430546006961
:109720000E46174618B14FF0FF310BF0CFFC2B89D6
:109730006989A8889BB289B28B4236BFC1EB4004CD
:109740005C1AE418A4B2002C4AD0A04206D283428C
:109750002CBF191A191889B269810446BC4228BF66
:109760003C468842A4B203D8091A89B28842FBD980
:10977000EA882B68401AC2F30E0887B21FFA88F2F3
:10978000BC4202FB013125D917FB08F91FFA89F900
:109790004A4630460FF056FAE21B12FB08F206EB7F
:1097A000090092B229680FF04DFA6A89A88892B22E
:1097B00011198BB29A4215D940001B1A9BB2286925
:1097C0006B8120B100231A4619460BF063F820463E
:1097D000BDE8F88302FB04F230460FF033FAE4E709
:1097E00069898BB240008342E9DBE6E738B505467C
:1097F00000690C4618B14FF0FF310BF067FC298966
:109800006B89AA8889B29BB2994236BFC3EB4200EA
:10981000C81A401880B200B3824209D291422CBFCC
:109820008B1A8B189BB29A426B8103D89B1A9BB2FE
:109830009A42FBD9EA882968C2F30E02204602FB4D
:1098400003110FF0FFF90124286920B100231A4603
:1098500019460BF01FF8204638BD0446F4E700BF58
:109860002DE9F0471446002A4FD00546C0680F4640
:1098700018B14FF0FF310BF029FCEA792E89698984
:10988000AB88D209B6B289B242D18E4236BFC1EBA3
:109890004301711A891989B2994252D2591A89B26F
:1098A0008C42E88828BF0C46C0F30E08B34230460D
:1098B00003D8C01A80B29842FBD21B1A2A681FFA3A
:1098C00083F9A14508FB002047D219FB08FA1FFACB
:1098D0008AFA524639460FF0B5F9A4EB090212FB99
:1098E00008F207EB0A0192B228680FF0ABF9A3194E
:1098F0009BB2AA88B3424FEA420201D3934201DBF2
:109900009B1A9BB2E8682B81F8B92046BDE8F08726
:10991000E8889C42C0F30E080FD28E4223D3721AFD
:1099200092B2580022448242C0DBCE18361BB6B237
:10993000B14220D9361AB6B2B8E7E41A08FB047768
:10994000B3B9E86800240028DFD000231A4619467E
:109950000AF0A0FF2046BDE8F08708FB04F2394674
:109960000FF070F9C3E75800421A324492B2D9E7B7
:109970000E461C4698E7B04298DCDBE710B504467B
:10998000C06818B14FF0FF310BF0A0FB206918B18F
:109990004FF0FF310BF09AFBE068002363812381D5
:1099A00018B11A4619460AF075FF206920B1002344
:1099B0001A4619460AF06EFF012010BD38B5C3796A
:1099C000B1EBD31F1FD00446C0680D4618B14FF04D
:1099D000FF310BF07BFB206918B14FF0FF310BF02A
:1099E00075FBE379E06865F3C713E37120B10023E9
:1099F0001A4619460AF04EFF206920B100231A4684
:109A000019460AF047FF012038BD00BF704700BF6C
:109A1000704700BF0020704700207047704700BFAC
:109A2000704700BF704700BF704700BF024B5878B7
:109A3000003018BF0120704784720020024B187854
:109A4000C0F38000704700BF84720020024B18787A
:109A5000FF3818BF01207047186100202DE9F0473A
:109A6000374E3378FF2B82B004D00125284602B050
:109A7000BDE8F087002946D03822884607460021F5
:109A800030480FF003F9304B3049002501201D709C
:109A90000BF0DAF82E4B1860002834D02D4C2346FA
:109AA000626833F80C0B618800950AF081FEA168AA
:109AB00005460BF0E5FC284B1D6075B3274B23B121
:109AC0002748AFF30080274B1860254CDFF89CA097
:109AD0002278DFF8909000252B460EE0D9F8003070
:109AE00013EB45130FD05B686BB1984722780135B3
:109AF000EDB2511DA9422B4615DBAA42EED89B1AA6
:109B00000AEB4313EFE7184B1B68DA0700D500BEDA
:109B10000025284602B0BDE8F087134B1B68DB0721
:109B2000F6D500BEA2E741463846377001F050FE38
:109B300005460028F1D0384601F04CFE96E700BFFC
:109B40001861002084720020847300203472002089
:109B5000BC720020BC600020C07200200000000029
:109B6000307200202C720020F0ED00E048B90300B4
:109B7000B94B1B78FF2B00F0A1812DE9F04F044673
:109B80008BB04FF47A7200238002A10D0EF03CFEE0
:109B9000B24DDFF8E4B2B24E8246671C286800F08E
:109BA0002481002C00F02181BAF1000F14BF52462D
:109BB000012207A90BF0F8F8C0B19DF81D30013B58
:109BC000072B00F21481DFE813F0F200D300CA0083
:109BD000BF00B700410014000800089B0BB10998B2
:109BE000984728680BF01EFC0028D6D10BB0BDE8C2
:109BF000F08F9DF820109B4B01F07F0703EB47038C
:109C000003EBD11393F826006FF3000083F82600CE
:109C100093F826006FF3820083F82600002F00F0EF
:109C20004581914A1B7D12789342C0F03381501DCB
:109C30009842C0F234819B1A0BEB43139F699DF845
:109C40002120099B9DF81C00B847CAE7874A137872
:109C5000002B00F024811378013BDBB213701378E2
:109C600003F0FF00002BBCD1DFF8F8919DF81C80B9
:109C700099F8003043F0010389F8003099F8263054
:109C800060F3000389F8263099F8263060F38203E8
:109C900089F8263099F8273060F3000389F82730D7
:109CA00099F8273060F3820389F8273000F002FF2B
:109CB0009DF8203003F06002602A00F00681402AFF
:109CC00000F00A8103F01F03012B00F0D581C0F0E2
:109CD0001281022B40F0F9809DF8241001F07F07DB
:109CE000082F00F2F2807B00C80901934B44034423
:109CF00000905D481F7D03789F4280F00F8233689B
:109D000003EB4717002A00F0108257B1786900F082
:109D1000D1FE7B69404608AA0121984700287FF4BC
:109D200060AF9DF81C00002101F0BEFF80219DF86E
:109D30001C0001F0B9FF54E74A4B1B78D8077FF5A8
:109D400050AFFFF771FE4CE7464B1A78D7077FF507
:109D500048AF1878C0F3C000FFF764FE41E7414BFD
:109D6000DB78D9077FF53DAF0898FFF751FE38E75C
:109D70003D4F9DF81C903A780023984610E03368D8
:109D800013EB481300F08080DB68484698473A7828
:109D900008F101085FFA88F8511D8845434645DC03
:109DA0009045A3EB0203EAD30BEB4313ECE72E4FF2
:109DB0009DF81C903A78002398460FE0336813EB27
:109DC00048135BD0DB68484698473A7808F10108A9
:109DD0005FFA88F8511D884543460FDC9045A3EB98
:109DE0000203EBD30BEB4313ECE72246E1E6204BF7
:109DF0001B68DA077FF5F5AE00BEF2E638220021D7
:109E000018480EF043FF1B4A4FF0FF33C2E90533F9
:109E1000C2E90033C2E90233D3611384136100F055
:109E20003FFE104B9DF820209A70DAE63822002180
:109E30000C480EF02BFF0F4A4FF0FF33C2E90533F9
:109E4000C2E90033C2E90233D3611384136100F025
:109E500027FEFFF7E5FDC4E618610020C072002070
:109E60002C72002084720020307200208473002045
:109E7000F0ED00E08872002048B90300A44B1B6895
:109E8000D907CCD500BECAE7A14B1B68DA07DED5DF
:109E900000BEDCE7326812EB43137FF4CFAE9C4B7D
:109EA0001B68DB077FF5A2AE00BE9FE6099B9DF80D
:109EB00021209DF81C0000F013FE92E67047FCF78D
:109EC000F5FC0246002840F0E981914B1B68DA0757
:109ED0007FF527AF00BE24E78E4800283FF421AF6E
:109EE00000F0E8FD404608AA0121FCF725FF002804
:109EF0007FF477AE15E7202A00F0F180002AE4D144
:109F00009DF82130092BE0D801A252F823F000BFC0
:109F100037A0020017A00200CB9E020059A0020049
:109F2000CB9E0200F99F0200A59F0200CB9E02007B
:109F30008F9F0200399F02009DF8223001931A463C
:109F400099F801309A4200F0548199F80130002BC1
:109F500040F05481019B89F80130002B00F04781CB
:109F6000581EC0B2FCF7A2FC18B14378022B00F0D7
:109F7000C181674B1B68DB0700D500BE644B1B68C3
:109F8000D80700D500BE002389F80130C9E60AAA27
:109F900099F8013002F80E3D4046012308A900F06F
:109FA0001FFD1EE6BDF82200030A5A1EC0B20E2A8B
:109FB0003FF6B7AE01A151F822F000BFAFA20200F8
:109FC0008BA202007BA20200239D0200239D0200BF
:109FD0005DA202008BA20200239D0200239D0200CD
:109FE000239D0200239D0200239D0200239D020069
:109FF000239D0200DFA2020008A800F061FD404698
:10A000009DF8221001F0ECFB99F8003043F00203B8
:10A0100089F80030E5E5BDF82230012B7FF481AEF0
:10A0200099F8003040466FF3C30308A989F800305F
:10A0300000F0BEFCD5E599F80030990801F0020166
:10A04000C3F340130AAA0B4322F80E3D40460223F5
:10A0500008A900F0C5FCC4E5BDF82230012B7FF44F
:10A0600060AE99F80030404643F0080308A989F82B
:10A07000003000F09DFCB4E59DF824300F2B3FF636
:10A0800050AE4B44244A1B791778BB4238D237680C
:10A0900017EB43173FF445AE786900F00BFD7B6981
:10A0A00008AA01214046984700287FF49AAD9DF800
:10A0B000203013F060077FF434AE9DF821300A3B66
:10A0C000012B3FF62EAE00F0F5FC9DF821300A2B57
:10A0D00000F0FC8008A9404600F06AFC81E59DF88C
:10A0E00024300F2B3FF61DAE4B440B4A1B791778DB
:10A0F000BB4260D2376817EB43173FF412AE05E658
:10A100007A1D9A42FFF60DAEDB1B0BEB4317C3E73C
:10A11000F0ED00E0396D020030720020581DB842A9
:10A1200039DA002A7FF4FDAD17469DF82130012B66
:10A1300003D036D3032B7FF4C8AEBDF822200292A1
:10A14000AAB9B84A012B10783DD001F0ADFD019BB2
:10A15000009A4B44134493F8262042F0020283F8FD
:10A16000262093F8262042F0010283F82620002FB3
:10A170003FF437AD786900F09DFC7B69012108AAA6
:10A1800040469847002000F095FC99F82730D90701
:10A190003FF527AD9EE7FB1A0BEB4317002AC4D00F
:10A1A000B4E5019B009A4B44134420330AAA9B79DF
:10A1B000C3F3400348E77A1D9A42FFF6B2ADDB1BBA
:10A1C0000BEB4317A2E501F097FD019B009A029962
:10A1D0004B44134493F8262061F3410283F8262070
:10A1E00093F8262061F3000283F82620BFE7FFF7EB
:10A1F00017FC404608A900F0DBFBF2E400214046D2
:10A2000001F000FB404601F09FFB874F99F80230B8
:10A210000293002300943A781C460CE00BEB4313A6
:10A22000DB68404698473A780134E4B2501D8442D6
:10A23000234600F3CE809442A3EB0203EED23368B0
:10A2400013EB4413ECD1794B009C1B68DB0700D562
:10A2500000BE9DF8083089F802307BE6FFF7DAFB94
:10A26000024600283FF45DAD4046137808A900F08F
:10A27000B7FB00287FF4B5AC53E5BDF82410FCF71C
:10A280001BFB02460028EFD14BE5022B3FF417AE33
:10A29000FFF7C2FB024600283FF443AD4046538817
:10A2A00008A900F09DFB00287FF49BAC39E5FCF782
:10A2B000F9FA024600283FF408AE4046122308A9E6
:10A2C00000F08EFB00287FF48CAC2AE50AAA08A9CE
:10A2D00002F80E7D4046012300F082FB81E4544BDE
:10A2E000002B3FF41EADFCF723FD024600283FF48F
:10A2F00018ADD3E7C27999F80030511161F3041316
:10A30000921162F3451389F800304388CDF810802C
:10A31000CDE900A4C318039300F10907039BBB42D6
:10A3200037D97B780B2B03BF3B7897F803A0FF1836
:10A330004FF0010A7B78042B43D1039B3A4ACDF8B6
:10A3400014A0DB1B00219BB20291127888469A462A
:10A3500017E0346814EB481433D052463946049859
:10A3600023699847082808F1010201D9824543D2A0
:10A370002D4B5FFA82F81A78CDF80880511D884578
:10A380001CDC029B9045A3EB0202E2D30BEB4214D0
:10A39000E3E7DDF81080DDE900A4FFF73FFB28E7E5
:10A3A0000246434604463946224802F0B1FA1E4BA3
:10A3B000029A1B78053393422744AFDADDE900A403
:10A3C000D7E51A4B1B68DF07DDE900A47FF5D6ADA2
:10A3D000D3E5382200211848009C0EF057FC174A9C
:10A3E0004FF0FF33C2E90533D3611384C2E9003370
:10A3F000C2E9023313612CE7DDF814A0BAF1010FB2
:10A400001ED00021CBB2534501F10101C8D2BA7868
:10A41000134459FA83F31A79FF2AD2D183F80480BE
:10A42000F0E700BF1861002030720020F0ED00E07E
:10A43000316D020098720020847200208872002022
:10A4400023690A4A0A498B4208BF4FF0020A934225
:10A45000D7D17B79012BD4D1BB79012BD1D1FB7919
:10A46000002B08BF4FF0020ACBE700BF597902006A
:10A47000197102002DE9F0434378023B85B005468F
:10A480000E46042B0CD8DFE803F0495D037E3F0045
:10A49000844B1A78D70715D51A7842F004021A703F
:10A4A000814B18688EB933464FF0FF3229460AF0C7
:10A4B000F1F9003018BF0120F0B97C4B1B68DB07B5
:10A4C00000D500BE05B0BDE8F08304AA002342F821
:10A4D0000C3D29460AF0EEFB019B43B1744B4FF053
:10A4E00080525A6040BFBFF34F8FBFF36F8F003071
:10A4F00018BF01200028E0D0324669782878FFF79D
:10A5000085FA05B0BDE8F0836A4A13780133DBB2FF
:10A510001370654B1868002ED7D1C4E7614B1A78C9
:10A520006FF300021A701A7800216FF341021A705B
:10A5300059701A7861F382021A705B4B1868002E0A
:10A54000C3D1B0E75C4FDFF874913978DFF87081E0
:10A55000002423460AE0D8F8003013EB44130AD154
:10A560000134E4B24A1DA242234615DB8C42F2D3E9
:10A570005B1A09EB4313DB69002BF1D0696828787B
:10A5800098473978ECE7474B1A78D4079AD51A7868
:10A590006FF382021A7083E7424C237858072FD555
:10A5A000237841496FF3820323702B788DF80430B0
:10A5B00005220023CDF80A30CDF80630ADF80E3074
:10A5C00008688DF80520002E59D004AA01A942F888
:10A5D000103D0AF06FFB009B43B1354B4FF08052AA
:10A5E0005A6040BFBFF34F8FBFF36F8F003018BF6B
:10A5F000012000284DD12D4B1B68D90700D500BE86
:10A60000E378DA077FF55EAF274A2B786968106830
:10A610008DF8043003220023CDF80A30CDF806303F
:10A62000ADF80E3002918DF80520F6B104AA01A90B
:10A6300042F8103D0AF03EFB009B43B11C4B4FF02B
:10A6400080525A6040BFBFF34F8FBFF36F8F00300F
:10A6500018BF012000283FF430AF32469DF80510A6
:10A660009DF80400FFF7D2F92CE733464FF0FF3294
:10A6700001A90AF00FF9003018BF0120EAE73346BC
:10A680004FF0FF3201A90AF005F9003018BF012090
:10A69000AFE732469DF805109DF80400FFF7B6F9C4
:10A6A000AEE700BF84720020C0720020F0ED00E031
:10A6B00000ED00E0847300203072002048B90300F0
:10A6C0002C7200202DE9F84F0A9F002A4CD09046AA
:10A6D0004A78052A0C460ED1CE7806F00306B3421E
:10A6E00009D18A7802F07F02082A0DD9204B1B6815
:10A6F000DA0700D500BE1E4B1B68DB0702D4002022
:10A70000BDE8F88F00BEFAE7DFF868B0DFF868A0B0
:10A710009BF8009000250EE06278052AEBD1E278E4
:10A7200002F00302B242E6D1A27802F07F02082AC8
:10A73000DCD89BF800909AF802100022204602F024
:10A7400095F80028D2D04846214601F06FF800283D
:10A75000D1D0A278D30916BF0B9B3A701A70227819
:10A76000013545451444D7D10120BDE8F88F00BF1D
:10A77000F0ED00E0186100208472002030B51E4D1D
:10A7800085B0082400230290019303918DF80540C1
:10A790002868144682B9134601A94FF0FF320AF027
:10A7A00079F8003018BF0120E0B9144B1B68DB07B3
:10A7B00000D500BE05B030BD04AA01A942F8103D85
:10A7C0000AF078FA009B43B10D4B4FF080525A606B
:10A7D00040BFBFF34F8FBFF36F8F003018BF012012
:10A7E0000028E2D022469DF805109DF80400FFF7EE
:10A7F0000DF905B030BD00BFC0720020F0ED00E0E3
:10A8000000ED00E038B58B7803F07F03082B06D904
:10A810000B4B1B68DB0700D500BE002038BD094A82
:10A82000094B0C46204691781D78002202F01EF854
:10A830000028EDD021462846BDE8384000F0F6BF9C
:10A84000F0ED00E08472002018610020CB0926336F
:10A8500001F07F010348044A03EB410108441168F9
:10A8600001F0BABF84720020BC720020CB092633ED
:10A8700001F07F010348044A03EB410108441168D9
:10A8800001F0D6BF84720020BC72002038B5154C90
:10A8900001F07F0504EB450404EBD1142034A079CA
:10A8A000C00706D5104B1B68DA0700D500BE002094
:10A8B00038BDA5790D4845F001050078A57101F076
:10A8C000F1F80028F4D1A379074A60F30003A371DB
:10A8D000A37960F38203A3711368DB07E7D500BE99
:10A8E00038BD00BF84720020F0ED00E01861002048
:10A8F000054B01F07F0203EB420303EBD11191F80A
:10A90000260000F0010070478472002010B50C4B47
:10A9100018780C4601F0C8F90A4904F07F0301EBEE
:10A92000430101EBD41191F8263043F0020381F882
:10A93000263091F8263043F0010381F8263010BD0F
:10A940001861002084720020054B01F07F0203EBA8
:10A95000420303EBD11191F82600C0F34000704789
:10A960008472002010B50F4B18780C4601F036F8B1
:10A970000D4904F07F0301EB430101EBD41191F881
:10A9800026306FF3410381F8263091F826306FF3BB
:10A99000000381F8263091F826306FF3820381F8A6
:10A9A000263010BD1861002084720020704700BF5F
:10A9B0000A4630B4094C496805461068234603C36B
:10A9C0000023C4E9023392F900209A422846ACBF22
:10A9D000802119461A4630BCFFF758BFC8730020C3
:10A9E000F0B50E462B4C496807463068A2602546F4
:10A9F00003C50021E181F588AB4228BF2B4683B017
:10AA0000A381ADB13BB3002A3DD094F90000402BA7
:10AA100028BF402300282CDB1F4A3846FFF736FFAB
:10AA200098B91E4B1B68DB0712D500BE03B0F0BD02
:10AA300096F90030002BACBF8021002138462B4610
:10AA40002A46FFF723FF0028EBD0012003B0F0BD1A
:10AA5000002003B0F0BD94F90020002AACBF1946D5
:10AA600080211A463846FFF711FF0028D9D001206F
:10AA7000ECE71146084801931A460EF0E3F8064A3F
:10AA8000019B8021EEE7054B1B68D907E0D500BE8E
:10AA90001046CBE7C873002088730020F0ED00E07B
:10AAA000034B0022C3E90022C3E902221A61704766
:10AAB000C8730020014B1861704700BFC8730020A5
:10AAC0000346064A5968006810B41346002403C3BD
:10AAD000C2E902445DF8044B704700BFC873002010
:10AAE00070B5404C2278C909B1EBD21F82B006463E
:10AAF00015D03BB13C4B1B68DA0700D500BE0020E7
:10AB000002B070BD2146FFF751FF2369002B40D0F2
:10AB10002246304603219847012002B070BD94F9C7
:10AB20000020A068002A08DB0028E8D01A462F4938
:10AB300001930EF087F8A068019BE589E2881D4427
:10AB4000ADB21844AA42A060E58101D03F2B23D8C2
:10AB5000236923B1234A02213046984788B194F9EA
:10AB6000002000239A42ACBF8021194630461A4685
:10AB7000FFF78CFE68B91C4B1B68DB07BFD500BE16
:10AB8000BEE70146304601F08FF83046802101F0E3
:10AB90008BF8012002B070BDA28994F90010531BFC
:10ABA0009BB2402B28BF402300290ADB95424FF07F
:10ABB000000112D00D4A3046FFF768FE0028DAD0B7
:10ABC000E7E795420BD001461A46084801930EF07C
:10ABD00039F88021054A019BEDE70A46EBE7802121
:10ABE0000022E8E7C8730020F0ED00E08873002041
:10ABF00000B170470BF0E0BD00B170470BF0E6BD4F
:10AC00000138C3B2042B07D856230D4A03FB00F0CA
:10AC100013181B79DB0706D40A4B1B68DB0700D52A
:10AC200000BE00207047CB09363301F07F0103EBF3
:10AC30004101054B08441044196801F0CDBD00BF27
:10AC4000DC730020F0ED00E08C7500200138C3B209
:10AC5000042B07D856230A4A03FB00F013181B796C
:10AC6000DB0701D400207047CB09363301F07F01A8
:10AC700003EB4101034B08441044196801F0D8BDAF
:10AC8000DC7300208C750020F0B5441EE5B2042D65
:10AC900083B017D8562505FB04F5174E01F07F0445
:10ACA00005EB4404344404EBD1143034A779FF0796
:10ACB0000BD5124B186810F0010001D000BE002027
:10ACC00003B0F0BD002003B0F0BD1F4613460A4696
:10ACD0000146705DA579009745F00105A57100F06A
:10ACE000BDFB0028ECD1A37960F30003A371A37925
:10ACF00060F38203A371E3E7DC730020F0ED00E072
:10AD00002DE9F047764DAF798F4284B091461E46CB
:10AD100004465BD0E2234FF0000AA9718DF80910B8
:10AD20008DF80830ADF80CA0002E00F0B3800121A2
:10AD300003AF0DF10808FBF72DFE41463A4602230A
:10AD40002046FBF755FE51462046FBF723FE9DF8B3
:10AD50000C30EB702223D9F800908DF80730002ECC
:10AD60003ED020460121FBF715FE3A460DF10701C2
:10AD700001232046FBF73CFE9DF80C30EB70494662
:10AD8000082300222046FBF733FE20460021FBF774
:10AD900001FE0026102241F2F20320460121EA7151
:10ADA000ADF80830ADF80C60FBF7F4FD3A464146CB
:10ADB00002232046FBF71CFE31462046FBF7EAFD46
:10ADC0009DF80C30EB7004B0BDE8F087222303AF90
:10ADD0000DF10808D9F800908DF80730002EC0D189
:10ADE0004FF0FF31E86D0AF071F931462046FBF76C
:10ADF0000BFE20460121FBF7CDFD3A460DF1070180
:10AE000001232046FBF7F4FD9DF80C30EB70324631
:10AE1000082349462046FBF7EBFD31462046FBF769
:10AE2000B9FD20460121FBF7EFFD3346324631469E
:10AE3000E86D09F02FFD102241F2F2034FF0FF31CF
:10AE4000E86DEA71ADF80830ADF80C600AF03EF933
:10AE500031462046FBF7D8FD20460121FBF79AFD3D
:10AE60003A46022341462046FBF7C2FD31462046C2
:10AE7000FBF790FD20460121FBF7C6FD3346324625
:10AE80003146E86D09F006FD9DF80C30EB7004B01A
:10AE9000BDE8F0874FF0FF31E86D0AF017F9314651
:10AEA0002046FBF7B1FD03AF204601210DF1080854
:10AEB000FBF770FD3A46022341462046FBF798FD1A
:10AEC00031462046FBF766FD20460121FBF79CFD3D
:10AED000334632463146E86D09F0DCFC37E700BF07
:10AEE000907500202DE9F04F4B781D070E4685B078
:10AEF00090460978044662D1DA0600F14881B268CA
:10AF000012B1B288002A5AD1E24D03F02006AB7983
:10AF100066F07F068B42F6B200F06481E2230027E0
:10AF2000A9718DF809108DF80830ADF80C70B8F1E2
:10AF3000000F00F06C82012120460DF10C090DF18B
:10AF4000080AFBF727FD51464A4602232046FBF735
:10AF50004FFD39462046FBF71DFD9DF80C30EB7088
:10AF6000F223EE718DF8096000268DF80830ADF8F7
:10AF70000C60B8F1000F40F0D980E86D4FF0FF3160
:10AF80000AF0A4F841462046FBF73EFD2046012189
:10AF9000FBF700FD4A46022351462046FBF728FDF9
:10AFA00041462046FBF7F6FC20460121FBF72CFD2D
:10AFB000434642464146E86D09F06CFC45E0B54D1C
:10AFC00013F02007AA7946D1914240F0BE800DF1DE
:10AFD0000C090DF1080AB37813F0100F0CBF102202
:10AFE0002022EA2300278DF809208DF80830ADF8DB
:10AFF0000C70B8F1000F00F0FA8001212046FBF739
:10B00000C9FC02234A4651462046FBF7F1FC39466B
:10B010002046FBF7BFFC9DF80C30EB707378EB71AA
:10B02000F222012120468DF809308DF80820ADF874
:10B030000C70FBF7AFFC51464A4602232046FBF753
:10B04000D7FC39462046FBF7A5FC9DF80C30EB7089
:10B0500005B0BDE8F08F914240F0A1800DF10C09E0
:10B060000DF1080AB37813F0100F0CBF40228022B4
:10B07000EA2300278DF809208DF80830ADF80C7010
:10B08000B8F1000F00F0E48001212046FBF782FCBC
:10B09000514602234A462046FBF7AAFC3946204681
:10B0A000FBF778FC9DF80C30EB7032882B899A42C4
:10B0B0002AD0B788F2887388BF1ABFB25B099F4253
:10B0C00028BF1F4617F0FF0740F008813A23AF70F2
:10B0D0008DF8097000278DF80830ADF80C70B8F1C4
:10B0E000000F00F0D98001212046FBF753FC5146A8
:10B0F00002234A462046FBF77BFC39462046FBF7F5
:10B1000049FC9DF80C30EB7033782B7273786B72BE
:10B110007378EB71F22200268DF809308DF8082043
:10B12000ADF80C60B8F1000F3FF427AF20460121C5
:10B13000FBF730FC51464A4602232046FBF758FCF9
:10B1400031462046FBF726FC7FE7E223A9718DF804
:10B150000910ADF80C708DF80830B8F1000F00F050
:10B16000DE80012120460DF10C090DF1080AFBF7E4
:10B1700011FC51464A4602232046FBF739FC39466A
:10B180002046FBF707FC9DF80C30EB7023E74346A5
:10B1900006F10802FFF7B4FD05B0BDE8F08FE22329
:10B1A0000027A9718DF809108DF80830ADF80C70E2
:10B1B000B8F1000F00F0D980012120460DF10C09F3
:10B1C0000DF1080AFBF7E6FB51464A4602232046EA
:10B1D000FBF70EFC39462046FBF7DCFB9DF80C30F4
:10B1E000EB703FE70DF10C090DF1080AB8E64FF0DE
:10B1F000FF31E86D09F06AFF41462046FBF704FC89
:10B2000001212046FBF7C6FB02234A465146204651
:10B21000FBF7EEFB41462046FBF7BCFB0121204635
:10B22000FBF7F2FB434642464146E86D09F032FB2C
:10B230009DF80C30EB707378E86DEB71F2224FF0F3
:10B24000FF318DF80930ADF80C808DF8082097E6B5
:10B250004FF0FF31E86D09F039FF41462046FBF71A
:10B26000D3FB20460121FBF795FB4A4602235146BA
:10B270002046FBF7BDFB41462046FBF78BFB2046F3
:10B280000121FBF7C1FB434642464146E86D09F008
:10B2900001FB07E7907500204FF0FF31E86D09F0E2
:10B2A00015FF41462046FBF7AFFB20460121FBF787
:10B2B00071FB4A46022351462046FBF799FB414663
:10B2C0002046FBF767FB20460121FBF79DFB434629
:10B2D00042464146E86D09F0DDFA12E712238DF887
:10B2E0000730D6F808B0B8F1000F64D0204601212D
:10B2F000FBF750FB4A460DF1070101232046FBF7FF
:10B3000077FB9DF80C30EB7059463B4600222046F7
:10B31000FBF76EFB00212046FBF73CFBD6E64FF027
:10B32000FF31E86D09F0D2FE41462046FBF76CFB89
:10B330000DF10C09204601210DF1080AFBF72AFB4B
:10B340004A46022351462046FBF752FB414620461F
:10B35000FBF720FB20460121FBF756FB4346424604
:10B360004146E86D09F096FA0DE74FF0FF31E86DC0
:10B3700009F0ACFE41462046FBF746FB0DF10C09F7
:10B38000204601210DF1080AFBF704FB4A4602237F
:10B3900051462046FBF72CFB41462046FBF7FAFAC4
:10B3A00020460121FBF730FB434642464146E86D0B
:10B3B00009F070FA12E74FF0FF31E86D09F086FEF0
:10B3C00041462046FBF720FB20460121FBF7E2FA2D
:10B3D0004A460DF1070101232046FBF709FB9DF8C2
:10B3E0000C30EB7042463B4659462046FBF700FBCB
:10B3F00041462046FBF7CEFA20460121FBF704FB2D
:10B40000434642464146E86D09F044FA5EE64FF095
:10B41000FF31E86D09F05AFE41462046FBF7F4FA89
:10B420000DF10C09204601210DF1080AFBF7B2FAD3
:10B430004A46022351462046FBF7DAFA41462046A7
:10B44000FBF7A8FA20460121FBF7DEFA4346424605
:10B450004146E86D09F01EFA7FE500BF2DE9F04195
:10B4600002F07F0CBDF818E0D20981BBBCF1000FDF
:10B470005ED13E4EA6F160077178B47882F0010289
:10B4800062F345110A466FF3041244F01001727022
:10B49000B170B278B360032363F3030200258046E2
:10B4A000A6F804E0B270F5802846FFF7A1FBBC7A4D
:10B4B000C4BB01252046BD72FFF79EFB22464046D5
:10B4C00031462C46FFF70EFD2046BDE8F08182F0A4
:10B4D0000108BCF1000F2ED0254F01223C4604E0AC
:10B4E0000132142A04F10C0418D094F86C508D42E7
:10B4F000F6D102EB420507EB850595F8615005F0A2
:10B500000F066645ECD1C5F34015454504F16C06C0
:10B51000BFD00132142A04F10C04E6D100242046E5
:10B52000BDE8F0812846FFF767FB2046BDE8F081C3
:10B5300082F00108D0E70E4F01243D4602E00134BD
:10B54000142CEBD095F86C608E4205F10C05F6D109
:10B5500004EB4406B60007EB060C9CF861C01CF037
:10B560000F0FECD160363E4486E700BFF075002037
:10B570009075002042DF704743DF704744DF70471B
:10B5800012DF7047F0B5334CBFF35B8F014604F513
:10B5900090730125D3E84F2FC3E8405F0028F9D10D
:10B5A000BFF35B8F12F0FF0F48D1082929D04E015D
:10B5B000A21954F806C028489388284F01F59476BC
:10B5C00001EB810E50F82660D2889A1A93B2B6B277
:10B5D00000EB8E0209B2B34228BF3346C2F800C75F
:10B5E00007EB8100C2F8043747F82150BFF36F8F93
:10B5F000BFF34F8F1A4B984218D0043B984215D096
:10B60000F0BD154BD3F8C024D1030FD494F80B111F
:10B6100061B11449D4F80001C3F8A007C3F8A42706
:10B620000D60BFF36F8FBFF34F8FF0BD0023BFF3EB
:10B630005B8F84F82031BFF35B8FF0BD0A4B0B4862
:10B640005A68C2F30802003218BF0122BDE8F04078
:10B65000FFF794B8E07600200070024028700240A6
:10B66000507002404870024000ED00E0E5B6020074
:10B67000174BBFF35B8F01460122D3E84F0FC3E89E
:10B680004C2FBCF1000FF8D1BFF35B8F10F0FF0F10
:10B6900014D10A60BFF36F8FBFF34F8F0D4B9942E8
:10B6A00003D0043B994200D070470B4BBFF35B8F34
:10B6B000002283F82021BFF35B8F7047074B0848B7
:10B6C0005A68C2F30802003218BF0122FFF756B8C9
:10B6D0000078002050700240E076002000ED00E08D
:10B6E00071B60200F0B5334CBFF35B8FC1B204F505
:10B6F00090730126D3E84F2FC3E8406F0028F9D19B
:10B70000BFF35B8F12F0FF0F47D1082928D04D01FE
:10B71000621954F805E028489388DFF8B0C001F5B5
:10B72000947550F82570D2888D009A1A93B2BFB2E2
:10B730006A1800EB8202BB4228BF3B46C2F800E712
:10B740006544C2F804374CF82160BFF36F8FBFF334
:10B750004F8F1A4B9D4218D0043B9D4215D0F0BD2F
:10B76000154BD3F8C024D1030FD494F80B1161B159
:10B770001349D4F80001C3F8A007C3F8A4270E604A
:10B78000BFF36F8FBFF34F8FF0BD0023BFF35B8F0D
:10B7900084F82031BFF35B8FF0BD0A4B0A485A682A
:10B7A000C2F30802003218BF0122BDE8F040FEF7E4
:10B7B000E5BF00BFE07600200070024050700240FC
:10B7C0004870024000ED00E0E5B60200287002403B
:10B7D00001207047014B80225A60704700E100E071
:10B7E000074BD3F80014D3F8002400200A434FF489
:10B7F0008001C3F80024C3F85801C3F8041370474C
:10B8000000700240074B4FF4001229B9C3F8082317
:10B81000054B83F821117047C3F80423024B83F8CA
:10B820002111704700700240E076002070B48A78E1
:10B830008C88414EC97802F07F03D50905EB43009F
:10B8400006EB001001F00301C4F30A04012904818E
:10B850002BD0012101FA03F4BDB1384802339940DD
:10B86000C0F80413D0F810352343C0F81035334B1B
:10B8700042F48071C3F81825C3F80C15BFF36F8F1D
:10B88000BFF34F8F012070BC70472C4803F10C06AA
:10B89000B140C0F80413D0F8141503F594730C43A9
:10B8A000C0F8144540F82350E1E7082B08D0244B9A
:10B8B000186810F00100E6D000BE002070BC704790
:10B8C000EDB9B6F818311BB11C4B8022C3F81C250A
:10B8D0001A4A0023C2F85031D2F8003313F400138F
:10B8E00008BFC2F85431154B4FF44012C3F804237B
:10B8F000D3F8142542F48072C3F81425BEE7B6F8D5
:10B9000008210E4B0021C3F82C1112B18022C3F87C
:10B910001C250A4AD2F8003313F4001308BFC2F8FA
:10B920005431064B074AC3F80423D3F8102542F4D8
:10B930008072C3F81025A1E7E07600200070024075
:10B94000F0ED00E0000820001F4B80222DE9F041BF
:10B95000C3F88420BFF34F8FBFF36F8F01241B4DBB
:10B960001B4FA0460026A30004F10C02A11C03F10A
:10B97000804303F51C3308FA01F108FA02F20A4386
:10B98000C7F8082328465E60013420229E62002109
:10B990000DF07CF9082C05F12005E4D10D4BC7F81A
:10B9A00008332022C7F81C6500217E620A48BE6465
:10B9B0000DF06CF9C7F81485C7F81085024B80228A
:10B9C0005A60BDE8F08100BF00E100E00077002090
:10B9D0000070024000083000E077002001F07F0294
:10B9E000082A70B44FEAD11128D0012303FA02F0DB
:10B9F000C043B1B1294C951CAB40C4F80833D4F80E
:10BA00001055274B2840C4F8100501EB420103EB09
:10BA100001110023CB72BFF36F8FBFF34F8F70BC48
:10BA200070471E4C02F10C05AB40C4F80833D4F843
:10BA300014551B4B2840C4F81405E6E7184B03EBDC
:10BA400001100024A0F808411448D1B14FF400645B
:10BA5000C0F80843D0F8104524F48074C0F81045AD
:10BA6000B3F81841B3F808510C48EC424FF0000607
:10BA700008BF4FF40014C0F81C6508BFC0F80843A5
:10BA8000C3E74FF48014C0F80843D0F8144524F4F9
:10BA90008074C0F81445C0F85011E1E7007002400E
:10BAA000E076002001F07F004FEAD11CF0B50CEBEE
:10BAB0004005744E2D01771985B0FC7A4CB1724B5C
:10BAC0001C6814F0010401D000BE0024204605B01B
:10BAD000F0BD04F0FF0E7251BB80A7F806E000280D
:10BAE00043D1002B57D0BCF1000F00F08E8006EB45
:10BAF000401100EB8003CD8A8A8A0C8B0969521BA6
:10BB00009B0092B203F1804303F51C33A24228BF8D
:10BB100022465E4DC3F8001600B2C3F804265C4B03
:10BB2000BFF35B8F05EB80010122D3E84F4FC3E8E1
:10BB3000472F002FF9D1BFF35B8FE4B2002C40F008
:10BB4000908045F82020BFF36F8FBFF34F8F514B8C
:10BB5000994202D0043B994219D1BFF35B8F002375
:10BB600086F82031BFF35B8F11E0BCF1000FBED12E
:10BB700006EB40160123F372BFF36F8FBFF34F8FB5
:10BB8000B37A23B1F37A03F0FF04002B74D10124BC
:10BB9000204605B0F0BD404AD2F88024C2F3C0125E
:10BBA0006245A0D03D4D6A688DF80810C2F30801C7
:10BBB00000314FF4E06218BF012101A803938DF812
:10BBC0000930ADF80420FEF755FCBFF35B8F06F596
:10BBD00090720123D2E84F1FC2E8403F0028F9D1FC
:10BBE000BFF35B8FCCB2002C38D12A4A1360BFF36D
:10BBF0006F8FBFF34F8F1C46BFF35B8F204686F8D5
:10BC00002011BFF35B8F05B0F0BD0123204AF37212
:10BC1000BFF35B8FD2E84F4FC2E8413F0029F9D113
:10BC2000BFF35B8FE4B26CB91D4A1360BFF36F8F33
:10BC3000BFF34F8FBFF35B8F86F820C11C46BFF365
:10BC40005B8F43E7154B16495A681648C2F3080242
:10BC5000003218BF0122FEF791FD37E76A680D49EF
:10BC6000F3E70E4B0F485A68C2F30802003218BFC0
:10BC70000122FEF783FD29E786F80AC0FFF782FC60
:10BC800024E700BFE0760020F0ED00E00470024001
:10BC900000780020507002400070024000ED00E08B
:10BCA0004C70024071B6020011F07F0008B512D04E
:10BCB00008280BD00E4B41F48072C909C3F818252F
:10BCC00004D10C4B03EB40139A7A62B9BFF36F8F28
:10BCD000BFF34F8F08BD064B01225A65BFF36F8F2C
:10BCE000BFF34F8F08BD9972FFF74CFCEEE700BF22
:10BCF00000700240E076002011F0770F12D00A4B5E
:10BD000041F48072C3F80C15C3F80C25CA09C3F8B6
:10BD1000181504BF01F5947143F82120BFF36F8F0C
:10BD2000BFF34F8F704700BF007002402DE9F04F06
:10BD3000A54BA64CD3F8000300238BB01E461F462C
:10BD4000012520FA03F11A19C9074FEA820209D521
:10BD5000116839B105FA03F117600E43BFF36F8F15
:10BD6000BFF34F8F0133192BEBD1F20700F135826E
:10BD7000974D330508D5944BD3F8A83601229BB2D2
:10BD8000A5F8163185F81C21B70206F4800424D5E5
:10BD90008D4BD3F81425D00540F1FC81002C00F028
:10BDA000A182D3F80024D20740F19C82D3F8103549
:10BDB000DA0540F1FB8195F81C3107AF002B40F00C
:10BDC000BD82814BD3F82035089338464FF4407339
:10BDD0000121ADF81C30FEF74DFB04B37A4AD2F8CE
:10BDE000004440F201732340C2F80034E30500F13F
:10BDF0005682670510D5744B0122C3F808259A6551
:10BE0000D3F8002312F4001208BFC3F854216E4B7C
:10BE10004FF40012C3F80423A00500F1358231026B
:10BE20003DD5694BD3F880C4D3F88414D3F888E4A3
:10BE3000D3F88C74D3F89084D3F89444D3F898044E
:10BE4000D3F89C245FFA8CF35FFA80FCD0B25A06D8
:10BE5000C9B25FFA8EFEFFB25FFA88F85FFA84F922
:10BE600001D105291BD00024224668F3070263F3A1
:10BE7000070461F30F2469F30F226EF317446CF388
:10BE8000174260F31F6267F31F644FF4C063012120
:10BE900007A8CDE90842ADF81C30FEF7EBFA4D4B90
:10BEA0003340002B40F09181DFF82491464F4D46FE
:10BEB000CA4609F5907800241DE02B44DA7A002A5E
:10BEC00000F0D781DA88AAF804200022DA72D98833
:10BED00009914FF4E063012107A88DF820B08DF897
:10BEE0002120ADF81C30FEF7C5FABBF1080F47D092
:10BEF00001340AF1200A04F10C0326FA03F3DB07EC
:10BF00005FFA84FBF1D504EB840307EB8303DAF8D3
:10BF10000020D3F80807630112FA80F2E918CAF882
:10BF20000020CA8880B2024492B2082CCA80C4D0D1
:10BF3000BAF808208242C0D1CA88BAF804109142E7
:10BF4000BBD9BBF1000FD0D10122BFF35B8FD8E882
:10BF50004F3FC8E8412F0029F9D1BFF35B8F13F0A1
:10BF6000FF0F40F052821C490A60BFF36F8FBFF38E
:10BF70004F8FBFF35B8F85F82031BFF35B8FB7E73F
:10BF8000164B3340002B00F002810F4BD3F86C248A
:10BF90000192C3F86C24BFF36F8FBFF34F8F16F479
:10BFA000806600F06E81D3F88024D3F8803483F06B
:10BFB0008003C3F3C0130593C2F3C0130493DFF8E7
:10BFC00008A00024A84613E000700240409C001026
:10BFD000E0760020FCFB1F004C70024000040001D2
:10BFE000002C00F0F281072E52D0013409F1200913
:10BFF0000199E14004EB8403C9070AEB830308EBD2
:10C000004412E6B2ECD5D3F80816D9F81070C9B2CC
:10C010000F44C9F81070D08A014489B2D182A8496E
:10C02000D08AB9F8145061188900854202914FF006
:10C03000010C66F07F0103914FF4E06B4FF0000EAE
:10C04000614607A840F2B480D18AB9F81820C3F835
:10C0500000766D1AADB2954228BF1546994AC3F8CD
:10C060000456BFF35B8FD2E84F3FC2E841CF0029AF
:10C07000F9D1BFF35B8F13F0FF0F40F0ED80029B0F
:10C08000C3F800C0BFF36F8FBFF34F8F072EACD143
:10C09000019BDB03454601D4059B43B1EB7A23B1F9
:10C0A000EB88AA889A4200F271810123AB72019B4E
:10C0B0009F030BD595F82B3023B1EB8CAA8C9A42B9
:10C0C00000F28881012385F82A30019B5E030DD59B
:10C0D00095F84B3033B1B5F84630B5F844209A4264
:10C0E00000F27D81012385F84A30019B1C030DD5A8
:10C0F00095F86B3033B1B5F86630B5F864209A42E4
:10C1000000F27E81012385F86A30019BD8020DD5AB
:10C1100095F88B3033B1B5F88630B5F884209A4263
:10C1200000F23881012385F88A30019B99020DD5F0
:10C1300095F8AB3033B1B5F8A630B5F8A4209A42E3
:10C1400000F22D81012385F8AA30019B5A020DD5FA
:10C1500095F8CB3033B1B5F8C630B5F8C4209A4263
:10C1600000F22281012385F8CA30019B1B020ED503
:10C1700095F8EB30002B00F0F380B5F8E630B5F819
:10C18000E4209A4240F2EC800720FFF7FBF90BB065
:10C19000BDE8F08FD3F81025D1053FF50CAE95F82A
:10C1A00021211AB94FF40012C3F8082307AF08E69B
:10C1B000D38A09939DF80C30ADF81CB08DF820306F
:10C1C0008DF821E0FEF756F90DE70023BFF35B8FF2
:10C1D00085F82031BFF35B8F66E63B4B3B4A3C4D15
:10C1E0003C4800240127C2F81475C2F81075546049
:10C1F00094625C609C629C60DC62DC601C631C611D
:10C200005C635C619C639C61DC63DC611C64546204
:10C210009464C2F85841D2F80034D2F800140B43A9
:10C22000C2F80034D2F80033C2F808332146C2F80D
:10C23000040328464FF492720CF028FD40234FF47B
:10C240008072394607A82B832B818DF82040ADF8EA
:10C250001C20FEF70FF98CE51F4B20485A68029905
:10C26000C2F30802B2EB0E0218BF0122FEF786FAF3
:10C27000B9E61B4B1B68D80789D500BE0BB0BDE8DB
:10C28000F08FCDE904669AE600220523012107A874
:10C290008DF81C208DF81D30FEF7ECF8BFE501216C
:10C2A000C2F82C150423002207A88DF81C208DF855
:10C2B0001D30FEF7DFF867057FF5AEAD9BE500BFEB
:10C2C000019C0010007800200470024000700240C1
:10C2D000E07600200514C00100ED00E071B6020018
:10C2E000F0ED00E04F4BBFF35B8F0122D3E84F1F0F
:10C2F000C3E8402F0028F9D1BFF35B8F11F0FF0F87
:10C3000032D1494BD3F8C004C70352D495F80B116E
:10C3100001F0FF07002967D04449D5F80071C3F840
:10C32000A077C3F8A4070A60BFF36F8FBFF34F8FE6
:10C33000D3F81035D8053FF53EAD37E7B5F81631DF
:10C340000993002285F81C2188234FF4E0623846C7
:10C350000121ADF81C20ADF82030FEF78BF830E558
:10C36000012385F8EA3012E7314B32485A68C2F3AC
:10C370000802003218BF01220821FEF7FFF92A4BFC
:10C38000D3F81035DB053FF516AD0FE70020FFF7BA
:10C39000F9F88CE60420FFF7F5F8019BC6E60520C6
:10C3A000FFF7F0F8019BD1E60620FFF7EBF8019BC1
:10C3B000DCE6BFF35B8F85F82011BFF35B8FD3F80A
:10C3C0001035DF053FF5F7ACF0E6049900293FF49E
:10C3D0000CAE18E60120FFF7D5F8019B76E60220A7
:10C3E000FFF7D0F8019B81E6BFF35B8F85F82071E2
:10C3F000BFF35B8FD3F81035D9053FF5DCACD5E63C
:10C400000320FFF7BFF8019B80E6094B0A485A68F2
:10C410000A49C2F30802003218BF0122FEF7AEF942
:10C4200066E500BF007800200070024048700240BE
:10C4300000ED00E0E5B6020071B602004C7002406B
:10C4400030B5012885B000F09F8057D3022840D135
:10C45000BA4BD3F80435002B40F0D780B74AD2F856
:10C4600000341C05FBD54FF40063C2F80034BFF361
:10C470006F8FBFF34F8FB24AB24B12681B68082A06
:10C4800000F0D780AD4BB04D80240122C3F81C458D
:10C49000C3F80423C5F88441FDF7D8FA002840F01A
:10C4A000F880AA4D43F204044FF080432268AA4268
:10C4B00011D0D3F80C14D3F80C24D003F6D5CA0746
:10C4C000F4D59E4B0122C3F80425BFF36F8FBFF351
:10C4D0004F8F05B030BD04AA002102F80C1D104694
:10C4E000FFF74EF89DF804000028E2D010460191B5
:10C4F000FFF744F8019A002AD8D0E2E78F4BD3F82F
:10C500000025002AE5D14FF480014FF40062C3F802
:10C510000813C3F80024BFF36F8FBFF34F8F884B0E
:10C520001B68082B00F0B780844B0122C3F800255C
:10C53000BFF36F8FBFF34F8F43F2040203F18D53AC
:10C5400003F57723126803F2DB539A4200F0CA80A6
:10C550004FF08043D3F80C24D3F80C34D90301D521
:10C56000D207B6D443F20402784B12689A4200F024
:10C570001881774B00221A601B6801934FF08043AB
:10C58000012201991A60A4E76C4BD3F80025002A18
:10C590009FD00022C3F80425BFF36F8FBFF34F8FE6
:10C5A00069498020C1F88400BFF34F8FBFF36F8FBC
:10C5B000D3F80013C3F80813C3F80025BFF36F8F37
:10C5C000BFF34F8F43F2040103F18D5303F577233B
:10C5D000096803F2DB53994200F0998001AB5D4A90
:10C5E000012111605C4A5168C1F30801003118460D
:10C5F0004FF000024FF0020318BF01218DF8042014
:10C600008DF80530FDF736FF63E743F204024F4B28
:10C6100012689A4200F0B0804FF08043D3F80C24A7
:10C62000D3F80C34DB037FF519AFD5077FF516AFD0
:10C630004FE7032B0AD8494A1168002940F0988037
:10C64000474C49F275301060216010605A1E022A72
:10C6500010D8424A1168002967D1424D3848394BF9
:10C6600000681B6849F2753414602960146008285A
:10C670007FF408AF032B3FF605AF3B493B4B40F23D
:10C68000E370402208601A60BFF36F8FBFF34F8FD3
:10C69000F8E66C6005E72B4B1B685A1E022A12D87D
:10C6A0002E4B1A68002A40F08E802E4949F27532CE
:10C6B00003201A6008601A60214A224B12681B6826
:10C6C000082A7FF431AF032B3FF62EAF234B1A68B5
:10C6D000002A74D1224949F27532C0201A600860DC
:10C6E0001A6021E704AB002203F80C2D1846FEF770
:10C6F00047FF9DF8041000293FF42AAF1846019225
:10C70000FEF73CFF019B002B7FF4E3AE2AE704AB6E
:10C7100003F80C2D1846FEF733FF9DF80420002A7D
:10C720003FF45DAFFEF728FF5CE70549054B0D4A76
:10C7300008681B680021116099E700BF0070024083
:10C74000300100103401001000E100E0DBE5B151E0
:10C75000000100400400004000ED00E000EC064055
:10C7600014EC064014ED06400078024004780240C4
:10C77000174A0021116069E704AB002203F80C2D71
:10C780001846FEF7FDFE9DF8041000293FF444AF63
:10C7900018460192FEF7F2FE019B002B7FF499AE42
:10C7A0005CE604A8002300F80C3DFEF7E9FE9DF8C6
:10C7B0000430002B3FF4DDAEFEF7DCFE89E6044BCF
:10C7C000C0221A60B0E6034B03221A6074E700BF70
:10C7D00014EC064014ED0640F8B5037813F001049C
:10C7E00005D10678C6F3800626B12046F8BD0024A0
:10C7F0002046F8BD0F4605464FF0FF31384608F099
:10C8000065FC2A7812F001040FD12B785B0704D461
:10C810002B7843F004032B700124002338461A467A
:10C82000194608F037F82046F8BD3446F5E700BF52
:10C8300070B505460E4608464FF0FF3108F046FC3D
:10C840002878C0F3800444B90024002330461A46F7
:10C85000194608F01FF8204670BD2B7813F001022E
:10C86000F2D12B7862F382032B70EEE710B4C37819
:10C87000848803F00303022BC4F30A0426D019D8DA
:10C88000012B04D0002318465DF8044B70470229A1
:10C8900040F2FF3208BF4FF48062A242F3D21A4B3B
:10C8A0001B6813F00103EED000BE002318465DF8AC
:10C8B000044B7047022914BF40234FF48063A34206
:10C8C000EDD3012318465DF8044B704702290BD0C5
:10C8D00012B1B4F5007F11D0A4F108039BB2182B5C
:10C8E00006D9402CEDD0DAE7B4F5007FD7D1E8E7E0
:10C8F000064A22FA03F3DB07D1D5E2E70024402100
:10C90000134644710171BEE7F0ED00E00101000142
:10C910000A44914216D230B44C78052C05D00C78DC
:10C9200021448A42F8D830BC70478C7804F07F05E7
:10C9300000EB4505E4092B550C7821448A42EBD8DD
:10C9400030BC7047704700BF2DE9F04182B00678D7
:10C95000089DBDF82470009361F300060446294643
:10C9600000F8086B012316463A46BDF82C80FCF708
:10C970006DFE05B13FB90A9B63600120A4F80280F7
:10C9800002B0BDE8F08104F11C01012008F05CF95F
:10C9900026B903463046C4E90503ECE70023FAE76D
:10C9A00010B50446406908B108F046FDA06908B119
:10C9B00008F042FD012010BDF0B50B460D4613F8FE
:10C9C000081B83B011F0020F0746184640F2FF1310
:10C9D0000CBF3F241C461646FCF774FEE8B9E6B1CE
:10C9E00026421AD12B786978DA07384618D5FEF72F
:10C9F00007F990B12B78697813F0010313D0002365
:10CA00003846CDE900331A46FEF73EF930B9084BF7
:10CA10001B68DB0701D500BE00E0002003B0F0BDBD
:10CA2000FDF714FFE5E738461A46FDF72FFFEDE75F
:10CA3000F0ED00E070B501F1080582B00646284629
:10CA40000C46FCF73FFE38B123786178DB073046AF
:10CA500005D5FEF7D5F830B9002002B070BDFDF75E
:10CA6000F5FE0028F8D0284662886168FCF754FE7D
:10CA7000054690B1237862686178D80717D50023FE
:10CA8000CDE9003330462B46FEF7FEF8B0B90C4B2B
:10CA90001B68DB07E0D500BEDFE72078617810F087
:10CAA0000104304608D1FDF7E1FE2046D5E73046C7
:10CAB0002B46FDF7EBFEE9E7FEF7C8F82846CCE782
:10CAC000F0ED00E02DE9F0418A890B7882B00C4648
:10CAD0000646E2B9DD07497857D5FEF791F80028F8
:10CAE0004FD0227863886178D20751D5002B5DD072
:10CAF000626800253046CDE90055FEF7C5F80028EC
:10CB00004DD1374B1B68DB073BD500BE3AE003F045
:10CB1000020301F10808002B40460CBF40274FF4E8
:10CB20000077304D08BF6FF03F05FCF7E3FD87420B
:10CB300027D823786178DB07304634D5FEF760F8D4
:10CB4000F8B14046FCF7D6FD874233D805EA00022B
:10CB500065882378617890B2854228BF0546DA0758
:10CB600032D5002D37D062680023CDE9003330463E
:10CB70002B46FEF789F80028C3D0284602E0FEF7CE
:10CB800065F8002002B0BDE8F081FDF75FFEA6E782
:10CB900073B162683046FDF779FE0028B1D0608835
:10CBA00002B0BDE8F081FDF751FEC9E71A46A0E7E3
:10CBB0001A46EFE72078617810F001043046DED1A4
:10CBC000FDF754FE2046DDE73DB1626830462B4656
:10CBD000FDF75CFECFE72A46C6E72A46F6E700BF28
:10CBE000F0ED00E000FEFFFF08B505460C460B48DF
:10CBF0000B4907F043F82946084807F03FF8094970
:10CC0000064807F03BF821460A22044807F082F95B
:10CC10004FF47A7007F062FDFAE700BFA8630020C6
:10CC200014BA030020BA030030B5164D164987B078
:10CC30000F23009328460D23112200F023FA134BF3
:10CC400004930122002348208DF815208DF814301C
:10CC500009F0DCFF06AB044613E903000E2202AB29
:10CC600083E80300009207230195204628220B2128
:10CC700000F062FB0648214607B0BDE8304001F0F5
:10CC8000DBBE00BFEC79002000F0024080841E0073
:10CC900034780020000000002DE9F0419E4884B067
:10CCA0004FF4E1310446F9F779FC07F00BFD40F64B
:10CCB000B736054607E007F005FD401BB04207D830
:10CCC0000A2007F00BFD2046F9F786FC0028F2D079
:10CCD00001211E200AF05AFE01211E200AF0DAFE70
:10CCE000642007F0FBFC00211E200AF0D3FE642024
:10CCF00007F0F4FC01211E200AF0CCFE642007F0AE
:10CD0000EDFC864800F0F0F9102500234FF00708ED
:10CD1000CDE90153CDF80080B0EE081AAB2308220C
:10CD20000521DFED7F0A9FED7F0A7F4801F094FE29
:10CD3000002840F0D58021211B227B4804F0E4FE2E
:10CD40009FED7A0A784804F003FB0146002840F082
:10CD5000CF800124009441F2210341F60F52724822
:10CD600004F0F2FD002840F0BF8020216E48704F93
:10CD7000704E01F0DFFF4FF47A720346002140F25B
:10CD8000E730E2FB03013B604FF47A7200230BF0C3
:10CD90003BFD3060604807F063F867495E4807F084
:10CDA00067F866495C4806F069FF9FED530B214622
:10CDB000594807F03FF86249574807F059F8614968
:10CDC000554806F05BFF9FED4E0B2146524807F099
:10CDD00031F85D49504807F04BF85C494E4806F081
:10CDE0004DFF0A2205214C4807F05AF858494A4895
:10CDF00006F044FF0A220821474807F051F8554938
:10CE0000454806F03BFF2A46AB21434807F048F867
:10CE10005149414806F032FF0A2241463E4806F099
:10CE20003FFF4E493C4807F023F84D493A4806F089
:10CE300025FF9FED350B2146374806F0FBFF49499A
:10CE4000354807F015F84849334806F017FF0A221D
:10CE50002946314807F05EF844492F4806F00EFF96
:10CE600043492D4807F004F842492B4806F006FFD5
:10CE70000A222021284806F081FF3F49264806F073
:10CE8000F7FF3E49244806F0F9FE9FED210B0321F0
:10CE9000214806F0CFFF3A491F4806F0E9FF39491B
:10CEA0001D4806F0EBFE0A2239681B4806F094FF85
:10CEB0003549194806F0DCFF3449174806F0DEFE14
:10CEC0000A223168144806F087FF3149124806F0FB
:10CED000CFFF07F0F7FB2F4B186004B0BDE8F081DF
:10CEE00001462D48FFF780FE01462C48FFF77CFEE7
:10CEF0002B48FFF779FE00BF0000000000D88C40EF
:10CF00000000000000407F40000000000080614001
:10CF1000000000A09999B93FA8630020EC79002097
:10CF20000000FA4300C066443478002000000C433F
:10CF3000087800200C780020B0BA0300D4BA0300AF
:10CF4000E0BA0300E8BA0300F4BA0300FCBA030035
:10CF500010BB030020BB030030BB030040BB030039
:10CF600048BB030058BB03005CBB030070BB03005D
:10CF700078BB030084BB030094BB03009CBB03008D
:10CF8000B0BB0300B4BB0300C4BB0300C8BB0300B9
:10CF9000DCBB03001078002070BA03009CBA0300C9
:10CFA00080BA030038B507F08DFB2C4A1368C31A0A
:10CFB000002B4EDB2A4B2B491B68184410600D4692
:10CFC00001F120000B46552204E012F0010F0CBFC6
:10CFD0005522AA2203F8012B8342A3EB0102F4D1CC
:10CFE000214C224922680023100E60F30703100C25
:10CFF00060F30F23100A60F3174362F31F632B6083
:10D000001B4806F03BFE0A222168194806F0E4FEA0
:10D010001849174806F032FE00232022114916480D
:10D0200003F02AF8054660B11449114806F026FEBF
:10D0300029460A220E4806F06DFF2368013323605B
:10D0400038BD0F490A4806F013FF236801332360F7
:10D0500038BD0120BDE8384007F040BB1078002003
:10D060000C780020147800200478002030BA0300E7
:10D07000A863002050BA03003478002060BA03008F
:10D0800058BA030070B5002444749DF81050C9B11B
:10D090000F4E0160B142846012D00E4CA14204BF19
:10D0A000012101710C4951F82220027351F82330FB
:10D0B000837351F8253043730023C373037470BD29
:10D0C0000471EFE7054B064A064824210BF01CFDCE
:10D0D0000030024000F00240E8C00300E0BB030063
:10D0E00048BC0300F0BB0300437C03B1704730B57C
:10D0F000012285B042740321FF22019304468DF87A
:10D1000003208DF806208DF80510827B417B8DF879
:10D1100000204FF080451A4602958DF80110057BDE
:10D12000C3736946037403938DF8025009F046FEF9
:10D13000A37B1F2B86BF03F01F030C4A4FF0A042B6
:10D1400003F5E07340F2013142F82310637B1F2B9B
:10D1500086BF03F01F0305494FF0A04103F5E073BC
:10D1600040F2033241F8232005B030BD00030050E7
:10D1700010B5044609F06AFF0023637410BD00BFB8
:10D1800010B483B002AB03E906009DF805309DF8AA
:10D190000410026813F1FF3318BF01230024022991
:10D1A000C2F800451C460374C17332D003292DD048
:10D1B000012925D0224B0099B3FBF1F3B3F5007F91
:10D1C000C2F854451FD2FF2B0FD87F2B24D83F2BFA
:10D1D00025D81F2B26D80F2B27D8072B02D8194963
:10D1E0008A4225D04FF0004101E04FF080610723D3
:10D1F000C2F82415C2F8003503B05DF8044B70473F
:10D2000043F00204D6E74FF00071F0E743F0060464
:10D21000D0E743F00404CDE74FF00061E7E74FF0BB
:10D220008051E4E74FF00051E1E74FF08041DEE745
:10D23000042B34BF4FF0A0514FF02061D7E700BF5F
:10D240000090D00300F0024003680022C3F80025DC
:10D25000704700BF002B3AD02DE9F047814684B0DB
:10D260000D4617461E464FF6FF784FF0000A46451A
:10D27000344628BF4446002D14BF234600230095A2
:10D280000297361B01938FB10022694648460394EA
:10D2900009F03EFF05B125442744002EE7D104B034
:10D2A000BDE8F087CDE900550295361B002269469E
:10D2B0004846CDF80CA009F02BFF4DB94645344641
:10D2C00028BF4446002EEDD104B0BDE8F08770477A
:10D2D0002544002ECBD1E2E710B586B006AB012481
:10D2E00003F8111D002202A90293CDE9034305941E
:10D2F00009F00EFF9DF8070006B010BD30B40B4AD0
:10D300000B4BD2F8B840D2F8BC00D2F8B4101C7362
:10D3100000220124074D1C7198735973DA731A7433
:10D320001D605A749A6030BC704700BFE8C00300AB
:10D33000007A002000F002402DE9F0471A4DAC467B
:10D3400007468A4691469846BCE80F003C464FF097
:10D35000000E44F804EB0FC49CE807001C3584E879
:10D3600007000FCD82B007F130040A9EC7F828806D
:10D37000C7E908A9FE620FC42B6823600CABC7F88D
:10D3800044E093E803006C4684E803002C2009F095
:10D390003DFC94E80C000B99054601F0B7F93846BE
:10D3A0003D6002B0BDE8F08788BC030010B50446BC
:10D3B00000680368DB6B98472068216A036882680D
:10D3C0001B6898472068216A036802695B68BDE8AA
:10D3D00010401847006803681B6C18472DE9F04F90
:10D3E000057C83B00446407C0D9F0C9E0196ED08A1
:10D3F00005EBD0053D442846894690469B4609F0FA
:10D4000007FC0646284609F003FC8246207C0828D3
:10D410005FFA89F35FFA88F132D843EA010263893F
:10D4200032704B4506F1010034D03A46A1890BF029
:10D430002DFC20680368DB6A98472068216A03682E
:10D44000C2685B689847206803682A4631461D6BAE
:10D450005346A8472068216A036802695B689847B9
:10D46000206803685B6B984723894B4517D030468B
:10D4700009F0D0FB504603B0BDE8F04F09F0CABB3D
:10D4800043EA182263897170D2B24B4506F102005B
:10D490003270CAD159463A460BF0D4FBC9E7217C19
:10D4A00001983A460AEBD1010BF0CCFBDFE700BF55
:10D4B0002DE9F04790F804C084B004460F461646A4
:10D4C0001D46BCF1000F00F0B480427C53B2002B2B
:10D4D000B8BF0733DB10013B5BB2002B0DF108082E
:10D4E000C0F2BB80B0F80AE04146D800013B5BB215
:10D4F0004EFA00FCB3F1FF3F01F801CBA0F10800A8
:10D50000F4D194F810C04FEADC0C0CF1FF335BB29D
:10D51000581C09D00139D800013B27FA00F05BB252
:10D5200001F8010F581CF6D10CEBD20707EB050AE6
:10D53000504609F06DFB814647B1013FFFB201370C
:10D5400041463A460BF07EFB09EB070031462A467E
:10D550000BF078FBE36A20680133036865D0DB6970
:10D56000984706460BE020680368DB6C9847206804
:10D570000368DB699847E369801B984263D220689F
:10D58000E16A03689B6898470028ECD1504609F08F
:10D590003FFB064620680368DB6A98472068216ADB
:10D5A0000368C2685B6898472068036852461F6B2F
:10D5B00049463346B8472068216A036802695B68B8
:10D5C0009847206803685B6B9847E36A20680133DB
:10D5D00003683ED09B690121984720680368DB6996
:10D5E000984707460BE020680368DB6C9847206883
:10D5F0000368DB699847E369C01B98420CD2206836
:10D60000E16A03689B6898470028ECD163691BB105
:10D6100015B1E27CB05C9847484609F0FBFA304609
:10D6200004B0BDE8F04709F0F5BA5B6932219847CC
:10D63000ACE74189CDE900C313463A46FFF7CEFE79
:10D6400004B0BDE8F087484604B0BDE8F04709F0F3
:10D65000E1BA5B6901219847D8E7414651E700BF2D
:10D660002DE9F04F457C044668B20028B8BF07306A
:10D670009846C310013B85B05BB2002B9DF838A0E3
:10D680009DF83CB001920BDBDA0003A8013B41FAA4
:10D6900002F65BB200F8016B5E1CA2F10802F5D144
:10D6A000A77CED0805EBD7074744384609F0B0FAE8
:10D6B000064645B103AA12F8013B00F8013B831B63
:10D6C000DBB29D42F7D8A27CA18908EBD2020BF015
:10D6D000DDFABAF1000F1ED0E26A20680132036859
:10D6E00000F08180DB69984781460DE0206803687F
:10D6F000DB6C984720680368DB699847E369A0EB17
:10D700000900984280F089802068E16A03689B687C
:10D7100098470028EAD1384609F07AFA814620680D
:10D720000368DB6A98472068216A0368C2685B68FF
:10D730009847206803683A4631461F6B4B46B84706
:10D740002068216A036802695B689847206803685B
:10D750005B6B9847BAF1000F20D0E26A2068013273
:10D76000036863D09B690121984720680368DB69DF
:10D77000984707460BE020680368DB6C98472068F1
:10D780000368DB699847E369C01B984255D220685B
:10D79000E16A03689B6898470028ECD1636933B35A
:10D7A000B8F1000F23D0E27C19F802009847A17C61
:10D7B00005EBD10107464246494401980BF042FA75
:10D7C000304609F027FA484609F024FA3FB9BBF180
:10D7D000000F1DD0A76917B12046B8470746384645
:10D7E00005B0BDE8F08F5B693221984793E7A17CD3
:10D7F000019805EBD101424649440BF023FA30462B
:10D8000009F008FA484609F005FABBF1000FE1D12A
:10D810005F46384605B0BDE8F08F304609F0FAF9AA
:10D820006FF43077384605B0BDE8F08F5B690121B1
:10D8300098476369002BB3D1D9E7304609F0EAF97C
:10D84000484609F0E7F96FF43077384605B0BDE88F
:10D85000F08F00BF2DE9F04F83B004460C9F807C11
:10D860009DF834A09DF838B0D51905EBD0052846B1
:10D870001646CDE9001309F0CBF980465EB106F1FA
:10D88000FF395FFA89F909F1010900994A460BF05D
:10D89000D9F908EB0900A27CA18907EBD2020BF0B1
:10D8A000F5F9BAF1000F1DD0E26A20680132036871
:10D8B0007DD0DB69984781460DE020680368DB6C0A
:10D8C000984720680368DB699847E369A0EB090083
:10D8D000984280F086802068E16A03689B689847D8
:10D8E0000028EAD1284609F093F9814620680368A8
:10D8F000DB6A98472068216A0368C2685B689847BA
:10D90000206803682A4641461D6B4B46A84720689D
:10D91000216A036802695B689847206803685B6B4B
:10D920009847BAF1000F20D0E26A206801320368FC
:10D9300060D09B690121984720680368DB6998479C
:10D9400005460BE020680368DB6C98472068036895
:10D95000DB699847E369401B984252D22068E16A2C
:10D9600003689B6898470028ECD163691BB317B321
:10D97000E27C19F802009847A17C06EBD10105462C
:10D980003A46494401980BF05DF9404609F042F9E6
:10D99000484609F03FF905BBBBF1000F1CD0A56953
:10D9A000DDB120462B4603B0BDE8F04F18475B6958
:10D9B0003221984796E7A17C019806EBD1013A46BF
:10D9C00049440BF03FF9404609F024F9484609F074
:10D9D00021F9BBF1000FE2D15D46284603B0BDE856
:10D9E000F08F404609F016F96FF43075284603B001
:10D9F000BDE8F08F5B69012198476369002BB6D1C0
:10DA0000D9E7404609F006F9484609F003F96FF4F2
:10DA10003075284603B0BDE8F08F00BF90F811C004
:10DA20002DE9F04F04464FFA8CF00028B8BF0730BC
:10DA30001D46C310013B83B05BB2002B9DF83060E4
:10DA40009DF8347090460CDBDA0001A8013B5BB214
:10DA500041FA02FEB3F1FF3F00F801EBA2F1080228
:10DA6000F4D14FEADC0B0BEB050A504609F0D0F875
:10DA70008146BBF1000F09D001AA12F8013B00F862
:10DA8000013BA0EB0903DBB29B45F6D841462A4691
:10DA90000BF0D8F8E6B1E26A20680132036871D071
:10DAA000DB69984780460CE020680368DB6C984788
:10DAB00020680368DB699847E369A0EB0800984297
:10DAC00071D22068E16A03689B6898470028EBD10F
:10DAD000504609F09DF8804620680368DB6A984745
:10DAE0002068216A0368C2685B68984720680368F9
:10DAF00052464946D3F830A04346D0472068216AB1
:10DB0000036802695B689847206803685B6B984705
:10DB100006B3E26A2068013203684DD09B69012197
:10DB2000984720680368DB69984706460BE0206841
:10DB30000368DB6C984720680368DB699847E369F2
:10DB4000801B98423FD22068E16A03689B6898472F
:10DB50000028ECD16369CBB1C5B1E27C18F80200B2
:10DB600098470546484609F055F8404609F052F8EE
:10DB7000ADB99FB1A56995B120462B4603B0BDE86C
:10DB8000F04F18475B6932219847A1E7484609F0F2
:10DB900041F8404609F03EF8002FEBD13D462846BB
:10DBA00003B0BDE8F08F484609F034F86FF43075E3
:10DBB000284603B0BDE8F08F5B690121984763698F
:10DBC000002BC9D1E2E7484609F024F8404609F0A5
:10DBD00021F86FF43075284603B0BDE8F08F00BF20
:10DBE0002DE9F04F83B00446DDF830809DF8349085
:10DBF0009DF838B0019102EB0807384615469A4661
:10DC000009F006F806463DB1013DEDB20135019936
:10DC10002A460BF017F87019514642460BF012F8DD
:10DC2000B9F1000F1BD0E26A20680132036874D09A
:10DC3000DB69984705460BE020680368DB6C984772
:10DC400020680368DB699847E369401B984276D2F5
:10DC50002068E16A03689B6898470028ECD1384641
:10DC600008F0D6FF054620680368DB6A98472068FD
:10DC7000216A0368C2685B689847206803683A466F
:10DC800031461F6B2B46B8472068216A036802693A
:10DC90005B689847206803685B6B9847B9F1000F91
:10DCA00020D0E26A20680132036851D09B690121CB
:10DCB000984720680368DB69984707460BE02068AF
:10DCC0000368DB6C984720680368DB699847E36961
:10DCD000C01B984243D22068E16A03689B6898475A
:10DCE0000028ECD16369E3B1B8F1000F19D0E27CF0
:10DCF000A85C98470746304608F08CFF284608F095
:10DD000089FFC7B9BBF1000F14D0A7699FB12046A6
:10DD10003B4603B0BDE8F04F18475B693221984796
:10DD20009DE7304608F076FF284608F073FFBBF108
:10DD3000000FEAD15F46384603B0BDE8F08F3046A9
:10DD400008F068FF6FF43077384603B0BDE8F08F15
:10DD50005B69012198476369002BC5D1E1E7304633
:10DD600008F058FF284608F055FF6FF43077384622
:10DD700003B0BDE8F08F00BF2DE9F041457C6BB2E8
:10DD8000002BB8BF0733DB10013B5BB2002B82B026
:10DD900004460CDBC689DA0001A9013B46FA02F011
:10DDA0005BB201F8010B581CA2F10802F5D1A77C67
:10DDB000ED0805EBD7070137384608F029FF06467E
:10DDC00045B101AA12F8013B00F8013B831BDBB20D
:10DDD0009D42F7D8A27CA189D20801320AF056FFF1
:10DDE000E36A20680133036800F08580DB699847A7
:10DDF00080460CE020680368DB6C98472068036865
:10DE0000DB699847E369A0EB0800984277D2206865
:10DE1000E16A03689B6898470028EBD1384608F010
:10DE2000F7FE804620680368DB6A98472068216A0D
:10DE30000368C2685B689847206803683A463146C1
:10DE40001F6B4346B8472068216A036802695B6814
:10DE50009847206803685B6B9847E36A2068013342
:10DE6000036837D09B690121984720680368DB6904
:10DE7000984707460BE020680368DB6C98472068EA
:10DE80000368DB699847E369C01B984240D2206869
:10DE9000E16A03689B6898470028ECD16369FBB18D
:10DEA000E27C18F802009847A37C08EBD3030746EE
:10DEB00030465D5D08F0AEFE404608F0ABFE2FB97F
:10DEC00067691FB12846B8470027E080384602B08E
:10DED000BDE8F0815B69012198476369002BDFD1C0
:10DEE000A37C08EBD30330465D5D08F093FE40460B
:10DEF00008F090FEE4E75B69322198478EE73046F0
:10DF000008F088FE6FF43077384602B0BDE8F08143
:10DF1000304608F07FFE404608F07CFE6FF4307714
:10DF2000384602B0BDE8F0812DE9F04F85B01546C6
:10DF3000109A9DF8444001948A460446AF18029313
:10DF4000002B40F0FB80837C07EBD307384608F0BA
:10DF50005FFE0646002D00F0C98046EA0A035A0714
:10DF600040F00B810B2D40F20881002D14BF2B4691
:10DF7000012303934FEAD30B721CAAF1080C31461C
:10DF80000023FCE9028901335FFA83FE1046F34562
:10DF9000E1E8028900F1070002F10802F1D80399D3
:10DFA00001F0F8038B4206EB03023BD003F1010CB6
:10DFB0005FFA8CFC1AF80310F154AC4502F1010031
:10DFC00030D2991CC9B21AF80C0050708D4202F17F
:10DFD000020027D9D81C1AF801109170C1B28D42E5
:10DFE00002F103001ED9181D1AF80110D170C1B238
:10DFF0008D4202F1040015D9581D1AF80110117153
:10E00000C1B28D4202F105000CD90633DBB21AF819
:10E01000011051719D4202F1060003D91AF8033034
:10E020009371D01D029B002B60D0109A0E990AF0BC
:10E0300009FE019B002B63D1384608F0E9FD8046BC
:10E0400020680368DB6A98472068216A0368C26811
:10E050005B689847206803683A4631461F6B434621
:10E06000B8472068216A036802695B68984720689E
:10E0700003685B6B9847019B0BB3E26A206801322F
:10E08000036800F086809B69012198472068036837
:10E09000DB69984707460BE020680368DB6C98470C
:10E0A00020680368DB699847E369C01B984277D210
:10E0B0002068E16A03689B6898470028ECD167698B
:10E0C0003FB1109B002B77D0E37C18F80300B847D2
:10E0D0000746029B002B3ED0304608F09BFD404691
:10E0E00008F098FD384605B0BDE8F08F109BA27C83
:10E0F000A18903EBD2020AF0C9FD019B002B9BD042
:10E10000E26A20680132036821D0DB6998478046C3
:10E110000CE020680368DB6C984720680368DB69C3
:10E120009847E369A0EB080098421DD22068E16A95
:10E1300003689B6898470028EBD17DE7384608F0D4
:10E1400067FD0646002D7FF408AF30466DE75B693A
:10E150003221984770E7A17C05EBD1014144DDE90C
:10E160000F020AF06FFDB7E7304608F053FD6FF479
:10E170003077384605B0BDE8F08F0AF1FF3A3046F7
:10E180001AF8013F00F8013B831BDBB29D42F7D830
:10E1900048E75B69012198476769002F91D198E7AB
:10E1A000304608F037FD404608F034FD6FF4307714
:10E1B000384605B0BDE8F08F1F468AE72DE9F041EB
:10E1C000067986B005460C46002E3FD0477C78B2D3
:10E1D0000028B8BF0730C010013840B2002804A999
:10E1E0003EDBB5F808800E464FEAC00C013840B25D
:10E1F00048FA0CFEB0F1FF3F06F801EBACF1080C59
:10E20000F4D195F810E04FEADE0E0EF1FF3040B287
:10E21000B0F1FF3F0BD0013E4FEAC00C013840B2D5
:10E2200024FA0CFCB0F1FF3F06F801CFF4D1002432
:10E230000126029201930EEBD70228460396009422
:10E240002346FFF771FE06B0BDE8F0810189CDE9F4
:10E25000003233462246FFF7C1F806B0BDE8F08130
:10E260000E46CEE72DE9F04F8BB0072B9DF85850A6
:10E270009DF850809DF8547005959DF85CB000F2B3
:10E280002F81B8F1070F00F22B814345C0F02881A0
:10E290001E4603799146002204460D468DF81F2044
:10E2A000002B00F00681427C53B2002BB8BF07332D
:10E2B000DB10013B5BB2002B08A9C0F20F81B0F864
:10E2C00008A08E46D800013B5BB24AFA00FCB3F1CD
:10E2D000FF3F0EF801CBA0F10800F4D194F810C074
:10E2E0004FEADC0C0CF1FF335BB2581C0AD00EF184
:10E2F000FF3ED800013B25FA00F05BB20EF8010F9B
:10E30000581CF6D101200DF11F0A0023CDE90200AF
:10E310000CEBD202CDE9003A2046FFF705FEFF22C2
:10E32000731CC8F1080802FA03F342FA08F843EA3A
:10E3300008039DF81F60DB43DBB289EA0602134243
:10E3400003D1BBF1000F00F0A18026EA030603EA27
:10E350000909237946EA09068DF81E60002B00F0B2
:10E36000B280627C53B2002BB8BF0733DB10013B95
:10E370005BB2002B08A9C0F2B680B4F80A80084648
:10E380004FEAC30C013B5BB248FA0CFEB3F1FF3F0E
:10E3900000F801EBACF1080CF4D194F810C04FEA8E
:10E3A000DC0C0CF1FF335BB2B3F1FF3F0BD0013853
:10E3B0004FEAC30E013B5BB225FA0EFEB3F1FF3FFD
:10E3C00000F801EFF4D1002001230CEBD2020DF193
:10E3D0001E0CCDE900C0CDE902332046FFF7A4FDB5
:10E3E000206803681B6A98474FF47A7909FB07F99C
:10E3F00083464FF000080127206803681B6A98478E
:10E40000A0EB0B0048454FD223798DF81F80002BDD
:10E4100040D0617C4BB2002BB8BF0733DB10013B0F
:10E420005BB2002B3EDBB4F808C0DA0008A8013B61
:10E430005BB24CFA02FEB3F1FF3F00F801EBA2F130
:10E440000802F4D1227CD208531E5BB2B3F1FF3F25
:10E450000BD001384FEAC30C013B5BB225FA0CFC30
:10E46000B3F1FF3F00F801CFF4D102EBD102CDE9C7
:10E470000277CDE9008A002308A92046FFF754FD62
:10E480009DF81F30059A73401A42B5D100200BB099
:10E49000BDE8F08F21892A46CDE900A72046FEF786
:10E4A0009DFFEDE708A8CDE76FF00F000BB0BDE8CA
:10E4B000F08F01220DF11F0A0189CDE900A22A4641
:10E4C000FEF78CFF2BE761890093012301932A4615
:10E4D0000DF11E032046FEF781FF81E78E46FDE623
:10E4E0006FF00A00D3E7084657E700BFF0B51A4DB2
:10E4F0000468DFF868C087B04FF0FF3301912968E6
:10E500000593CDE90333CB07064602920BD4D4E939
:10E510000332CCE90723CCE90D320121CCF80430D9
:10E52000CCF80830296001AD0FCD30632868306425
:10E5300001AD7163B263F36306AFC6F844C02368EC
:10E5400055F8041B1B68A26820469847BD4201D0BD
:10E550003468F4E707B0F0BD147A00201C61002095
:10E56000F8B5446C24B906E0914205D0183402D0C5
:10E570002278002AF8D1F8BD0646043400F13005AF
:10E5800000F1440755F8041B002904DB30682268B9
:10E5900003685B689847AF4204F10404F2D1F8BD08
:10E5A00021B1034B880143F001031847704700BFB6
:10E5B00020BD030008467047C069FEF795BD00BF47
:10E5C000C069FEF7D5BD00BF72B1F8B54C1E074655
:10E5D000A6185D1E14F8011FF869FEF77DFEB4420F
:10E5E00005F8010FF6D1F8BD704700BF09F01EB85D
:10E5F0004B1C02D0C8B205F005BD70470846114655
:10E60000421C03D01A46C0B205F0C2BD704700BF1D
:10E61000C069FEF719BE00BF00F1200393E80600B1
:10E62000C069FEF7ADBD00BF08461146421C02D0CE
:10E630001A4608F09DBF0020704700BF08B50A4B7E
:10E64000DB68D90103D5094B1A68D20708D407F053
:10E650006BFA074BA0FB0323900A40EA835008BDE6
:10E660005868800908BD00BFF0ED00E0001000E030
:10E6700040420F0006F026B8084606F02FB800BF4B
:10E680004B1C02D0084605F07FBF70470846114674
:10E69000421C02D01A4605F06DBE70474B1C02D0DA
:10E6A000084609F013BA0020704700BF4B1C08460B
:10E6B00002D0114609F0EEB9704700BF4B1C084666
:10E6C00002D0114609F062B9704700BF90F82820C7
:10E6D00002B9704702680449926B8A4202D1C0694C
:10E6E000FEF746BD104700BFC1E5020090F82820A4
:10E6F00002B9704702680449926A8A4202D1C0692D
:10E70000FEF7F2BC104700BFB9E50200F0B587B0D4
:10E7100004AD85E80C0003270122002304240E46E3
:10E72000CDE9014700921946044605F085FA95E8BF
:10E73000030004F12003054DE6610022256083E813
:10E740000300204684F8282007B0F0BDC0BC0300B9
:10E750004AB116290B466FF00800A8BF1623834262
:10E76000B8BF034613700931C9B21F298CBF6FF0BF
:10E770000C000020704700BFF0B503681D4ADB6C39
:10E78000934285B005460E4612D101F10903DBB272
:10E790001F2B2CD804AC002304F8013D40F6E70100
:10E7A00001232246284603F0D3FD38B105B0F0BD61
:10E7B000002298470028EDD005B0F0BD01270246A1
:10E7C000009707230421284603F09EFD0028EDD181
:10E7D000F1B20422284603F049FE0028E6D13B4668
:10E7E0002246284640F6E70103F0AAFDDEE76FF077
:10E7F0000C00DBE751E702009FED167AB4EEC70A82
:10E80000F1EE10FA23D49FED147AB4EEC70AF1EEBC
:10E8100010FA1CDC38B5D0ED557A70EE677AB3EE9D
:10E82000047AF0EEE77AF4EEC77AF1EE10FA0546D4
:10E8300010EE104A06DA00EE104A2846BDE83840CD
:10E8400003F072BE03F094FD0028F4D038BD6FF0E1
:10E850000B007047000016430000704470B501299A
:10E8600084B0044675D064D3022903D06FF013003E
:10E8700004B070BD0022012300929FED670A1A4682
:10E88000062104F0F9FA0028F2D12368634A1B6BD1
:10E890009FED630A934240F0A680D4ED557A70EE66
:10E8A000677AB3EE047AF0EEE77AF4EEC77AF1EE27
:10E8B00010FA80F291809FED5A0A204603F034FE50
:10E8C0000028D5D10121204603F060FE0028CFD1D9
:10E8D000236854499A6C8A4240F08880DB6C524A23
:10E8E000934240F0878004AD002305F8013D40F6D7
:10E8F000E70101232A46204603F02AFD0028B7D16C
:10E9000001260246009607230421204603F0FCFC62
:10E910000028ADD104220A21204603F0A7FD0028DB
:10E92000A6D133462A46204640F6E70103F008FD0B
:10E930009EE70022DFED381A9FED3C1A9FED3C0A5E
:10E940001021F1EE040A04F0BBF800289DD004B0B9
:10E9500070BD002300939FED300A08231222072187
:10E9600003F0CCFF002883D10921204602F09CFC53
:10E9700000287FF47DAF9FED2F0A204602F054FA65
:10E9800000287FF475AF2368244A1B6B9FED240A8F
:10E9900093423DD1D4ED557A70EE677AB3EE047AA6
:10E9A000F0EEE77AF4EEC77AF1EE10FA2ADA9FED8C
:10E9B0001C0A204603F0B8FD00287FF459AF01215E
:10E9C000204603F0E3FD00287FF452AF2368204681
:10E9D0009B6C0A2198474BE7204603F0C9FC0028AE
:10E9E0003FF469AF44E72046984769E720460A218B
:10E9F00090473DE702460A212046984700287FF4C9
:10EA000037AF70E7204603F0B3FC0028CFD02FE7E4
:10EA100020469847D0E700BFCDCCCC3FF9E70200B5
:10EA20000000D94379E7020051E7020033331C4369
:10EA30009A9999400000FA4210B5044601F068FE28
:10EA4000034A044B2260C4F84C31204610BD00BF7D
:10EA500038BD030028BD030070B52DED028B82B0D8
:10EA6000B0EE408ABDF824409DF828500095154628
:10EA70000E461A4629462346B0EE410AF0EE608A59
:10EA800004469DF9205003F039FF18B102B0BDECE7
:10EA9000028B70BD3146204602F006FC0028F5D1FD
:10EAA000B0EE680A204602F0BFF90028EED12368D4
:10EAB000224A1B6B934231D1DFED217AB4EEE78A13
:10EAC000F1EE10FA37D4DFED1F7AB4EEE78AF1EEFB
:10EAD00010FA30DCD4ED557A78EE677AB3EE047A2A
:10EAE000F0EEE77AF4EEC77AF1EE10FA1BDAB0EE48
:10EAF000480A204603F018FD0028C7D1012120460E
:10EB000003F044FD0028C1D123689B6C29462046B0
:10EB100002B0BDEC028BBDE870401847B0EE480A69
:10EB200020469847E8E7B0EE480A204603F020FC6C
:10EB30000028DCD0AAE76FF00B00A7E7F9E7020096
:10EB4000000016430000704470B5074B05460FCB1C
:10EB500084B02E686C4684E80F00D6F890302146C9
:10EB60002846984704B070BD04BE030000000000B2
:10EB700008B5084609F0C4FA03A3D3E9002309F055
:10EB800039FB09F0D1FD08BDFCA9F1D24D62B03FBF
:10EB9000D0F85C01704700BF00F00E03062B0BD0CD
:10EBA000082B0CD00A2B0CD00138C0B2FD288CBF2A
:10EBB0006FF00100002070476FF43070704702481A
:10EBC00070470248704700BF3EFDFFFF3DFDFFFF5D
:10EBD00008B50221D0F85C01FFF7C2FC4FF0FF300E
:10EBE00008BD00BF30B5022385B001220C460D0AD6
:10EBF000D0F85C018DF80D40CDE90022194603AA3A
:10EC00008DF80C50FEF70AFF05B030BD00B585B099
:10EC100004AA002322F8043D0123D0F85C0112214C
:10EC2000CDE900330223FEF71BFDBDF80C0040BA0E
:10EC300080B205B05DF804FB30B52DED028B89B0D4
:10EC400008AC03AD85E80E00FF2304F8013D012365
:10EC5000D0F85C019DED048ACDE9003322461121F4
:10EC6000FEF7FEFC9DF81F305BBBDDED038A18EE5E
:10EC7000900A09F067FA2AA3D3E9002309F02CFDD2
:10EC8000002840D1DFED287AF4EEE78AF1EE10FAA1
:10EC900039DC18EE100A09F055FA21A3D3E9002354
:10ECA00009F01AFDC0BBDFED217AB4EEE78AF1EE80
:10ECB00010FACCBF6FF06500002009B0BDEC028BEC
:10ECC00030BD012B1CD19DF80C30053B072B20D803
:10ECD000B5EEC08AF1EE10FA18D4DFED157AB4EE75
:10ECE000E78AF1EE10FA11DC9DF81430053B032B96
:10ECF00094BF00206FF0090009B0BDEC028B30BD5D
:10ED00004FF0FF30D9E76FF06400D6E76FF00700EF
:10ED1000D3E76FF00800D0E76FF06500CDE700BFE4
:10ED2000333333333333E33F00009643000048432B
:10ED30000000FF43F0B585B004AAFF2302F8013DAF
:10ED4000012304460D46D0F85C011121CDE90033C2
:10ED5000FEF786FC9DF80F30012B1AD053B1032B20
:10ED600064D194F89931032B00F2A680DFE803F018
:10ED70009A959262D4F87001ED0000FB05F009F05D
:10ED8000BFF900224E4B09F035FA09F0CDFC05B071
:10ED9000F0BD94F86021D4ED5A6A94F864C142F24F
:10EDA0001073934007EE103AF2EE047AB8EE477A09
:10EDB00066EEA76A531FC7EE267ADBB2022B35BF79
:10EDC0001926112600270827FCEEE77A17EE900A8D
:10EDD000B0F57A5F2ABF02F13E0393009B00D9B2DF
:10EDE00094F8633105EB4305C2EB4502BCF1000F1B
:10EDF00007EB820314BF0022142294F86151B4F887
:10EE000066411A4412B24B1E002AA8BF9B18043553
:10EE100093FBF1F304F108029BB205FB032306EB1D
:10EE2000830300FB03F0800805B0F0BD4FF0FF3016
:10EE300005B0F0BD05EB4505ADB2224BA3FB0523A4
:10EE40005B0903EB830203EB430302EB8202A5EBB6
:10EE500003155200ADB292B215B102351544AAB2F3
:10EE600094F89B11184B9FED197AC1EBC10001EB8F
:10EE7000C00102EB410292B203FB02F307EE903AAB
:10EE8000F8EE677A67EE877AFCEEE77A17EE900A7B
:10EE900005B0F0BD6D00ADB2CFE705EB4505C5F39C
:10EEA0004F05CAE705EB45056D00094B0435A3FB8B
:10EEB0000535C5F38F05C0E76FF0090067E700BFB0
:10EEC0000000503FABAAAAAA00127A00AD37063B59
:10EED000CDCCCCCC11B310B584B004AAFF2302F87A
:10EEE000013D0123D0F85C010C46CDE9003311212E
:10EEF000FEF7B6FB9DF80F30012B03D006D3032B92
:10EF000008D102230020237004B010BD002020701F
:10EF100004B010BD6FF0130004B010BD6FF002001C
:10EF2000704700BF10B5D0F85C310446186803681C
:10EF30009B689847C1B22046BDE8104004F00CBD64
:10EF400070B5D0F85C311C68596A236820461A6D88
:10EF50001D6990472B4601462046BDE87040184782
:10EF600030B5012185B00446D0F85C01FFF7F8FA0E
:10EF700004AA042302F8013D0023D4F85C01842193
:10EF8000CDE900330123FEF749FDD4F85C31054695
:10EF90001868036801215B699847284605B030BDB1
:10EFA0002DE9F041D0F85C311C680F46596A23689E
:10EFB00005461A6DDE6820469047D5F85C311B681F
:10EFC00001463A462046B4465B69BDE8F0416047D9
:10EFD00010B5012384B003AA0024D0F85C01ADF879
:10EFE0000C40CDE90033142103238DF80E40FEF7C9
:10EFF00037FB9DF80E0009F093F80022044B09F04E
:10F00000F9F809F0B1FB00EE100A04B010BD00BF22
:10F010000000E0BF30B5044685B00121D0F85C01A6
:10F0200094F84A51FFF79CFA0023D4F85C011A4681
:10F03000CDE900331946FEF7F1FC04AA0123D4F808
:10F040005C0102F8045D8021CDE90033FEF7E6FCA7
:10F0500005B030BD70B505460C4684B0D0F85C01F3
:10F0600095F85811FFF77CFA74B903AE0123D5F86F
:10F070005C013246CDE900330024D1218DF80C40EB
:10F08000FEF7CCFC04B070BD0123210CD5F85C0167
:10F090008DF80F4003AECDE90033230E8DF80C3010
:10F0A000240A8DF80D103246042386218DF80E4077
:10F0B000FEF7B4FC0028D9D004B070BD30B585B0DF
:10F0C00004ACFF2304F8043D012305462246D0F892
:10F0D0005C011121CDE90033FEF7C2FA9DF80C3036
:10F0E000012B03D195F86431012B10D00123D5F801
:10F0F0005C012246CDE90033002402231321ADF840
:10F100000C40FEF7ADFA9DF80C0005B030BDD5F807
:10F11000940105B030BD00BF30B502680D4DD2F886
:10F12000C840AC4285B08AB210D18DF80D100223D0
:10F130000121140AD0F85C018DF80C40CDE90011D2
:10F1400003AA1946FEF76AFC05B030BD1146A04778
:10F1500005B030BDE5EB020030B585B00823C1F342
:10F1600007220125CCB28DF808208DF80A20D0F8AE
:10F170005C018DF80940CDE90055194600250DEBDD
:10F1800003028DF80B400395FEF748FC05B030BD37
:10F19000F0B52DED028B85B004ADFF2305F8083DD9
:10F1A000012304462A46D0F85C011121CDE9003341
:10F1B000B0EE408AFEF754FA9DF80830002B58D183
:10F1C000B5EEC08AF1EE10FA4AD418EE100A08F033
:10F1D000B9FF2CA3D3E9002306460F4609F07CFAB9
:10F1E000002843D1DFED267AB4EEE78AF1EE10FA7B
:10F1F0003CDC21A3D3E900233046394608F0FAFF6E
:10F2000009F092FAC0F30743C0F307265FFA80FCC7
:10F210008DF80D300123D4F87011C4F87401D4F8BE
:10F220005C018DF80E60CDE900330F0C0E0A2A4602
:10F230008DF80A1094F87A5194F879418DF80FC03E
:10F2400008238B218DF808708DF809608DF80B501C
:10F250008DF80C40FEF7E2FB05B0BDEC028BF0BD73
:10F260004FF0750C022640F27520D1E76FF0650073
:10F27000F2E76FF01300EFE7FCA9F1D24D62904086
:10F2800000004843333333333333E33F000000009F
:10F29000F0B52DED028B85B004ADFF2305F8083DD8
:10F2A000012304462A46D0F85C011121CDE9003340
:10F2B000B0EE408AFEF7D4F99DF8083043B1032B35
:10F2C0004DD118EE100A08F03DFF06460F4612E039
:10F2D00018EE100A08F036FF27A3D3E900230646EC
:10F2E0000F4609F0F9F9E8BBDFED217AB4EEE78AC1
:10F2F000F1EE10FA36DC32463B4600201D4909F09B
:10F30000A3F809F011FA01260346D4F87411C4F8E1
:10F310007031D4F85C018DF80A30CDE900662A46D8
:10F320001D0A4FEA134C0F0C0E0A8DF809508DF888
:10F330000F1094F87A5194F879418DF808C0082399
:10F340008B218DF80D708DF80E608DF80B508DF8B7
:10F350000C40FEF763FB05B0BDEC028BF0BD6FF017
:10F360001300F8E76FF06400F5E700BFAFF300802B
:10F370000000964300402F41333333333333E33FB0
:10F3800030B585B004ACFF2304F8043D01230546E5
:10F390002246D0F85C011121CDE90033FEF760F977
:10F3A0009DF80C30012B03D0BBEE040A05B030BD34
:10F3B000D5F85C012246CDE9003300240323142153
:10F3C000ADF80C408DF80E40FEF74AF99DF80D306F
:10F3D0009DF80C201B0243EA02431B0AD8B21B060D
:10F3E00048BFA0F5807008F09BFE0022044B08F097
:10F3F00001FF09F0B9F900EE100A05B030BD00BFF9
:10F400000000D03F2DE9F04784B004ADFF2305F89C
:10F41000083D01232A4604460F46D0F85C0111211D
:10F42000CDE90033FEF71CF99DF80820012A44D1EC
:10F430000026D4F85C0184F898712B4640F23671AE
:10F440008DF8086094F86381B4F86661D4F89491FB
:10F4500094F864A1FEF7B2FED4F85C01FEF78CFCD0
:10F4600028BB9DF808C02FBB4CF0040C01232A4692
:10F4700040F23671D4F85C018DF808C0FEF718F838
:10F480000123D4F85C018DF80960CDE90033360A18
:10F490002A4606238C218DF808608DF80AA08DF885
:10F4A0000B908DF80C808DF80D70FEF7B7FA04B054
:10F4B000BDE8F0870CF0FB0CD8E76FF01300F6E71F
:10F4C00070B584B004AEFF2306F8083D012305465D
:10F4D0000C46D0F85C013246CDE900331121FEF72D
:10F4E000BFF89DF808300BB1032B3FD1042C40D856
:10F4F000DFE804F02C30343803000B2485F87A411F
:10F50000D5F87031D5F874118DF80B401C0C8DF8BE
:10F510000A308DF808401B0A0124D5F85C018DF8EB
:10F52000093095F879518DF80F103246CDE9004435
:10F530000E0C0C0A08238B218DF80D608DF80E40FF
:10F540008DF80C50FEF76AFA04B070BD002385F800
:10F550007A31D5E7082485F87A41D1E7092485F87E
:10F560007A41CDE70A2485F87A41C9E76FF01300A4
:10F57000EAE76FF06900E7E730B585B004ACFF2338
:10F5800004F8043D012305462246D0F85C01112110
:10F59000CDE90033FEF764F89DF80C30012B03D061
:10F5A0006FF0130005B030BD2A681249526F8A42CD
:10F5B0001DD1D5F85C012246CDE900330024022399
:10F5C0001221ADF80C40FEF74BF8BDF80C0040BA24
:10F5D00080B2C30508D410F0800F0CBF4FF0FF308D
:10F5E0006FF00E0005B030BD034805B030BD2846B1
:10F5F0009047EEE70DEC020042FDFFFF2DE9F043DE
:10F6000087B006AE4FF0FF0806F80C8D01252B469B
:10F6100004460F46D0F85C013246CDE90055112171
:10F62000FEF71EF89DF80C30002B40F08180D4F8D6
:10F630005C018FB102AB2A464FF4D76184F87D514B
:10F64000FEF7BCFDD4F85C01FEF796FB074678B3E5
:10F65000384607B0BDE8F083B4F8803184F87D7196
:10F66000CDE9005594F8781194F87C518DF80D305F
:10F670004FEA132C32468DF80E1094F87B6194F803
:10F680007E418DF8107009238C218DF814708DF84F
:10F6900012808DF80CC08DF813608DF80F508DF826
:10F6A0001140FEF7BBF90746384607B0BDE8F083C6
:10F6B0009DF808C0D4F85C018DF809802CF0010C8D
:10F6C00002AA4CF0010C02234FF4D7618DF808C058
:10F6D000FDF7EEFEB4F88011D4F85C018DF80D1042
:10F6E000CDE90055324694F878E194F87BC194F85E
:10F6F0007C6194F87D5194F87E418DF810704FEA4A
:10F70000112909238C218DF812808DF80C908DF829
:10F710000EE08DF813C08DF80F608DF814508DF841
:10F720001140FEF77BF90746384607B0BDE8F08385
:10F730006FF013078CE700BF2DE9F04186B006AEED
:10F74000FF2706F80C7D012304468846D0F85C01AB
:10F750001546CDE9003332461121FDF781FF9DF8B2
:10F760000C30F3B9082D22D82B4642464FF4D8610D
:10F77000D4F85C01FDF79CFEED00B4F88031EDB2E9
:10F78000AB421A46A8BF2A461F2A84F87C5113DCD4
:10F79000172AD1B264DC0F296DD8002918BF0421C3
:10F7A0000BE0012B33D0032B60D1042D5AD06FF026
:10F7B000680006B0BDE8F08107218DF80D301B0A06
:10F7C0008DF80C30012384F87811D4F85C018DF8A1
:10F7D0000E10CDE9003394F87D3194F87E118DF848
:10F7E0000F5032468DF8143094F87B618DF811106B
:10F7F0000025FF2409238C218DF813608DF810500B
:10F800008DF81240FEF70AF906B0BDE8F081012D2F
:10F81000CDD8D4F85C018DF80C70CDE900333246B8
:10F82000112198F80050FDF71BFF9DF80C30012BBB
:10F830001CD125F00F032D01D4F85C01324643F0B2
:10F84000040445F0040502234FF4E8618DF80C40F0
:10F850008DF80D50FDF72CFE002006B0BDE8F081BC
:10F860000621AAE7D8F80030C4F89C316FF01300E5
:10F8700006B0BDE8F08105219FE700BF70B50368C1
:10F88000234AD3F8C830934284B0044636D104AA40
:10F890004FF6437322F8043D01210223D0F85C01A6
:10F8A000CDE900111946FEF7B9F8054615B128460D
:10F8B00004B070BD2368174A9B68934223D1D4F8E3
:10F8C0005C0194F84A610121FEF74AFED4F85C011C
:10F8D0002B46CDE900552A462946FEF79FF804AA93
:10F8E0000123D4F85C0102F8046D8021CDE90033D6
:10F8F000FEF794F80546284604B070BD44F2FF3187
:10F9000098470546D2E7204698470546CFE700BF0F
:10F91000E5EB020015F002002DE9F043044687B044
:10F92000D0F85C0116460F46FEF726FA23684D4ACA
:10F930005B6F9342054640F0878006AA002322F8B9
:10F94000043D0123D4F85C011221CDE900330223E8
:10F95000FDF786FEBDF8140040BA80B26FF4307334
:10F960009D4268D0002D5FD1430661D400F0300085
:10F9700020280CBF6FF006094FF000090DF11808A0
:10F98000FF2308F8043D0123D4F85C014246CDE989
:10F9900000331121FDF764FE9DF81430012B03D1D3
:10F9A00094F86431012B52D00123D4F85C01424613
:10F9B000CDE90033002502231321ADF81450FDF7E3
:10F9C0004FFE9DF815209DF8143016B1B34228BFA4
:10F9D0003346DBB20126D4F85C018DF81520009384
:10F9E0001E253B46CDE90166022241468DF81450A2
:10F9F000FDF730FF0546B8B923681B4AD3F8C83075
:10FA0000934228D10223D4F85C0101960096424625
:10FA100019464FF64374ADF81440FDF7FFFF054655
:10FA2000B9F1000F18BF4D46284607B0BDE8F08376
:10FA30006FF00609A2E710F4007F18BF6FF005050C
:10FA4000284607B0BDE8F0832046984786E7D4F8FB
:10FA500094310022B9E7204644F2FF319847054629
:10FA6000DEE700BF0DEC0200E5EB02002DE9F041FE
:10FA700086B000240546FF270226D0F85C010394D7
:10FA8000CDE901672346224640F6E2010094FEF7E5
:10FA9000E9FBD5F85C012346CDE90274CDE90046C7
:10FAA000224640F6E501FEF7DDFB0123D5F85C01B7
:10FAB00000934FF6FF7605AA032382210194ADF847
:10FAC00014608DF81660FDF7A9FFD5F85C31186851
:10FAD00003680A215B6998472646274605AB012241
:10FAE00040F61901D5F85C018DF81470FEF766FB3D
:10FAF000D5F85C01FEF740F99DF8140000F0010014
:10FB0000A04001343043082CC6B2E7D12B68214A0B
:10FB10009B6893423AD10121D5F85C0195F84A419E
:10FB2000FEF71EFD0023D5F85C0101971A46194621
:10FB30000097FDF773FF0123D5F85C018DF81440A1
:10FB400005AACDE900338021FDF768FF00244FF0BE
:10FB5000FF080227D5F85C01039423460094CDE901
:10FB60000178012240F6E201FEF77CFBD5F85C014A
:10FB70002346CDE90284CDE90047012240F6E501A4
:10FB8000FEF770FB304606B0BDE8F0812846984786
:10FB9000DCE700BF15F002002DE9F04F87B006AD9D
:10FBA000FF2305F80C3D01232A4604460E46D0F8F3
:10FBB0005C011121CDE90033FDF752FD9DF80C20C9
:10FBC000012A45D0002A40F08A8094F87C71B2B2B4
:10FBD000BA42A8BF3A46B3B21F2AA4F880312ADD40
:10FBE00007211B0A8DF80C30012384F87811D4F812
:10FBF0005C018DF80D60CDE9003394F87B3194F809
:10FC00007DC194F87E618DF80E102A46FF240025F0
:10FC10008DF813308C2109238DF80F708DF814C0E6
:10FC20008DF811608DF810508DF81240FDF7F6FE3A
:10FC300007B0BDE8F08F172AD1B205DC0F2905D82F
:10FC4000002918BF0421CCE70621CAE70521C8E72F
:10FC5000B7B24FF0000CD4F85C01A4F866712B46E3
:10FC600040F236718DF80CC094F86391D4F894A1E9
:10FC700094F864B194F89881FEF7A0FAD4F85C0186
:10FC8000FEF77AF80028D3D19DF80CC0D4F85C01B7
:10FC9000B8F1010F0CBF0CF0FB0C4CF0040C2A4621
:10FCA000012340F236718DF80CC0FDF701FC0123F1
:10FCB000D4F85C018DF80D603F0ACDE900332A4687
:10FCC00006238C218DF80C708DF80EB08DF80FA0E6
:10FCD0008DF810908DF81180FDF7A0FEA8E74FF089
:10FCE000FF30A5E72DE9F04786B006AD002325F8E3
:10FCF0000C3D012604462A46D0F85C010223CDE9DA
:10FD000000668F21FDF78AFE10B106B0BDE8F087CE
:10FD100023684E4AD3F8C83093424AD10223D4F81C
:10FD20005C010196009619464FF643762A46ADF8D7
:10FD30000C60FDF773FE0126D4F85C013346CDE973
:10FD40000066FF272A4611218DF80C70FDF788FC0C
:10FD50009DF80C30B34231D0002B74D1B4F880112F
:10FD6000D4F85C018DF81030CDE900662A4694F88D
:10FD70007B3194F878518DF80D100E0A94F87C11AF
:10FD80008DF80E508DF8133094F87D518DF80F10CA
:10FD900094F87E418DF8127009238C218DF80C6047
:10FDA0008DF814508DF81140FDF738FE06B0BDE80F
:10FDB000F08744F2FF3120469847BCE71A460026F8
:10FDC000D4F85C018DF80C602B4640F23671B4F823
:10FDD000666194F86381D4F8949194F864A194F8DE
:10FDE0009871FEF7EBF9D4F85C01FDF7C5FF002828
:10FDF0008BD19DF80CC0D4F85C01012F0CBF0CF026
:10FE0000FB0C4CF0040C2A46012340F236718DF8AD
:10FE10000CC0FDF74DFB0123D4F85C018DF80D609B
:10FE2000CDE90033360A2A4606238C218DF80C6072
:10FE30008DF80EA08DF80F908DF810808DF8117050
:10FE4000FDF7ECFD61E74FF0FF305EE7E5EB020008
:10FE5000F0B503683E4A5D69954285B049D19B681B
:10FE60003C4A934204466ED10121D0F85C0194F8DB
:10FE70004A51FEF775FB00231A461946D4F85C0177
:10FE8000CDE90033FDF7CAFD04AA012302F8085D9D
:10FE9000D4F85C018021CDE90033FDF7BFFD0546B4
:10FEA00025BB40F27221204603F040FD02210646A8
:10FEB000204603F03BFD02460823C2F30721012739
:10FEC000D4F85C018DF809608DF80B208DF80A10CC
:10FED000C6F30726CDE900770DEB0302194603951B
:10FEE0008DF80860FDF79AFD054670B1284605B00B
:10FEF000F0BD0023009340F2722202236FF07F4195
:10FF0000A8470546284605B0F0BD2046FFF7EAFEA3
:10FF100005460028EAD1D4F85C010221FEF720FB57
:10FF2000D4F85C0102AACDE900754FF6FF740323F3
:10FF30008221ADF808408DF80A40FDF76FFD0546B7
:10FF4000284605B0F0BD98470546002DA9D0CDE75D
:10FF500059FF020015F002002DE9F0410E4690F81D
:10FF60006411012984B0044690461F4650D023688E
:10FF70003F4A9B68934255D10121D4F85C0194F823
:10FF80004A51FEF7EDFA00231A461946D4F85C01EF
:10FF9000CDE90033FDF742FD04AA012302F8085D14
:10FFA000D4F85C018021CDE90033FDF737FD05462B
:10FFB00055BB6FF07F439E424146204618BF47F431
:10FFC000007703F0B3FC39460546204603F0AEFC4B
:10FFD0000127844608238DF80950C5F30725D4F876
:10FFE0005C018DF80850CCF3072E0025CDE9007791
:10FFF0000DEB0302194603958DF80BC08DF80AE04E
:020000023000CC
:10000000FDF70CFD054688B1284604B0BDE8F08137
:100010000A9B002BABD0C0F894312368144A9B682C
:100020009342A9D0204698470546C1E72046FFF7EE
:1000300059FE05460028E7D1D4F85C010221FEF7FD
:100040008FFAD4F85C018DF80A60CDE9007502AA38
:10005000350C340A032382218DF808508DF80940AD
:10006000FDF7DCFC0546284604B0BDE8F08100BF82
:1000700015F00200000000002DE9F04F0568DFF8E0
:10008000A482AD68454587B004460F46164699469A
:1000900032D10121D0F85C0194F84A51FEF760FAA0
:1000A00000231A461946D4F85C01CDE90033FDF768
:1000B000B5FC06AA012302F8045DD4F85C01802196
:1000C000CDE90033FDF7AAFC05468DB9FF2E00F2FD
:1000D000108123683146DB6E2046984722688346AC
:1000E000D5694B46394632462046A847054630B1C9
:1000F000284607B0BDE8F08FA8470546E5E70DF1B3
:100100001809FF2309F8043D0123D4F85C014A468D
:10011000CDE900331121FDF7A3FAD4F85C319DF845
:1001200014A018680368DB699847794B03950BEBBB
:100130008B0BA3FB0B3B4FEA9B1B07460BF1050503
:1001400007E0D4F85C311868596A03689B689847DF
:1001500068BBD4F85C3118680368DB6C9847D4F846
:100160005C3118680368DB699847C01B8542E8D298
:10017000236868491A6A8A4279D1D3F8C830664A36
:10018000934240F0828001220223D4F85C014FF6B2
:100190004375CDE9002219464A46ADF81450FDF7E3
:1001A0003DFC0546002D40D06FF00405A0E7BAF1F4
:1001B000030F4FF0010C4FF002034A464FF01201BB
:1001C00069D12068D0F874B05448834554D1D4F82C
:1001D0005C01CDE900CCBDF80CC0ADF814C0FDF752
:1001E0003FFABDF814305BBA9BB2DB07204652D40D
:1001F000D4F8B41101F00F0103F068FA2368464AFD
:10020000D3F8C8B0022393454FF001004FF6437C6A
:100210004A46194634D1D4F85CE1ADF814C0CDE9B2
:1002200000007046FDF7FAFB93E723689B6843459F
:1002300062D10121D4F85C0194F84A61FEF790F98B
:100240002B462A462946D4F85C01CDE90055FDF736
:10025000E5FB0123D4F85C018DF814604A46CDE932
:1002600000338021FDF7DAFB6FF0040540E72046FC
:1002700090476FF004053BE72046D8470346B4E7B4
:1002800044F2FF312046D84763E744F2FF3120466D
:100290009847054686E7D4F85C3118680368DB693F
:1002A00098470546304607F02BFF00221C4B07F00D
:1002B000A1FF8046E81B07EE900AF8EE677A8946B0
:1002C00017EE900A07F03EFF0FA3D3E9002307F0D3
:1002D00091FF02460B464046494608F0B5F808F043
:1002E00043FA2368C4F888011B6A204698470546EC
:1002F000FEE66FF00305FBE6204698476FF0040525
:10030000F6E600BFAFF30080FCA9F1D24D62503F8A
:10031000D34D62107DF80200E5EB02000DEC020007
:100320000000204015F002002DE9F04FFF2AC9B06F
:1003300000F2BD810125FF27884604461646D0F805
:100340005C018DF8207008AACDE900552B461121DB
:10035000FDF786F99DF82070AF4200F0E980002F8C
:1003600000F0A980032F40F02E810823D14AD4F851
:100370005C010892019500951946002508AA099587
:10038000FDF74CFB05461DB1284649B0BDE8F08F8E
:100390004FF00109D4F85C01ADF82050CDE9009987
:1003A000022308AA8F21FDF739FB05460028EBD16F
:1003B000032F00F00B81D4F85C0100960E25CDE9E7
:1003C00001994346022208A9ADF82050FDF708FC28
:1003D00005460028D8D12368B74AD3F8C8309342DD
:1003E00040F0708101220223D4F85C014FF643757E
:1003F000CDE90022194608AAADF82050FDF70EFB02
:100400000546002DC0D107AB012240F68901D4F882
:100410005C018DF81C50FDF7D1FED4F85C01FDF7AE
:10042000ABFC05460028AFD10123D4F85C01FF25C1
:10043000CDE9003308AA11218DF82050FDF710F9FD
:100440009DF82030012B00F043819DF81C5045F0B1
:10045000040507AA012340F68901D4F85C018DF850
:100460001C50FDF725F894F85811D4F85C01FEF7FC
:1004700077F801230025D4F85C01ADF82050CDE9D0
:10048000003308AA032383218DF82250FDF7C6FA12
:10049000054630B178E7D4F85C3118680368DB6C46
:1004A0009847D4F85C311868D96A03689B68984704
:1004B0000028F0D168E7B4F88031D4F85C018DF8F9
:1004C0002130CDE90055190A94F8785194F87C212F
:1004D0008DF8201094F87D1194F87BC18DF822508E
:1004E0008DF8232094F87E518DF82810092308AA4E
:1004F0008C218DF825508DF824708DF826608DF8AC
:1005000027C0FDF78BFA0546002D7FF43DAF012291
:100510000823D4F85C01DFF8A4C10995CDE90022D5
:10052000194608AACDF820C0FDF778FA05462AE753
:10053000002508AB3A4640F23671D4F85C018DF8DC
:10054000205094F863510595B4F8669194F864B11D
:1005500094F898A1FDF732FED4F85C01FDF70CFC8D
:10056000054600287FF410AF9DF82050D4F85C01B8
:10057000BAF1010F0CBF05F0FB0545F0040501239E
:1005800008AA40F236718DF82050FCF791FF012344
:100590009DF81450D4F85C018DF82190CDE900331A
:1005A0004FEA1929062308AA8C218DF824508DF8CA
:1005B00020908DF822B08DF823608DF825A0FDF7EE
:1005C0002DFA0546A0E74FF0FF35DDE6204602F0A4
:1005D000ABFF054600287FF4D7AE94F89B31C3F1FA
:1005E0000403002B09DD204603F04AF894F89B3100
:1005F0000135C3F10403AB42F5DCFF22002108A85A
:1006000008F044FB002504F5D87004F5D67307AF55
:1006100000973246C4F8AC51C4F8B051C4F8B45194
:100620004146CDE9013008AB2046079502F0D2FCE7
:10063000054600287FF4A8AE3B68D4F85C01DBB225
:10064000012600930E2506A9CDE9016608AB02221A
:10065000ADF81850FDF7C4FA054600287FF494AEB3
:100660003B68D4F8B0118DF819308DF81A100323B7
:10067000D4F85C018DF8186006AA40F28531FCF7C9
:1006800017FF94F8B031102B1F4628BF1027002BFE
:100690003FF4A1AE2E46F1B2204603F017F8013622
:1006A000054600287FF470AEBE42F4D193E66FF0A9
:1006B000030569E640014001E5EB0200020100018B
:1006C0000000FA4344F2FF3120469847054698E679
:1006D0001FED057AD4ED5A7A9DF81C5077EEC77A53
:1006E000F0EEE77A17EE900A07F02CFD06A3D3E9A7
:1006F000002307F0FBFF00283FF4A9AE05F0FB053F
:10070000A7E600BFAFF30080FCA9F1D24D62503FD5
:1007100070B59FED350A0D46FF21044603F0DAF867
:100720003249334B0869236000223249C4F89811DA
:10073000032384F8583101210023C4F89C01C4F834
:100740005421C4F86821C4F88421C4F88821022007
:100750000822C4F84C3184F85031C4F8603184F870
:100760006431A4F86631C4F87031C4F87431C4F847
:100770007831A4F87C3184F87E31A4F88031C4F853
:100780008C3184F89031C4F8943184F8A031A4F805
:10079000A231A4F8A431A4F8A631A4F8A831A4F891
:1007A000AA31C4F8AC31C4F8B03184F86C11C4F883
:1007B000B431C4F85C5161602025A06080214020E4
:1007C00022614FF4807284F8493184F84A31C4E9D7
:1007D00006501023C4E90812042663614FF4007325
:1007E000E660A362204670BD0024743F04BE03008F
:1007F00028BE0300000106032DE9F043D0F85C3168
:10080000044618680D46996A036882681B6885B0BB
:100810009847D4F85C311868996A0368C2685B68C5
:100820009847D4F85C311868036801215B699847E0
:10083000D4F85C311868996A036802695B68984764
:1008400025B90025284605B0BDE8F083D4F85C3111
:10085000DFF8948018680368DB69984723689B6811
:10086000434581464FF001074FF000064FF001016C
:1008700035D1D4F85C0194F84A51FDF771FE00239C
:10088000D4F85C0101961A4619460096FDF7C6F8A1
:10089000D4F85C018DF80C50CDE90077012303AA50
:1008A0008021FDF7BBF80546002DCAD0D4F85C3195
:1008B00018680368DB699847A0EB0900B0F57A7FF8
:1008C0004FF00A01BED2D4F85C31186803685B6946
:1008D000984723689B6843454FF00101C9D02046E3
:1008E00098470546E0E700BF15F002002DE9F0410A
:1008F0000568DFF8B8C0D5F80880E04584B0044644
:100900000F4615461E4648D10121D0F85C0194F8E7
:100910004A81FDF725FE00231A461946D4F85C01EA
:10092000CDE90033FDF77AF804AA0123D4F85C017D
:1009300002F8088D8021CDE90033FDF76FF848BB40
:100940006FF07F439F422946204618BF46F4007649
:1009500002F0ECFF31460546204602F0E7FF012198
:10096000024608238DF80950C5F30725C2F3072670
:10097000D4F85C018DF80850CDE900118DF80B20FA
:10098000002519460DEB03028DF80A600395FDF76B
:1009900045F820B104B0BDE8F081C047CFE720465C
:1009A000FFF7A0F904B0BDE8F08100BF15F0020028
:1009B0002DE9F04F0368D44E9B68B34285B00446DE
:1009C0008B46924640F012810121D0F85C0194F8E8
:1009D0004A51FDF7C5FD00231A461946D4F85C01BB
:1009E000CDE90033FDF71AF804AA012302F8045DEB
:1009F000D4F85C018021CDE90033FDF70FF80546FE
:100A00001DB1284605B0BDE8F08F04AFFF2307F8FD
:100A1000043D0123D4F85C013A46CDE900331121AD
:100A2000FCF71EFE9DF80C30012B00F0E780002B38
:100A300040F05D81BAF1000F00F0DB80504607F016
:100A40005FFB0022B14B07F0D5FB80468946D4ED11
:100A50005C7AF8EE677A17EE900A07F073FB0246AD
:100A60000B46A5A1D1E9000107F0EEFC07F07CFEE2
:100A700007F068FB02460B464046494607F0E4FC97
:100A80009FA3D3E9002307F0B5FB07F04DFE804696
:100A900007EE908AF8EE677A17EE900A07F052FB9D
:100AA00000229B4B07F0A6FB07F03EFE2268994B05
:100AB00055699D42814640F0BB800146022340F2C9
:100AC00072222046FFF712FF0546002899D1022125
:100AD000D4F85C01FDF744FD01234FEA1941D4F835
:100AE0005C018DF80C10019500934FEA1925032342
:100AF0003A4682218DF80D508DF80E90FCF78EFF4E
:100B00000546002D7FF47DAFD4F85C31186803688A
:100B1000DB69984705460EE0D4F85C311868036835
:100B2000DB6C9847D4F85C3118680368DB69984738
:100B3000401B804579D3D4F85C311868596A036842
:100B40009B6898470028E7D04FF0000823689B680F
:100B5000B34277D10121D4F85C0194F84A51FDF7F2
:100B6000FFFC00231A461946D4F85C01CDE9003396
:100B7000FCF754FF0123D4F85C018DF80C50CDE94B
:100B800000333A468021FCF749FF054625B16FF452
:100B900030739D427FF435AF23685F4A5B6F9342A9
:100BA00040F0A2800123D4F85C010025CDE9003398
:100BB0003A4602231221ADF80C50FCF751FDBDF866
:100BC0000C0040BA80B2830500F1AC80B8F1000F90
:100BD00040F0A88094F86431012B37D02368524646
:100BE00059465B6A2046984705460AE798470546F6
:100BF00006E74FF00008DFF8289128E794F8602115
:100C000094ED5A7A934007EE903AF8EE677AC7EE81
:100C1000877A17EE900A07F095FA00223F4B07F00B
:100C2000E9FA07F081FD804632E74FF001088DE7D1
:100C300000230146009340F2722202232046A84777
:100C400005465EE72046984705469FE7D4F85C01D5
:100C5000FF25CDE900333A4611218DF80C50FCF701
:100C6000FFFC9DF80C30012BB8D194F86431012BB6
:100C700040F0C980D4F85C018DF80C50CDE9003308
:100C80003A461121FCF7ECFC9DF80C60012E40F077
:100C9000BA8004AA334602F8058D40F60211D4F852
:100CA0005C01FCF705FC3B46324640F64411D4F8A3
:100CB0005C018DF80C80FDF781FAD4F85C01FDF73A
:100CC0005BF8054600287FF49CAE9DF80C50D4F8E4
:100CD0005C0145F0020533463A4640F644118DF872
:100CE0000C50FCF7E5FB79E7204698476BE74FF09F
:100CF000FF3586E6AFF30080000000008084CE411F
:100D0000000000000088B34015F002000000204001
:100D10000000504059FF02000DEC02000000594055
:100D200000E09F4023689B68B3426FD10121D4F853
:100D30005C0194F84A51FDF713FC00231A4619464A
:100D4000D4F85C01CDE90033FCF768FE0123D4F848
:100D50005C018DF80C50CDE900333A468021FCF758
:100D60005DFE94F86431012B36D1D4F85C01FF2587
:100D7000CDE900333A4611218DF80C50FCF770FC98
:100D80009DF80C50012D27D104AA002602F8056D0C
:100D90002B4640F60211D4F85C01FCF789FBD4F82D
:100DA0005C018DF80C603B462A4640F64411FDF785
:100DB00005FAD4F85C01FCF7DFFF68B99DF80C2058
:100DC000D4F85C012B4640F6441142F002053A4645
:100DD0008DF80C50FCF76CFB2368114AD3F8C8302F
:100DE000934216D101210223D4F85C013A46CDE9A1
:100DF00000114FF643741946ADF80C406FF005052D
:100E0000FCF70CFEFDE56FF01305FAE52046984768
:100E1000A7E7204644F2FF3198476FF00505F0E55B
:100E2000E5EB020000000000F0B52DED028B85B06F
:100E300004AEFF2306F8043D012304463246D0F8F1
:100E40005C011121CDE90033B0EE408AFCF708FCCB
:100E50009DF80C70012F40F09980B5EEC08AF1EE3C
:100E600010FA75D4DFED4E7AB4EEE78AF1EE10FA9F
:100E70006EDCF6EE007A68EE277A17EE900A07F03D
:100E800061F945A3D3E9002306F0FEFF07F04CFC0F
:100E9000C0B20F2866D00AD93E286FD034D97D2839
:100EA0005CD0FA2854D1062384F8503109E0052893
:100EB0005CD031D907285DD00A2849D1092384F8AC
:100EC000503194F86C0184ED5A8A94F8602194F8BA
:100ED000611138BB94F86271D4F85C01002562F3AB
:100EE000070563F30F2561F31745012367F31F65BA
:100EF000CDE90033324604238B210395FCF78EFDA8
:100F000005B0BDEC028BF0BD14283BD01F281FD1CB
:100F1000032384F85031D4E7032819D1002384F83F
:100F20005031CEE7012000FA02F507EE905AF8EEB4
:100F3000677AB3EE007AC7EE886AF4EEC76AF1EE1C
:100F400010FAB6BF002784F8620184F86271C3E723
:100F50006FF0070005B0BDEC028BF0BD052384F8EF
:100F60005031AEE7022384F85031AAE7082384F811
:100F70005031A6E784F850713B46A2E7042384F879
:100F800050319EE70A2384F850319AE76FF013003E
:100F9000B6E700BFAFF300807B14AE47E17A843F31
:100FA0000000FF4300000000F0B52DED028B89B07A
:100FB000044608AD03A880E80E00FF2705F8087D69
:100FC0000126D4F85C019DED048A33462A46CDE91A
:100FD00000661121FCF744FB9DF8183013B3012B78
:100FE00000F09180032B40F027819DF80D209DF8A3
:100FF0000C10032A00F22381092984F8992100F2B8
:1010000021814FF480709DF80E20A4F8AA0184F885
:101010009A1184F89B3184F8A021002009B0BDEC1E
:10102000028BF0BD23689DED030A5B6B2046984759
:101030000028F3D123689A4A9B6B934240F0F780D3
:10104000D4F85C018DF818703346CDE900662A4665
:101050001121FCF705FB9DF81830002B40F0F880BB
:10106000B5EEC08AF1EE10FA00F1DB8018EE100A3E
:1010700007F068F886A3D3E9002306460F4607F079
:101080002BFB002840F0E180DFED867AB4EEE78AA2
:10109000F1EE10FA00F3D9807FA3D3E900233046A4
:1010A000394607F0A7F807F03FFBC0F30743C0F34A
:1010B00007265FFA80FC8DF81D300123D4F87011EB
:1010C000C4F87401D4F85C018DF81E60CDE90033DA
:1010D0002A460F0C94F87A518DF81A100E0A94F8DB
:1010E00079418DF81FC008238B218DF818708DF879
:1010F00019608DF81B508DF81C40FCF78FFC09B06F
:10110000BDEC028BF0BDD4F85C018DF81870CDE910
:1011100000332A4611219DF80C70FCF7A1FA9DF8C6
:101120001830012B40F094807A1F072A00F2AA8021
:1011300094F86C0184F8607194F8501194F861216E
:10114000002859D194F86231D4F85C01002667F385
:10115000070661F30F2662F31746012763F31F6644
:10116000CDE9007704232A468B210696FCF756FC2E
:1011700000287FF453AFB0EE480A2046FFF754FE34
:10118000064600287FF44AAFD4F85C013B46CDE91F
:1011900000771121FF272A468DF818709DF81470EA
:1011A000FCF75EFA9DF81810012951D17B1F032B23
:1011B00045D83B1F94F86C0194F8602194F8507165
:1011C000DBB284F86131002845D194F86211D4F87B
:1011D0005C01002662F3070667F30F2663F31746E8
:1011E000012361F31F66CDE900332A4604238B21D6
:1011F0000696FCF713FC11E703FA07F007EE900AD6
:10120000D4ED5A6AF8EEE77A87EEA67AF3EE007A22
:10121000B4EEE77AF1EE10FAB8BF002384F8623139
:1012200092E74FF0750C022640F2752043E7B0EECE
:10123000480A20469847F1E64FF0FF30EEE66FF09F
:101240000900EBE66FF00700E8E66FF06500E5E601
:101250006FF01300E2E601FA02F007EE900AD4ED17
:101260005A6AF8EE677A87EEA67AF3EE007AB4EE61
:10127000E77AF1EE10FAAEBF84F8621184F8626189
:101280003146A4E76FF00800C8E600BFAFF3008066
:10129000333333333333E33FFCA9F1D24D62904013
:1012A00091F1020000004843F0B585B004AEFF2381
:1012B00006F8043D012304460F46D0F85C0132468F
:1012C000CDE900331121FCF7CBF99DF80C30012B4F
:1012D0003BD17A1F072A35D894F86C0184F86071E5
:1012E00094F8501194F86121B8B994F86231D4F8A7
:1012F0005C01002567F3070561F30F2562F31745CD
:10130000012163F31F65CDE90011324604238B21CF
:101310000395FCF783FB05B0F0BD03FA07F007EE79
:10132000900AD4ED5A6AF8EEE77A87EEA67AF3EEE1
:10133000007AB4EEE77AF1EE10FAB8BF002384F831
:101340006231D4E76FF00800E5E76FF01300E2E7E1
:10135000B5EEC00AF1EE10FA21D4DFED157AB4EE45
:10136000E70AF1EE10FA1ADC10B5044682B010EE6E
:10137000100A06F0E7FE0CA3D3E9002306F03AFFBB
:1013800007F0D2F902AA012302F8010D40F6E701A5
:10139000D4F85C01FCF78CF8002002B010BD6FF0AF
:1013A00010007047AFF300809A9999999999D93FA5
:1013B00000000C4300000000F0B52DED028B85B05D
:1013C00004ADFF2305F8083D012304462A46D0F862
:1013D0005C011121CDE90033B0EE408AFCF740F901
:1013E0009DF80830002B40F0D88084ED618A18EE1B
:1013F000100A06F0A7FE0FF2E443D3E900230646E5
:101400000F4606F03FFD07F0AFF907EE900AF0EE49
:10141000E77A17EE900A06F095FE0FF25443D3E9EF
:10142000002307F063F9002845D10FF2B843D3E950
:1014300000233046394606F025FD07F095F907EE02
:10144000900AF0EEE77A17EE900A06F07BFE0FF2B4
:101450002043D3E9002307F049F980B3172384F828
:101460007931D4F870218DF80C300021130C63F31E
:101470000701130A94F87A61D4F85C0163F30F2131
:1014800062F31741D4F874318DF80F30012466F3FC
:101490001F612A46CDE900441D0C1C0A0291082355
:1014A0008B218DF80D508DF80E40FCF7B7FA05B082
:1014B000BDEC028BF0BD1F2384F87931D1E70FF228
:1014C0002C43D3E900233046394606F0DBFC07F015
:1014D0004BF907EE900AF0EEE77A17EE900A06F065
:1014E00031FEE3A3D3E9002307F000F9D8B90FF2E6
:1014F0000443D3E900233046394606F0C3FC07F025
:1015000033F907EE900AF0EEE77A17EE900A06F04C
:1015100019FED7A3D3E9002307F0E8F838B11E235A
:1015200084F879319DE70F2384F8793199E7F3A3A3
:10153000D3E900233046394606F0A4FC07F014F93D
:1015400007EE900AF0EEE77A17EE900A06F0FAFD41
:10155000C7A3D3E9002307F0C9F8D0B9E9A3D3E9B9
:1015600000233046394606F08DFC07F0FDF807EE03
:10157000900AF0EEE77A17EE900A06F0E3FDBCA3BE
:10158000D3E9002307F0B2F850B10E2384F8793183
:1015900067E7162384F8793163E76FF0130086E775
:1015A000DFEDCB7A78EE677AF0EEE77A17EE900A05
:1015B00006F0C8FDAEA3D3E9002307F097F818B1F1
:1015C0001D2384F879314CE7ABA3D3E900233046DF
:1015D000394606F057FC07F0C7F807EE900AF0EE20
:1015E000E77A17EE900A06F0ADFDA1A3D3E9002338
:1015F00007F07CF818B1152384F8793131E7A0A3FE
:10160000D3E900233046394606F03CFC07F0ACF83D
:1016100007EE900AF0EEE77A17EE900A06F092FDD8
:1016200093A3D3E9002307F061F818B10D2384F8E0
:10163000793116E7DFEDA77A78EE677AF0EEE77A90
:1016400017EE900A06F07EFD89A3D3E9002307F088
:101650004DF818B11C2384F8793102E78AA3D3E945
:1016600000233046394606F00DFC07F07DF807EE02
:10167000900AF0EEE77A17EE900A06F063FD7CA37D
:10168000D3E9002307F032F818B1142384F8793134
:10169000E7E67FA3D3E900233046394606F0F2FBA4
:1016A00007F062F807EE900AF0EEE77A17EE900A7C
:1016B00006F048FD6EA3D3E9002307F017F818B130
:1016C0000C2384F87931CCE673A3D3E900233046A8
:1016D000394606F0D7FB07F047F807EE900AF0EE20
:1016E000E77A17EE900A06F02DFD61A3D3E90023F7
:1016F00006F0FCFF18B11B2384F87931B1E668A32A
:10170000D3E900233046394606F0BCFB07F02CF83D
:1017100007EE900AF0EEE77A17EE900A06F012FD57
:1017200053A3D3E9002306F0E1FF18B1132384F893
:10173000793196E65CA3D3E900233046394606F0BA
:10174000A1FB07F011F807EE900AF0EEE77A17EE2A
:10175000900A06F0F7FC46A3D3E9002306F0C6FF83
:1017600018B10B2384F879317BE651A3D3E9002328
:101770003046394606F086FB06F0F6FF07EE900A83
:10178000F0EEE77A17EE900A06F0DCFC38A3D3E916
:10179000002306F0ABFF18B11A2384F8793160E614
:1017A00045A3D3E900233046394606F06BFB06F02B
:1017B000DBFF07EE900AF0EEE77A17EE900A06F0EC
:1017C000C1FC2BA3D3E9002306F090FF18B112232C
:1017D00084F8793145E63AA3D3E900233046394607
:1017E00006F050FB06F0C0FF07EE900AF0EEE77A35
:1017F00017EE900A06F0A6FC1DA3D3E9002306F01D
:1018000075FF18B10A2384F879312AE6DFED327AC0
:1018100078EE677AF0EEE77A17EE900A06F092FC1F
:1018200013A3D3E9002306F061FF18B1192384F84C
:10183000793116E624A3D3E900233046394606F071
:1018400021FB06F091FF07EE900AF0EEE77A17EE23
:10185000900A06F077FC06A3D3E9002306F046FFC2
:10186000002855D0112384F87931FAE5AFF30080D0
:10187000FCA9F1D24D62503F6666666666663740E7
:10188000CDCCCCCCCC4C3D40333333333373474099
:10189000CDCCCCCCCC4C4D40CDCCCCCCCC8C534056
:1018A00033333333337357403333333333535D4040
:1018B00066666666668663406666666666666740F6
:1018C0009A99999999496D409A9999999959774016
:1018D00000009C4100001C4200009C433333333322
:1018E00033331340333333333333174033333333EA
:1018F00033331D40666666666666234066666666C6
:10190000666627403333333333332D400080E94359
:101910005FED027A38EE678AF0EEC87A17EE900A29
:1019200006F010FC06A3D3E9002306F0DFFE18B191
:10193000092384F8793194E56FF06700B7E500BFBB
:10194000FCA9F1D24D62503F2DE9F04F87B006ADB2
:10195000FF2605F80C6D012604468946D0F85C0187
:101960009DF840A090461F462A46CDE900663346C2
:101970001121FBF775FE9DF80C20002A5AD1B145C4
:1019800000F0AE80C0F0B480B9F1020F40F0A28048
:10199000BAF1000F00F0B080062284F87B218DF8A8
:1019A00013200122B4F8803194F8781194F87C6106
:1019B000D4F85C018DF80D30CDE900221A0A8DF8BB
:1019C0000C2094F87D3194F87E218DF80E100021C2
:1019D0008DF80F608DF81430FF268DF811208DF8EA
:1019E000101009232A468C218DF81260FCF716F896
:1019F000064600286AD14FEA182C2A46D4F85C0122
:101A00008DF80CC0022340F2BC618DF80D80FBF70D
:101A10004FFDD4F85C018DF80D702A463F0A022371
:101A200040F2BE618DF80C70FBF742FD304607B006
:101A3000BDE8F08F012A63D119F1000918BF4FF0FA
:101A4000010900262B4640F23671D4F85C0184F877
:101A500063918DF80C60B4F86671D4F894A194F891
:101A600064B194F89881FCF7A9FBD4F85C01FCF709
:101A700083F9064650BB9DF80C60D4F85C01B8F1C0
:101A8000010F0CBF06F0FB0646F0040601232A46B0
:101A900040F236718DF80C60FBF70AFD0123D4F893
:101AA0005C018DF80D70CDE900332A463F0A06230C
:101AB0008C218DF80C708DF80EB08DF80FA08DF87C
:101AC00010908DF81180FBF7A9FF0646304607B04D
:101AD000BDE8F08F6FF42F76304607B0BDE8F08F89
:101AE000BAF1000F3FF459AF042284F87B2156E786
:101AF00084F87B61324652E784F87B914A464EE790
:101B00004FF0FF36E2E700BFD0F85C01FCF7EEBC17
:101B10002DE9F04790F8495184B0002D40F0108134
:101B20000368C14A9B68934204460F4610EE106A50
:101B300040F0CD800121D0F85C0194F84A81FCF797
:101B40000FFD2B462A462946D4F85C01CDE9005505
:101B500004ADFBF763FF05F8048D0123D4F85C01A5
:101B60002A46CDE900338021FBF758FF4FF00108EA
:101B7000D4F85C010223CDE900884FF000092A4621
:101B80001721ADF80C90FBF76BFD9DF80D309B060F
:101B900000F1868007EE906AF0EEE77A17EE900A81
:101BA00006F0D0FA8EA3D3E9002306F09FFD82460B
:101BB000002840F08180304606F0C4FA8AA3D3E9B9
:101BC00000238046894606F05DF906F0CDFD07EE5C
:101BD000900AF0EEE77A17EE900A06F0B3FA80A3C7
:101BE000D3E9002306F082FD40B38DF80CA007EE88
:101BF000907AF8EE677A17EE900A06F0A3FA7CA3C3
:101C0000D3E9002306F0F6FA06F08EFD012306461E
:101C1000C4F88C71D4F85C018DF80F602A46340A40
:101C2000350CCDE90033972104238DF80D508DF844
:101C30000E40FBF7F3FE04B0BDE8F0876EA3D3E9D6
:101C400000234046494606F01DF906F08DFD07EEDB
:101C5000900AF0EEE77A17EE900A06F073FA60A3A6
:101C6000D3E9002306F042FD68BB65A3D3E9002356
:101C70004046494606F006F906F076FD07EE900A62
:101C8000F0EEE77A17EE900A06F05CFA54A3D3E977
:101C9000002306F02BFDE8B102238DF80C30A6E7F7
:101CA000D4F85C01ADF80C90CDE9008802232A46F7
:101CB0000721FBF7B3FE6DE720460121FEF79CFDEF
:101CC00004B0BDE8F08701238DF80C308FE798470A
:101CD00003AD4BE74CA3D3E900234046494606F049
:101CE000D1F806F041FD07EE900AF0EEE77A17EE24
:101CF000900A06F027FA3AA3D3E9002306F0F6FC8F
:101D0000D0B943A3D3E900234046494606F0BAF8C8
:101D100006F02AFD07EE900AF0EEE77A17EE900A39
:101D200006F010FA2EA3D3E9002306F0DFFC48B139
:101D300004238DF80C305AE703238DF80C3056E756
:101D40003A4878E734A3D3E900234046494606F0F1
:101D500099F806F009FD07EE900AF0EEE77A17EE23
:101D6000900A06F0EFF91EA3D3E9002306F0BEFCAB
:101D700018B105238DF80C3039E707EE106AF0EE44
:101D8000087A77EE677AF0EEE77A17EE900A06F0B7
:101D9000D9F913A3D3E9002306F0A8FC18B1062350
:101DA0008DF80C3023E71EA3D3E9002340464946B3
:101DB00006F068F806F0D8FC07EE900AF0EEE77A35
:101DC00017EE900A06F0BEF905A3D3E9002306F04A
:101DD0008DFC0028B4D007238DF80C3007E700BF36
:101DE000FCA9F1D24D62503F9A9999999999F93F7E
:101DF000FCA9F1D24D62B03F333333333333FB3F71
:101E0000CDCCCCCCCCCCFC3F9A99999999990140F6
:101E100033333333333303409A9999999999054071
:101E20006666666666660A4015F0020041FDFFFFC1
:101E3000F0B5044687B090F86001304D0295062851
:101E400041F61A65ADF80C509DF830504AD807207D
:101E500084F860011620DDED0D7A9FED297A8DF86A
:101E60001100F8EE677AFF2967EE877A4FF00106D6
:101E7000FCEEE77A8DF8106017EE900A18BF8DF827
:101E80001010FF2A18BF8DF81120070CFF2B4FEA06
:101E900010268DF816004FF00A00ADF8120018BF9A
:101EA0008DF81230FF2D18BF8DF813500125D4F88E
:101EB0005C018DF814700723CDE9005504AA882130
:101EC0008DF81560FBF7AAFD034640B9D4F85C0114
:101ED0001A46CDE90055C521FBF7A0FD034618467B
:101EE00007B0F0BD0C2804D90C2084F860011E2036
:101EF000B1E706AE304410F8170CACE71616181907
:101F00006F12833DF0B50E4685B004460221D0F82D
:101F10005C01FCF725FBB168204601F007FDF16884
:101F20000546204601F002FD0127844608238DF86E
:101F30000950C5F30725D4F85C018DF80850CCF39F
:101F4000072E0025CDE900770DEB030219468DF829
:101F50000BC08DF80AE00395FBF760FD08B105B0F2
:101F6000F0BD2368134AD3F8C83093421AD1022334
:101F7000D4F85C0101974FF64375009702AA194601
:101F8000ADF80850FBF74AFD0028E8D17068F578F5
:101F9000B37872783178019000952046FFF748FFBA
:101FA00005B0F0BD44F2FF31204698470028D6D155
:101FB000ECE700BFE5EB02002DE9F04103684F4A72
:101FC000D3F88430934284B0044666D104AEFF2334
:101FD00006F8043D0123D0F85C010F463246CDE9F6
:101FE00000331121FBF73CFB9DF80C50012D4FD124
:101FF0002368434A9B68934251D12946D4F85C0137
:1020000094F84A81FCF7ACFA00231A461946D4F832
:102010005C01CDE90033FBF701FDD4F85C018DF8DC
:102020000C80CDE900552B4632468021FBF7F6FCAB
:1020300010B104B0BDE8F08139462046FFF762FFD9
:1020400030B1F6E7D4F85C3118680368DB6C984768
:10205000D4F85C311868596A03689B68984700286F
:10206000F0D02368274AD3F8883093423BD104AD9F
:10207000FF2305F8043D0123D4F85C012A46CDE98D
:1020800000331121FBF7ECFA9DF80C30012B0BD03B
:102090006FF0130004B0BDE8F0819847D0E7204608
:1020A00098470028C5D1C7E722681749526F8A426E
:1020B00020D1D4F85C012A46CDE900330024022364
:1020C0001221ADF80C40FBF7CBFABDF80C0040BA7A
:1020D00080B2C3050CD410F0800F0CBF4FF0FF305E
:1020E0006FF00E00A5E72046984704B0BDE8F081E8
:1020F00006489EE720469047EBE700BFD12103004A
:1021000015F0020079F502000DEC020042FDFFFF20
:102110002DE9F0412B4B2C4F04460FCB2568D5F809
:10212000846088B004ADBE4285E80F003BD108AFA3
:10213000FF2307F8143D0123D4F85C013A46CDE9AA
:1021400000331121FBF78CFA9DF80C60012E35D17C
:1021500023681E4A9B6893422BD13146D4F85C0118
:1021600094F84A81FCF7FCF900231A461946D4F882
:102170005C01CDE90033FBF751FCD4F85C018DF82C
:102180000C80CDE9006633463A468021FBF746FCD9
:1021900010B108B0BDE8F08129462046FFF7B2FE35
:1021A00008B0BDE8F08129462046B04708B0BDE838
:1021B000F081204698470028EBD1EDE76FF013003F
:1021C000E7E700BF04BE0300D121030015F00200C1
:1021D0002DE9F04385B004ADFF2305F8083D012348
:1021E00004460F46D0F85C012A46CDE900331121A0
:1021F000FBF736FA9DF80860012E77D12368404A34
:102200009B6893426ED13146D4F85C0194F84A81C0
:10221000FCF7A6F900231A461946D4F85C01CDE96B
:102220000033FBF7FBFBD4F85C018DF80880CDE9A7
:10223000006633462A468021FBF7F0FB06461EB1B6
:10224000304605B0BDE8F0830221D4F85C01FCF70C
:1022500087F9B968204601F069FBF9688046204695
:1022600001F064FB4FF0010902460823C2F3072C7A
:10227000D4F85C018DF809808DF80B20C8F307288D
:10228000CDE9009919462A4603968DF808808DF805
:102290000AC0FBF7C3FB06460028D1D12368194AC0
:1022A000D3F8C830934224D10223D4F85C01CDF88E
:1022B00004902A46CDF8009019464FF64375ADF8C4
:1022C0000850FBF7ABFB0646002EB9D17868FD78C5
:1022D000BB787A783978019000952046FFF7A8FD01
:1022E0000646ADE7204698470646A8E76FF0130676
:1022F000A6E744F2FF31204698470646E4E700BFD0
:1023000015F00200E5EB020010B5002484B061F383
:10231000070463F30F249DF81830D0F85C0162F3D2
:10232000174404AA63F31F64012342F8044D952166
:10233000CDE900330423FBF771FB04B010BD00BFEF
:1023400008B5D0F85C01FBF7B3F8002008BD00BF6A
:1023500038B504461D46D0F85C0113462A46FBF703
:102360002DFFD4F85C01BDE83840FBF705BD00BF88
:1023700030B5FDEEC07A2DED048B17EE903A87B0A4
:10238000A3F2863200211A2A0546ADF8101011D8A2
:102390004EF6E113ADF810300123D5F85C0104AA24
:1023A000CDE9003398210223FBF738FB07B0BDECE1
:1023B000048B30BDA3F25F32072A04D84DF6D73321
:1023C000ADF81030E8E7A3F20B32082A08D9A3F5DC
:1023D000EB72282A09D848F27513ADF81030DBE704
:1023E0004CF2C153ADF81030D6E7A3F5D7730A2BE2
:1023F00037D9B1EE049AB0EE408A30EE490AF5EED4
:10240000008A20EE280A05F0F3FC38EE098AFCEE7B
:10241000C07A28EE280ACDED037A05F0A3FC9DF8DA
:102420000C40FCEEC07AE207CDED037A9DF80C304B
:1024300001D4013CE4B2D9075CBF0133DBB28DF8B3
:1024400015300123D5F85C018DF81440CDE9003337
:1024500005AA02239821FBF7E1FA07B0BDEC048B33
:1024600030BD46F66B73ADF8103095E730B585B0EA
:1024700001230D4604468DF80D20D0F85C018DF83F
:102480000C50CDE9003303AA02238E21FBF7C6FAD4
:1024900008B984F8905105B030BD00BF2DE9F04176
:1024A00086B006AEFF2306F80C3D01252B460446F8
:1024B0000F46D0F85C019046CDE900553246112117
:1024C000FBF7CEF89DF80C305BBBB4F88011D4F864
:1024D0005C018DF81030CDE90055324694F8785102
:1024E00094F87B318DF80D100E0A94F87C118DF85C
:1024F0000E508DF8133094F87D518DF80F1009238C
:102500008C218DF811708DF812808DF80C608DF88B
:102510001450FBF783FA08B984F87E7106B0BDE861
:10252000F0816FF01300F9E710B5DFED167A80ED5A
:10253000550A60EE277A84B0044617EE900A05F03B
:1025400001FE0022104B05F055FE06F0EDF80023C9
:10255000020E62F30703020C62F30F23020A62F316
:10256000174304AA60F31F6342F8043D0123D4F823
:102570005C018621CDE900330423FBF74FFA04B058
:1025800010BD00BF0000004C0000A03FF0B583B0BC
:1025900002AC002304F8013D05462346D0F85C0157
:1025A00001220F4640F6D801FBF708FED5F85C0182
:1025B000FBF7E2FB064680B99DF8073087B923F0A8
:1025C0001E0343F008038DF807302246D5F85C015E
:1025D000012340F6D801FAF76BFF304603B0F0BD97
:1025E00043F01E03EFE700BF2DE9F04186B006ADD2
:1025F000002325F8083D012406468846D0F85C01F2
:102600002A46CDE9004402238F21FBF707FA10B1D7
:1026100006B0BDE8F08106AFD6F85C0107F8108D72
:102620002346CDE900443A468A21FBF7F7F9002812
:10263000EED196F84A31D6F85C010194002B14BF14
:102640004FF0300C4FF0200C234600943A46932173
:102650008DF808C0FBF7E2F903460028D8D196F8B8
:102660006021D6F85C01ADF80C300D3203214FF03B
:102670000A0C8DF80E308DF809208DF80810CDE980
:10268000004407233A468821ADF80AC0FBF7C6F993
:102690000028BDD133682B4AD3F8C83093424AD1C1
:1026A0000223D6F85C010194009419464FF6437456
:1026B0002A46ADF81040FBF7B1F9044608234FF065
:1026C0000108D6F85C012A46CDE9008819460025A4
:1026D000CDE90455FBF7A2F9204300B2002897D1B9
:1026E000D6F85C117F24CDE90080434608463A467F
:1026F00089218DF80840FBF791F9002888D1D6F898
:102700005C311868036805215B69984705E0D6F8D5
:102710005C3118680368DB6C9847D6F85C31186840
:10272000D96A03689B6898470028F0D1D6F85C0105
:10273000FBF722FB6CE744F2FF3130469847044632
:10274000BCE700BFE5EB02002DE9F0412DED028B67
:10275000044686B0D0F85C01B0EE408A8846174641
:10276000FAF724FED4F85C311868596AD0E90032CF
:102770001B689847D4F85C311868D96AD0E90032F0
:102780001B689847D4F85C315A4A10211974D4F860
:102790005C3108215974D4F85C110123CB74D4F84E
:1027A0005C111D200881D4F85C110D204881D4F8FB
:1027B0005C1100208881D4F85C11C020C881D4F855
:1027C0005C110B71D4F85C315A61D4F84C610A2564
:1027D00001212046FEF710F802AB10224FF4487199
:1027E000D4F85C01FBF7EAFC02A90622304607F0A8
:1027F000F1F80A2158B901212046FDF7FDFF0546F1
:10280000D8B1284606B0BDEC028BBDE8F081D4F803
:102810005C31186803685B6998476B1E13F0FF050D
:10282000D6D1D4F85C01FAF7D5FD6FF00105284642
:1028300006B0BDEC028BBDE8F08123682E4A9B6890
:10284000934247D10121D4F85C0194F84A61FBF727
:1028500087FE2B462A462946D4F85C01CDE900556F
:10286000FBF7DCF80123D4F85C018DF80860CDE9B2
:10287000003302AA8021FBF7D1F80546002DC0D114
:1028800094F8493173B9B5EEC08AF1EE10FA09DD5A
:10289000B0EE480A41F288312046FFF739F9054683
:1028A0000028AED139462046FFF79EFE0546002897
:1028B000A7D1D4F85C01B8F1000F0FD1012402AA0E
:1028C000CDE90044234696218DF80840FBF7A6F891
:1028D000054696E7204698470546CFE7012302AA1A
:1028E000CDE9003396218DF80850FBF797F805469F
:1028F00087E700BF99EB020015F002002DE9F047D1
:1029000084B06C4E9DF83050DFF8ACC1C0F86861FF
:102910001F464FF0060E00234FF0FF0A0E4690466A
:102920002946A0F8667180F850E1C0F860C1C0F88F
:102930008C3180F86431C0F894A101220446FFF77D
:1029400003FF054618B1284604B0BDE8F0870DF135
:102950001009012309F804ADD4F85C014A46CDE919
:1029600000331121FAF77CFE9DF80C30012B40F06A
:102970009A80721F032A00F29980043E94F86C0139
:1029800094F8602194F85011F6B284F8616100283F
:1029900072D194F86231D4F85C01002562F3070526
:1029A00061F30F2566F31745012663F31F65CDE933
:1029B000006604234A468B210395FBF72FF8054652
:1029C0000028C0D1D4F85C013346CDE90066FF256C
:1029D0004A4611218DF80C50FAF742FE9DF80C6022
:1029E000012E60D128F00F0040F004004FEA0818D3
:1029F00002234A464FF4E8618DF80C0048F00408C1
:102A0000D4F85C018DF80D80FAF752FD2368394641
:102A10005B6D204698470546002894D1182533461B
:102A20004A4640F6E701D4F85C018DF80C50FAF7FD
:102A30003FFDD4F85C018DF80C60CDE900664A4694
:102A400033469D21FAF7EAFF054600287FF47BAF65
:102A5000009641F2210341F60F5202212046FEF773
:102A600073FF054600287FF46EAF236801465B6C58
:102A700020469847054666E703FA02F007EE900AFB
:102A8000D4ED5A6AF8EE677A87EEA67AF3EE007A0A
:102A9000B4EEE77AF1EE10FAAEBF84F8623184F852
:102AA00062512B4677E76FF013054CE76FF009058D
:102AB00049E700BF0000FA430903000100000000DD
:102AC0002DE9F0430F462DED048B11464CF6CC4218
:102AD000DD4BC0F874211A2245F2553580F8792172
:102AE000C0F8843109220623C0F8705180F87A2199
:102AF00087B0B0EE408AA0F88071B0EE610A80F82D
:102B00007B3100220446F0EE608AB0EE419AFFF776
:102B10001BFE054628B1284607B0BDEC048BBDE876
:102B2000F0832368C94A5B6B934240F06B8106AE29
:102B3000FF2306F8083D0123D4F85C013246CDE9B5
:102B400000331121FAF78CFD9DF81030002B40F076
:102B5000508118EE100A05F0F5FAB7A3D3E9002367
:102B60008046894605F0B8FD002840F05E81DFED23
:102B7000B87AB4EEE78AF1EE10FA00F356814246D5
:102B80004B460020B34905F05FFC05F0CDFD012563
:102B90000346D4F87411C4F87031D4F85C018DF890
:102BA0001230CDE9005532461D0A1E0C0B0C4FEABF
:102BB000112C8DF810608DF8115094F87A6194F80A
:102BC00079518DF817108DF815308B2108238DF869
:102BD00014508DF816C08DF81360FAF71FFF0546E4
:102BE000002D98D123689C4A9B6B934240F017813B
:102BF00006AEFF2306F8083D0123D4F85C013246F7
:102C0000CDE900331121FAF72BFD9DF81030002B90
:102C100040F00E81F5EEC08AF1EE10FA00F1F88076
:102C200018EE900A05F08EFA83A3D3E900238046BC
:102C3000894605F051FD002840F01681DFED877AC6
:102C4000F4EEE78AF1EE10FA00F30E8140467CA321
:102C5000D3E90023494605F0CDFA05F065FDC0F340
:102C60000745C0F307285FFA80FE0121D4F87031D0
:102C7000C4F87401D4F85C018DF81550CDE9001149
:102C8000190A4FEA134C94F879518DF812303246F4
:102C90008DF8111094F87A618DF8145008238B2167
:102CA0008DF816808DF817E08DF810C08DF8136040
:102CB000FAF7B4FE0546002D7FF42DAFB0EE490AB9
:102CC0002046FEF779FB054600287FF424AF06AEC8
:102CD000182306F8083D40F6E70101233246D4F8F0
:102CE0005C01FAF7E5FB236839465B6D204698479F
:102CF000054600287FF40FAF594A2368108B1B6DDF
:102D000006A9022221F80C0D204698470546002806
:102D10007FF401AF2368534ADB6B934240F0A780F6
:102D20000123D4F85C01FF25CDE90033324611219F
:102D30008DF81050FAF794FC9DF810300BB1032B6E
:102D400076D1D4F87021D4F874318DF81220110C9A
:102D5000120A8DF810108DF8112000211A0A1F0C8C
:102D60008DF81730012394F8795184F87A11D4F84A
:102D70005C018DF81620CDE900338DF8131008237F
:102D800032468B218DF814508DF81570FAF746FEF7
:102D90000546002D7FF4BFAE236829461B6C2046F4
:102DA0009847054600287FF4B6AEFF220121204651
:102DB000FFF774FB054600287FF4ADAE01270097AE
:102DC00041F2210341F60F5202212046FEF7BCFDDD
:102DD000054600287FF49FAECDE900773246D4F84F
:102DE0005C018DF810703B469D21FAF717FE0546F1
:102DF00091E6032B1CD118EE100A05F0A3F98046CA
:102E00008946BCE6B0EE480A204698470546E7E604
:102E10004FF0750E4FF0020840F2752025E7B0EE36
:102E2000680A20469847054645E76FF0640572E654
:102E30006FF013056FE600BF333333333333E33FB3
:102E4000FCA9F1D24D62904033331C4391F2020051
:102E50000000964300402F4191F1020000004843DA
:102E600004BE0300C1F402006FF0650553E601469D
:102E70002046984705468CE72DE9F04786B080F854
:102E8000A0319DF8384089469046214603220546E8
:102E9000FFF75AFC044618B1204606B0BDE8F0879B
:102EA00006AF182307F80C3D012601233A4640F6E9
:102EB000E701D5F85C01FAF7FBFAD5F85C018DF86B
:102EC0000C603A46CDE9006633469D21FAF7A6FD2F
:102ED00004460028E0D1D5F85C018DF81440CDE916
:102EE000006609233A468C21CDE90344FAF796FDA2
:102EF000A24604460028CFD10B222B6885F87A2100
:102F000085F87901C5F874015B6B304A93424AD168
:102F1000D5F85C013346CDE90066FF243A4611211D
:102F20008DF80C40FAF79CFB9DF80C30002B40D03C
:102F3000032B41D1D5F87431D5F85C018DF81330ED
:102F4000CDE900664FF40011C5F87011190C1C0A88
:102F50008DF8111095F87A3195F879118DF81240A5
:102F60008DF80F3020248DF810103A4608238B215D
:102F7000ADF80C408DF80EA0FAF750FD0446002C79
:102F80008AD1B8F1030F1AD8B9F1090F85F89981E0
:102F900018D803224FF4807385F89A9185F89B2105
:102FA000A5F8AA3178E79FED0A0A28469847044613
:102FB000E5E76FF064046FE76FF013046CE76FF000
:102FC000090469E76FF0070466E700BF91F20200A9
:102FD0000000FA3E2DE9F04FADF52B7D1C46079021
:102FE0000892D2B18D18013D0139601EFF231A11DC
:102FF00011F8016F82EA531282EAD3025E4002F0B6
:10300000010282EAD312370942EA430347EA06166D
:103010008D42DBB200F8016FE9D1DDF820C0C8486D
:1030200062464FF6FF7E0025102747F25B56214689
:10303000C0E9016E0770961C6746C56000F0D0FCC1
:10304000E319C0F30722E255294658704FF418726D
:10305000F300A55512A81E46099305F017FE03219B
:10306000B8480B9500F016FD0BAB0093B21D12ABE8
:103070002146B44800F012FD2946FF22204605F003
:1030800005FE079B93F899C1BCF1030F00F0408245
:10309000AD4BDDF82C800FCB0EAF3E4607C626F8B1
:1030A000023BBCF1020F4FEA134333709CBFA74BA6
:1030B00013F80C50B8F1000F00F02D8200218A4661
:1030C00008464FF001096FEA0A0303F0070317F8F7
:1030D00000C0CA4309FA03F34FEAD10E4FEADA06F9
:1030E00002F007025BB2BCF1000F12D00DF1480CE8
:1030F0000AF1010A1CF80EC014F906E04CFA02F2BB
:1031000012F0010F43EA0E020ABF2EEA0303A25592
:10311000A3550130A84200F0A78101318845D2D1E2
:103120000AF10702D208214612A8CDF82CA005F01A
:1031300089FD079B93F89B31C3EBC30203EBC202EB
:10314000520092B20592BAF1000F7AD000220132F9
:1031500092B202FB02F15145F9D30FFA8AF14FEA1C
:10316000420C00294FEA520206911FFA8CFC03928E
:1031700067DD0023CDF810A0984618464FF00109EE
:103180009A46059D069FEA08EB43A15C03F00703FE
:1031900009FA03F321EA03016B1CA154DA10DB43A3
:1031A000A15C03F0070309FA03F321EA03036FF0BC
:1031B000020E302FA354AEEB050EA8BF3027002619
:1031C00005F1020BC20812A9AEEB06038D5C0BEBF6
:1031D0000601C910C24303F0070302F0070245FAD3
:1031E00002F209FA03F365565BB212F0010F25EA09
:1031F00003020CBF62542B436044049A18BF63540B
:1032000080B2039B9042434409D398B284450AF1AB
:1032100001039DBF1FFA83FA5046D046804601360F
:1032200033B2BB42CEDB069B059A0237303B1BB262
:103230003A4492B2002B06930592A2DC079B93F8C6
:103240009B31079A9DF8207092F8995192F8A061ED
:1032500092F89A11B2F8AA018DF83070EA0042EAA9
:10326000860242EAD10242F0020206118DF83120B4
:103270000201059846EA41166FF0710101FB030156
:103280008DF832602E4E0B9108202F274FF0FF0C47
:103290000021D2B23070C6E9017CF160002B00F051
:1032A000ED80DFF8B09003910E4609F1280AA9F1EC
:1032B00027080EAF0125013B5B1A22F00C0242EAFF
:1032C00083030CA904221E488DF8333000F088FBDC
:1032D0004FF0000B8DF8340002211A48A7F808B00F
:1032E000C7E900BB00F0D6FB3B4628220CA9CDF86D
:1032F00000B0144800F0D2FB3B4628220CA9CDF8C0
:1033000000B0104800F0CAFBF208F343A15C10487B
:1033100003F0070305FA03F321EA0301731CA15428
:10332000DA10DB43A15C03F0070305FA03F321EA9B
:10333000030306F1020CA3546FEA0C0C0CE000BF6F
:10334000187A0020447A0020F4BE030018BF03005E
:103350001BBF030043BF03004378C21CD908A2EB84
:103360000802324417F801E0D208DB430CF00701F1
:1033700003F007034EFA03F305FA01F114F902E032
:1033800013F0010F49B24EEA010300F101000ABF38
:103390002EEA0101A354A15448450CF1FF3CDBD1B6
:1033A00006F14A0C5D486FEA0C0C437800F12302E9
:1033B000D908A2EB0802324417F801E0D208DB4337
:1033C0000CF0070103F007034EFA03F305FA01F1CD
:1033D00014F902E013F0010F49B24EEA010300F1C3
:1033E00001000ABF2EEA0101A354A15450450CF17B
:1033F000FF3CDAD16FF02A0EDDF81CC00496AEEB6C
:10340000060E06F12A0B00200CEBD00200EB0B019C
:1034100092F89C61C908AEEB0003C24303F00703B6
:1034200002F0070246FA02F205FA03F3665612F0BA
:10343000010F5BB246EA030200F101000ABF26EA6F
:103440000303625463542028DED1079B039A049E31
:1034500093F89B310132723693420392B6B20AD985
:103460009DF83320039926E7013141454FF00000D4
:103470007FF429AE54E6079A92F89951099A0632D8
:1034800092B2032D06D8DFE805F03934310202EBA1
:10349000420292B2224DA5FB0210400902F12F0414
:1034A00000EB800100EB4000A2EB0012A5FB0454EE
:1034B00001EB8101B69803EB5413490092B203600B
:1034C0008BB212B102321A4493B2079A92F89B114E
:1034D000722212FB0133B599DA1D0B60B49BD2083E
:1034E00000201A600DF52B7DBDE8F08F520092B2DE
:1034F000D0E702EB4202C2F34F02CBE702EB4202FB
:10350000520008490432A1FB0212C2F38F02C1E744
:10351000DDF82CA00EE6C246424604E643BF030097
:10352000ABAAAAAACDCCCCCC70B4524D524B8BB026
:10353000064603930FCD05AC0FC42A6896F89A315E
:1035400096F8A01122600AAA02EB430300294FF06B
:10355000060243F63611ADF810104848A6F8A4212B
:1035600014BF0821342149F28E5233F8143CB3FBC6
:10357000F1F33C2B0290ADF80420A6F8A23109D05B
:103580002ED9B92B68D01DD8562B48D0632B46D0E6
:103590003E2B20D1B6F8AA310AAA02EB931203F00F
:1035A0003F0112F81C2CA6F8A621B3F5C07F4FF0FE
:1035B0003802A6F8A811A6F8A4210CD200200BB05E
:1035C00070BC7047B3F5C37F3AD040F29312934278
:1035D00036D0C62B40D06FF069000BB070BC70477E
:1035E0001C2B06D016D9232B03D02F2B01D01E2B3A
:1035F000F1D1B6F8AA310AAA02EB9311B3F5C07F54
:1036000003F03F0211F81C1CA6F8A611A6F8A82189
:10361000D4D3E0E70A2BECD0162BDCD1E9E7B6F8DF
:10362000AA310AAA02EBD312002012F8202CA6F825
:10363000A62103F07F03A6F8A8310BB070BC704739
:10364000B6F8AA31A6F8A8314FF484720020A6F883
:10365000A6210BB070BC7047B6F8AA310AAA02EBDB
:103660001322DBB212F8242CA6F8A621A6F8A83162
:10367000A4E700BF04BF0300212D30334144474875
:1036800010B4B0F8A431B0F8A821B0F8A24103F00A
:1036900001015B0819B1B0F8A6114B409BB29A42E8
:1036A00082EA030107D08C42F1D3A0F8A4315DF87F
:1036B000044B084670479C4201D21346E7E7A0F846
:1036C000A431194608465DF8044B7047D0F8B03174
:1036D000002B00F08D802DE9F041B0F8A431B0F856
:1036E000A841B0F8A25182B003F001025B081AB100
:1036F000B0F8A62153409BB29C4284EA03026FD0EB
:10370000AA42F1D8013A92B214B2B4EB550FA0F824
:10371000A43190F8A031A8BF521B05F00105A8BF45
:1037200014B20135002B5FD11A2303FB05F54FF4CA
:10373000D04690ED557ADFED397A67EE277A8046EC
:1037400017EE900A0F4604F0FDFC354B002204F002
:1037500051FD04F0E9FFD8F8B41198F89B3106FB4D
:1037600014009942A0EB452504D25B1ADB0758BF31
:1037700005F5807507EB47042A0E280C6400042326
:103780002E0A8DF804208DF8050004F28A310DEB25
:10379000030240468DF807508DF80660FEF7D0FD15
:1037A000D8B93FBB7320054604F562718DF801005E
:1037B000002402236A4640468DF80040FEF7C0FD13
:1037C00058B908F5D6710EC94D1B013A0133C8F836
:1037D000AC51C8F8B021C8F8B43102B0BDE8F081EE
:1037E000AB4212D923467FE7AD004FF48056A0E7E5
:1037F0001846704798F89B31BB4208D8D8F8AC01FE
:10380000312807D885B2C0B2CEE71A467AE77220CF
:103810000546C9E732200546C6E700BF0000004C58
:103820000000A03F6FF01800704700BF6FF0180055
:10383000704700BF6FF01800704700BF6FF01800AE
:10384000704700BF6FF01800704700BF6FF018009E
:10385000704700BF6FF01800704700BF6FF018008E
:10386000704700BF6FF01800704700BF6FF018007E
:10387000704700BF84B004A800E90E006FF0180084
:1038800004B0704700207047BBEE090A704700BFC4
:10389000002070476FF01800704700BF6FF01800ED
:1038A000704700BF00207047704700BF704700BFDF
:1038B0006FF01800704700BF704700BF0368044AEC
:1038C000DB68934202D16FF018007047002118475F
:1038D0003D38030070B5144B04460E4600210D46DA
:1038E0002DED028B282240F8043BB0EE408A05F013
:1038F000CDF9A58684F83650294604F137004FF4F7
:10390000807205F0C3F984ED0B8AC4F83851C4F80D
:103910003C5184F84051C4F8445184F8485126631E
:10392000BDEC028B204670BD74BF0300002370B451
:103930001E46012505FA03F20A4200EB830403F157
:10394000010303D062681F2A18BF1643202BF1D150
:10395000304670BC704700BF38B590F848316BB93D
:10396000D0F83851D0F84421D0F83C4141EA450123
:103970000A40A242C0F838112BD038BD90F835501B
:1039800090F83430054401249C4095F9372064B206
:10399000D1B922EA0402D2B285F83720591CC9B243
:1039A000082980F83410E8D10446104600F024F9C4
:1039B00094F83530E1180022013381F8370084F89B
:1039C000353084F8342038BD2243D2B285F8372010
:1039D000E4E70122838680F8363080F8482138BD3C
:1039E0002DE9F8435FEAC2090646846820D0002525
:1039F00088462F460FE031784B1E24FA03F313F06C
:103A0000010F18BF736805F101054FEA440418BFA0
:103A10005C404D450DD06B07EDD1337C18F80700A5
:103A20000137B3B93178A1F1080398404440E3E786
:103A30000178F068737C604013B100F0DDF83178F4
:103A40004FF0FF33C1F1200123FA01F10840BDE836
:103A5000F883082100F0D0F8E4E700BF044B00220F
:103A600008211970C3E90122DA601A745A74704788
:103A7000187A002010B50446C06808B103F0CAF8EF
:103A8000206908B103F0C6F8606908B103F0C2F814
:103A9000204610BD0023417003707047002900F0DC
:103AA0008980002B00F086802DE9F04F83B0002A3A
:103AB0007ED04FF0000B90F801A0D946D846CDE952
:103AC00000210AE0072C057050D0009A08F1010887
:103AD000D14442451FFA89F950D04FEAD805019ADE
:103AE0000678575D3549364A6FEA080404F0070442
:103AF0002741BAF1020F08BF964607F001074FEAC7
:103B0000960518BF8E46C7F1010C5EF825504FEAA6
:103B10008C0C6FEA060E5FFA8CFC0EF0030E0CEBB9
:103B2000CE0C25FA0CF54FF0020204FB0AFC05F05E
:103B30000F0404FA0CF412FB06764BEA040B06F0B1
:103B40003F0508F00704BDD106F00F06072C0670EC
:103B5000BBD11C464FEA1B2504F8025B83F801B079
:103B600090F801A023464FF0000BAEE7BAF1030F27
:103B7000EFD14FEA1B441C700133EAE752070BD028
:103B8000BAF1030F03D14FEA1B421A7001334FEA17
:103B90001B2283F801B01A700C9B2BB10020C3F8D4
:103BA000009003B0BDE8F08F184603B0BDE8F08F79
:103BB0009146F1E74FF0FF30704700BF4CC0030063
:103BC0003CC00300084B094A094910B500241846B7
:103BD0001C805C601C72C3E903445C6104F0BCF8A7
:103BE000044B1C8010BD00BF2C7A00200060002018
:103BF000753A0300447A002099B10022F0B40546DA
:103C00004F1E1046012606FA02F32B40BC1AD34081
:103C10000132A340D4B2A14240EA0300F3D8F0BC81
:103C200070470846704700BF704700BF704700BF2D
:103C3000704700BF0846704730B441608260029907
:103C4000039A044DC360049B0560C0E904128361BC
:103C500030BC704794C0030008B50121272003F051
:103C600095FE272003F054FF2520012103F08EFE4E
:103C70002520BDE8084003F04BBF00BF69B170B517
:103C8000054608460C4605F09DFE2B680246214677
:103C900028465B68BDE8704018470846704700BF7B
:103CA000F0B50F468BB00568002A3DD00A2A0446BD
:103CB0001ED100293DDB0AAE00232F4806F8043D43
:103CC0000B46A0FB0312D20802EB8201A3EB4103D7
:103CD000303306F8013D1346002AF2D1304605F094
:103CE00071FE6B6802463146204698470BB0F0BD26
:103CF0000AAED2B20023022A06F8043D2CBF1046B9
:103D00000A200A46B2FBF0F100FB1127FBB2092F93
:103D100003F130078ABF3733FBB2DBB20A4606F83D
:103D2000013D0029EED1D9E72B68C9B298470BB005
:103D3000F0BD2B682D2198470AAD002306460E489A
:103D400005F8043D7B42A0FB0321C90801EB810279
:103D5000A3EB4203303305F8013D0B460029F2D1B5
:103D6000284605F02FFE2368024629465B68204658
:103D7000984730440BB0F0BDCDCCCCCCF0B5066844
:103D80008BB022B93368C9B298470BB0F0BD0AAC0A
:103D9000D2B20023022A04F8043D05462CBF104687
:103DA0000A20B1FBF0F200FB1217FBB2092F03F15E
:103DB00030078ABF3733FBB2DBB2114604F8013D4E
:103DC000002AEED1204605F0FDFD7368024621462B
:103DD000284698470BB0F0BDF0B506688BB022B905
:103DE0003368C9B298470BB0F0BD0AACD2B2002319
:103DF000022A04F8043D05462CBF10460A20B1FBF8
:103E0000F0F200FB1217FBB2092F03F130078ABF53
:103E10003733FBB2DBB2114604F8013D002AEED184
:103E2000204605F0CFFD7368024621462846984794
:103E30000BB0F0BD10B5C2B00446CBB28DED000B97
:103E400002A8064A4FF4807105F088FD23680246F7
:103E500002A95B682046984742B010BDA8C1030084
:103E6000036802495B680222184700BFB0C1030023
:103E7000036870B505460C465E6849B1084605F012
:103E8000A1FD214602462846B0472B685E680446DD
:103E9000284602220149B047204470BDB0C103004A
:103EA000F0B505468BB006685AB9336898470446A2
:103EB0002B6817495B6828460222984720440BB0BC
:103EC000F0BD0AAF0B46D2B20021022A07F8041D4A
:103ED0002CBF14460A241846B0FBF4F204FB12016E
:103EE000CBB2092903F130018ABF3733CBB2DBB241
:103EF000104607F8013D002AEED1384605F062FD74
:103F0000736802463946284698470446D0E700BF02
:103F1000B0C10300F0B504468BB00F460568002A17
:103F200044D00A2A26D1002945DB0AAE00233348B3
:103F300006F8043D0B46A0FB0312D20802EB8201F7
:103F4000A3EB4103303306F8013D1346002AF2D1BA
:103F5000304605F037FD314602466B6820469847EB
:103F60000646236826495B6820460222984730446B
:103F70000BB0F0BD0AAED2B20023022A06F8043D0F
:103F80002CBF10460A200A46B2FBF0F100FB1127B5
:103F9000FBB2092F03F130078ABF3733FBB2DBB224
:103FA0000A4606F8013D0029EED1D1E72B68C9B2D7
:103FB00098470646D5E72B682D2198470AAD002380
:103FC00006460E4805F8043D7B42A0FB0321C908C4
:103FD00001EB8102A3EB4203303305F8013D0B46B0
:103FE0000029F2D1284605F0EDFC23680246294657
:103FF0005B68204698470644B3E700BFCDCCCCCCE5
:10400000B0C10300114B124A1968BFF35B8F4968B6
:10401000BFF35B8F914200D070470E4AD2F8001573
:10402000C9070FD530B40C4C012500204FF0FF31EB
:104030002560C2F8000530BCC2F860151868044954
:1040400003F0D6BD1868024903F0D2BD487A0020BB
:10405000546F6E6500200240042002402F2901D9D0
:104060000020704770B5434E3368BFF35B8F0C463A
:104070005B684149BFF35B8F8B4288B0054606D031
:10408000306803F06FFD10B9002008B070BD3268D1
:10409000394BBFF35B8F5268BFF35B8F9A4259D0A5
:1040A000364A374B52F82420698AEC7DC3F86025E4
:1040B0004FF0FF32C3F864250120C3F86825C3F828
:1040C0006C250722C3F80005C3F80C250022C3F8AD
:1040D0000425C3F8081505F11401C3F81025C3F829
:1040E0000042C3F80023C3F82015C3F84015C3F8F5
:1040F0002405C3F84405A968C3F828152149EE68CA
:104100002C8AC3F84865C3F82C25C3F84C25C3F89E
:1041100014450A600B680193019B4A6004311A4BF5
:104120000968029102991A601968039103995A600B
:104130005968049104999A60996805910599DA6023
:10414000D968069106991A6110331B680793079B7B
:1041500008B070BD0A4BD3F80025D207A0D50B4A92
:104160000120106000214FF0FF32C3F80015C3F8A2
:10417000602595E7487A0020546F6E65E8C003001B
:1041800000200240042102400C2102400420024091
:104190002DE9F843A1F1140446F294139C4215D87A
:1041A000144606460D469AB94FF000084FF0000934
:1041B000634C64492368BFF35B8F5B68BFF35B8F1D
:1041C0008B421CD0206803F0CDFCC0B9BDE8F88359
:1041D000B2F57A7F09D202FB01F3B3F57A7F04D2FC
:1041E0004FF001084FF00009E2E74FF47A72002324
:1041F000A4FB050104F008FB80468946D8E7226845
:10420000504BBFF35B8F5268BFF35B8F9A42DDD197
:104210004D4BD3F80025D20709D54C4A0120106038
:1042200000214FF0FF32C3F80015C3F8602558EAAB
:1042300009034749B1FBF5F189B230D1454F464BEF
:104240007982C7E900896FF07F486FF07F4943EAC0
:104250005103C7E902894FF6FF70BB82082204238D
:104260003882BA75FB7531463A48FFF7F7FE0028E9
:10427000ACD023683349BFF35B8F5B68BFF35B8FC0
:104280008B4204D0206803F06DFC00289ED0BB7DDB
:1042900003F1804303F5083301221A6096E7424692
:1042A0004B4600205B084FEA320252EA030500F158
:1042B0000100F7D1252889DC2748264FB9F1000FE6
:1042C00040EA510008BFB8F1010FB882C7E9008980
:1042D00079822CD040464946002349084FEA3000F5
:1042E00050EA010203F10103F7D11C4A5B00A2FB73
:1042F00003235B0801259D4018F1FF3049F1FF3190
:104300002A46002304F080FA72B96A084FF00C0CB8
:104310006B1E9B1A0130013A1021FB603882BA6093
:1043200087F816C0F9759EE74FF0080CF0E7C7E96B
:10433000022301210C2210233982BA75FB7592E702
:10434000487A0020546F6E6500200240042002402D
:1043500048E80100507A00200080FFFFABAAAAAA1B
:10436000024A034B92681A60704700BF84610020C4
:10437000487A00202DE9F0477C4F3D6806460C4600
:10438000904675B12F2E09D828F48073032BC8F3FB
:10439000002224D0042B59D0022B3BD00020BDE8B2
:1043A000F08729462022724804F070FC714A724955
:1043B000724B0D604FF0FF30C2E9000040224D60AB
:1043C000C3F88020BFF34F8FBFF36F8F6021C3F816
:1043D000802183F806131A6001233B60D2E74FF473
:1043E0000037674B634853F8265090F900102B02B2
:1043F00003F47C5343F001038D4243EA07030CD0DE
:1044000090F90160B54224D090F90270BD4222D1EA
:10441000022603E04FF44037E3E70026B10001F144
:10442000804101F5C0418555D1F81005504F524DDE
:1044300047F8264020F0031020F47C50034301206D
:10444000AA55C1F81035B040BDE8F0874FF4803769
:10445000C7E70126E2E790F903C0654549D090F926
:1044600004E075455BD090F9058045456DD090F925
:1044700006904D4577D090F907A0AA4501D10726AF
:10448000CCE7013123D13F49D1F8101589071ED15E
:104490000026B10001F1804101F5C0418555D1F8F8
:1044A0001005334F344D47F8264020F0031020F418
:1044B0007C500343C1F810350023C1F800310120BE
:1044C000304BAA55B040C3F80403BDE8F08701366D
:1044D00006D12C49D1F81415890701D10126D8E756
:1044E000013708D12749D1F818158F0703D10226C3
:1044F000CFE7032692E7BCF1FF3F06D12149D1F86F
:104500001C158E0701D10326C3E7BEF1FF3F08D17A
:104510001C49D1F82015890703D10426B9E70426E0
:104520007CE7B8F1FF3F06D11649D1F824158F0773
:1045300001D10526ADE7B9F1FF3F08D11149D1F806
:1045400028158E0703D10626A3E7052666E7BAF1EC
:10455000FF3F7FF423AF0B49D1F82C1589077FF477
:104560001DAF072695E7062658E700BF987A00207A
:10457000707A0020907A0020687A002000E100E044
:10458000E8C00300006000402F2825D8264A274BAA
:1045900052F8202093F900108A4238D093F9011084
:1045A0008A4236D093F902108A4234D093F903102C
:1045B0008A4232D093F904108A4230D093F9051020
:1045C0008A422ED093F906108A4206D093F907103A
:1045D000914208BF072101D07047062170B4012025
:1045E000134E144C144D8840C6F808038A0000206E
:1045F00002F1804244F82100FF2402F5C0425C54DD
:104600006854C2F8100570BCC2F800017047002160
:10461000E4E70121E2E70221E0E70321DEE70421EC
:10462000DCE70521DAE700BFE8C00300907A00204C
:1046300000600040707A0020687A00202DE9F04385
:104640001B4B1C4FD3F80463DFF86C80DFF86C90D1
:1046500085B000240123A200A34002F1804533422B
:1046600005F5C0450FD0D5F8003163B1E3570133EC
:1046700006D052F808201AB114F809307BB99047D7
:104680000023C5F800310134082CE3D1BFF34F8F6C
:1046900000BF00BF00BF00BF05B0BDE8F08304ABA2
:1046A000002143F8041D0846009103F099F8E7E75C
:1046B00000600040907A0020707A0020687A002024
:1046C000FEE700BF08B501F02FFA4FF47A72A0FBA5
:1046D0000223900A40EA835008BD00BF014638B566
:1046E0004FF47A7200238002890D04F08DF805469C
:1046F00001F01AFA0446F1F7EBFD01F015FA001B80
:10470000854200D838BD281ABDE8384001F030BBDA
:1047100010B5044601F086FD022804D02046BDE80D
:10472000104004F06DBA01F0F7F9204604F068FA81
:10473000044601F097FA0CB1204610BD02F088FF44
:10474000FAE700BF10B5044601F06CFD02280AD15B
:1047500044B101F0E1F9204604F05AFABDE81040F6
:1047600001F080BA10BD2046BDE8104004F050BAF8
:1047700010B5044601F0D0F9204604F041FA044691
:1047800001F070FA0CB1204610BD02F061FF204626
:1047900010BD00BF50B110B5044601F0BDF9204670
:1047A00004F036FABDE8104001F05CBA704700BF73
:1047B00038B51C469DF8105043B3002908BF1A466F
:1047C0000123C4E90F01226084F8463001F0F4FFB0
:1047D000D4E90F132268A26001FB03F1CB1A134442
:1047E00000200A44FF21A063E36084F84410626063
:1047F00084F8451004F1100003F060FA04F124007D
:1048000003F05CFA01F0E2FF84F84C50204638BD1A
:10481000F8B5074615460E4669B100FB01F0503069
:10482000FFF7A6FF044690B3002200F1500380F882
:104830004620036007E05020FFF79AFF044630B39C
:1048400084F846602460C4E90F7601F0B5FFD4E92E
:104850000F132268A26001FB03F1CB1A134400205E
:104860000A44FF21A063E36084F84410626084F886
:10487000451004F1100003F021FA04F1240003F0C4
:104880001DFA01F0A3FF84F84C502046F8BD002427
:104890002046F8BD2DE9F04F044685B01D46019233
:1048A000884601F089FFA26BE36BA84F4FF0000927
:1048B0009A424E46C0F08B80022D00F0068101988E
:1048C000002800F03081B9F1000F00F0958001F070
:1048D0007DFF01F021F901F06FFF94F84430FF2BC8
:1048E00008BF84F8446094F84530FF2B08BF84F873
:1048F000456001F06BFF01A902A801F03BFC002814
:1049000040F0188101F058FFA26BE36B9A4277D018
:1049100001F05CFF01F050FF94F845304FFA83FA44
:10492000BAF1000F1ADD636AC3B104F1240907E08C
:104930000AF1FF33DBB24FFA83FA7BB1636A6BB1E2
:10494000484601F0BDFB0028F2D001F04BFC0AF113
:10495000FF33DBB24FFA83FA002BEFD1FF2384F849
:10496000453001F033FF01F027FF94F844304FFA4F
:1049700083FABAF1000F1ADD2369C3B104F11009FB
:1049800007E00AF1FF33DBB24FFA83FA7BB1236908
:104990006BB1484601F094FB0028F2D001F022FCF4
:1049A0000AF1FF33DBB24FFA83FA002BEFD1FF237A
:1049B00084F8443001F00AFF01F054F901F0FCFEE4
:1049C000A26BE36B9A424FF00109BFF475AF226C02
:1049D000A66B002A40F0FC8025680136002D00F00F
:1049E0001881A663636A002B40F08C8001F0EEFE14
:1049F000012005B0BDE8F08F02A801F0AFFB66E72B
:104A000004F1100901F0E2FE4846019901F0DCFAD8
:104A100001F0D2FE94F845A04FFA8AFABAF1000FDD
:104A20001CDD636AD3B104F1240B08E00AF1FF3AFC
:104A30005FFA8AF34FFA83FA83B1636A73B1584617
:104A400001F03EFB0028F1D00AF1FF3A01F0CAFB69
:104A50005FFA8AF34FFA83FA002BEED1FF2384F832
:104A6000453001F0B3FE01F0A7FE94F844304FFA50
:104A700083FABAF1000F06DC15E00AF1FF33DBB26E
:104A80004FFA83FA7BB123696BB1484601F018FBFA
:104A90000028F2D001F0A6FB0AF1FF33DBB24FFA97
:104AA00083FA002BEFD1FF2384F8443001F08EFE0F
:104AB00001F0D8F8002881D14FF080537B6040BFCF
:104AC000BFF34F8FBFF36F8F78E7226CA66B002A7E
:104AD00082D04146E06804F0B5F8236CE2682168B2
:104AE0005B421A448A42E26080F089806268134423
:104AF000E360022D00F083800136A663636A002B19
:104B00003FF474AF04F1240001F0DAFA00283FF416
:104B10006DAF0E4B4FF080525A6040BFBFF34F8FC6
:104B2000BFF36F8F62E7009001F050FE009805B070
:104B3000BDE8F08F01F040FE94F845506DB2002DB5
:104B400018DD636AB3B104F1240607E000ED00E06C
:104B5000013DEBB25DB26BB1636A5BB1304601F00F
:104B6000AFFA0028F4D0013D01F03CFBEBB25DB29E
:104B7000002BF1D1FF2384F8453001F027FE01F02E
:104B80001BFE94F844506DB2002D16DD2369A3B1CD
:104B900004F1100605E0013DEBB25DB26BB1236993
:104BA0005BB1304601F08CFA0028F4D0013D01F0F1
:104BB00019FBEBB25DB2002BF1D1FF2384F8443036
:104BC00001F004FE01F04EF8002005B0BDE8F08FC2
:104BD00041465DBBA06804F035F8A368216C6268AB
:104BE0000B44934206F10106A360FFF4FAAEA663FC
:104BF000636A2268A260002B3FF4F8AE82E7002EC1
:104C00007FF4EFAE0123A363636A002B3FF4EEAEA3
:104C100078E7606801F058FBA663636A6560002B63
:104C20007FF470AF00287FF474AFDFE6E06804F033
:104C300009F8236CE26821685B421A448A42E26008
:104C4000BFF457AF52E700BFF8B50C4679B3002563
:104C50000123216081F84630C1E90F35064601F095
:104C6000ABFDD4E90F322168A56303FB02F39A1A66
:104C70000A440B44FF27C4E90131E26084F8447020
:104C800004F1100084F8457003F018F804F12400D2
:104C900003F014F801F09AFDC4E90055E56084F8CA
:104CA0004C602B462A4629462046FFF7F3FD204656
:104CB000F8BD00BF2DE9F0418C4682B0044617468E
:104CC000EFF31186402282F31188806BE26B9042F1
:104CD00021D3022B05D0002086F3118802B0BDE855
:104CE000F08194F84550226CD4F838806DB252BBF4
:104CF000236808F10108002B4FD06B1CC4F83880E2
:104D000037D001356DB284F84550012086F3118803
:104D100002B0BDE8F08194F84550226CD4F8388098
:104D20006DB2002AE4D073B9A06803F08BFFA368CA
:104D3000216C62680B44934208F10108A360DCD344
:104D40002368A360D9E76146E068019303F07AFF26
:104D5000206CE2682168019B404202448A42E26082
:104D600002D262681044E060022B10D008F1010802
:104D7000C3E7636A002BC8D004F1240001F0A0F956
:104D80000028C2D0002FC0D001203860A4E7B8F1BD
:104D9000000F08BF4FF00108AFE76068019301F012
:104DA00093FA019B6360A8E72DE9F047044684B0BD
:104DB0008846019201F000FDD4F83890B9F1000F57
:104DC00040F09380019B002B00F00A8102A801F0C3
:104DD000C5F9B34F4E4604F1240501F0F7FC00F08D
:104DE0009BFE01F0E9FC94F84430FF2B08BF84F8E7
:104DF000446094F84530FF2B08BF84F8456001F00B
:104E0000E5FC01A902A801F0B5F9002840F087806F
:104E100001F0D2FCA36B002B40F0E88001F0D6FC3F
:104E20000199284601F0D0F801F0C6FC94F845300D
:104E30004FFA83F9B9F1000F06DC15E009F1FF33F1
:104E4000DBB24FFA83F97BB1636A6BB1284601F09C
:104E500037F90028F2D001F0C5F909F1FF33DBB2D0
:104E60004FFA83F9002BEFD1FF2384F8453001F08E
:104E7000ADFC01F0A1FC94F844304FFA83FABAF18A
:104E8000000F1ADD2369C3B104F1100907E00AF12C
:104E9000FF33DBB24FFA83FA7BB123696BB148462B
:104EA00001F00EF90028F2D001F09CF90AF1FF336D
:104EB000DBB24FFA83FA002BEFD1FF2384F84430A2
:104EC00001F084FC00F0CEFE00287ED14FF080532C
:104ED0007B6040BFBFF34F8FBFF36F8F01F06CFC5F
:104EE000D4F83890B9F1000F76D0226C52B1E16855
:104EF000636811449942E16024BF2168E160404643
:104F000003F0A0FE09F1FF33A3632369002B40F0F7
:104F1000C98001F05BFC012004B0BDE8F08701F01E
:104F20004BFC94F845304FFA83F9B9F1000F06DCD9
:104F300015E009F1FF33DBB24FFA83F97BB1636A05
:104F40006BB1284601F0BCF80028F2D001F04AF914
:104F500009F1FF33DBB24FFA83F9002BEFD1FF23C6
:104F600084F8453001F032FC01F026FC94F844301E
:104F70004FFA83FABAF1000F1ADD2369C3B104F1C5
:104F8000100907E00AF1FF33DBB24FFA83FA7BB175
:104F900023696BB1484601F093F80028F2D001F084
:104FA00021F90AF1FF33DBB24FFA83FA002BEFD17C
:104FB000FF2384F8443001F009FC00F053FE01F0B7
:104FC000FBFBA36B63B101F001FC01F0F5FBD4F82E
:104FD0003890B9F1000F88D1019B002B7FF4FDAE12
:104FE00001F0F4FB002004B0BDE8F08701F0EEFB17
:104FF00001F0E2FB94F845304FFA83F9B9F1000F64
:1050000006DC15E009F1FF33DBB24FFA83F97BB11F
:10501000636A6BB1284601F053F80028F2D001F022
:10502000E1F809F1FF33DBB24FFA83F9002BEFD13E
:10503000FF2384F8453001F0C9FB01F0BDFB94F873
:1050400044304FFA83FABAF1000F1ADD2369C3B175
:1050500004F1100907E00AF1FF33DBB24FFA83FADB
:105060007BB123696BB1484601F02AF80028F2D0E1
:1050700001F0B8F80AF1FF33DBB24FFA83FA002BE4
:10508000EFD1FF2384F8443001F0A0FB00F0EAFDEB
:1050900001F092FBD4F83890B9F1000F9CD024E7CE
:1050A00000ED00E004F1100001F00AF800283FF4E0
:1050B00030AF054B4FF080525A6040BFBFF34F8F67
:1050C000BFF36F8F25E700BF00ED00E02DE9F0434F
:1050D000044685B00026019101F06EFBA36BB24F30
:1050E000B0463546002B40F0F380019B002B00F0CA
:1050F0005D81B8F1000F00F0FC8001F067FB00F06B
:105100000BFD01F059FB94F84430FF2B08BF84F8E5
:10511000445094F84530FF2B08BF84F8455001F007
:1051200055FB01A902A801F025F800286CD101F077
:1051300043FBA36B002B40F0E08001F047FB2368AA
:10514000002B00F03C8104F124094846019900F04D
:105150003BFF01F031FB94F845304FFA83F8B8F18A
:10516000000F06DC15E008F1FF33DBB24FFA83F8DD
:105170007BB1636A6BB1484600F0A2FF0028F2D011
:1051800001F030F808F1FF33DBB24FFA83F8002B5F
:10519000EFD1FF2384F8453001F018FB01F00CFB40
:1051A00094F844304FFA83F8B8F1000F1ADD236900
:1051B000C3B104F1100907E008F1FF33DBB24FFA85
:1051C00083F87BB123696BB1484600F079FF002872
:1051D000F2D001F007F808F1FF33DBB24FFA83F8A1
:1051E000002BEFD1FF2384F8443001F0EFFA00F0F8
:1051F00039FD002864D14FF080537B6040BFBFF37E
:105200004F8FBFF36F8F5BE001F0D6FA94F8453013
:105210004FFA83F8B8F1000F1ADD636AC3B104F1E5
:10522000240907E008F1FF33DBB24FFA83F87BB1C2
:10523000636A6BB1484600F043FF0028F2D000F0EB
:10524000D1FF08F1FF33DBB24FFA83F8002BEFD127
:10525000FF2384F8453001F0B9FA01F0ADFA94F873
:1052600044304FFA83F8B8F1000F1ADD2369C3B157
:1052700004F1100907E008F1FF33DBB24FFA83F8BD
:105280007BB123696BB1484600F01AFF0028F2D0C9
:1052900000F0A8FF08F1FF33DBB24FFA83F8002BD0
:1052A000EFD1FF2384F8443001F090FA00F0DAFCEB
:1052B00001F082FAA36B002B00F08A8001F086FADD
:1052C00001F07AFAA36B4FF00108002B3FF40DAF09
:1052D0002268013BA363002A00F09E802369002B13
:1052E00040F0898001F072FA0126304605B0BDE831
:1052F000F08302A800F032FFFFE601F067FA01F048
:105300005BFA94F845304FFA83F8B8F1000F1ADDD4
:10531000636AC3B104F1240907E008F1FF33DBB28B
:105320004FFA83F87BB1636A6BB1484600F0C8FE60
:105330000028F2D000F056FF08F1FF33DBB24FFA3D
:1053400083F8002BEFD1FF2384F8453001F03EFABB
:1053500001F032FA94F844304FFA83F8B8F1000FB4
:105360001ADD2369C3B104F1100907E008F1FF3326
:10537000DBB24FFA83F87BB123696BB1484600F08A
:105380009FFE0028F2D000F02DFF08F1FF33DBB2C2
:105390004FFA83F8002BEFD1FF2384F8443001F05B
:1053A00015FA00F05FFC8BE700ED00E0009301F0E0
:1053B0000DFA009B1E46304605B0BDE8F08301F0B3
:1053C000FBF9606800F03EFF064601F0FFF9BAE61F
:1053D00001F0FCF9002E88D001F0EEF9616A19B1F4
:1053E000236B1968C1F10501606800F099FF002680
:1053F00001F0ECF979E704F1100000F061FE0028FB
:105400003FF470AF064B4FF080525A6040BFBFF37D
:105410004F8FBFF36F8F65E700F0B8FF60605DE707
:1054200000ED00E010B5044601F0C6F9A46B01F0F0
:10543000CDF9204610BD00BF104B5A68904208D0ED
:10544000DA68904208BF012204D090F8463093B148
:1054500070470022002110B403EBC20443F832105D
:1054600090F84630616013B15DF8044B70475DF809
:10547000044BFFF78FB9FFF78DB900BF2C850020D3
:10548000074B1A681AB19A6802B17047012210B42A
:1054900003EBC20443F8321060605DF8044B7047C0
:1054A0002C85002070B505460C46164601F084F99F
:1054B00095F84430FF2B04BF002385F8443095F85D
:1054C0004530FF2B04BF002385F8453001F07EF9FD
:1054D000AB6B2BB93246214605F1240000F0B0FD3C
:1054E00001F06AF995F8454064B2002C16DD6B6A4C
:1054F000A3B105F1240605E0013CE3B25CB26BB157
:105500006B6A5BB1304600F0DBFD0028F4D0013C53
:1055100000F068FEE3B25CB2002BF1D1FF2385F806
:10552000453001F053F901F047F995F8444064B271
:10553000002C16DD2B69A3B105F1100605E0013C36
:10554000E3B25CB26BB12B695BB1304600F0B8FDE1
:105550000028F4D0013C00F045FEE3B25CB2002B21
:10556000F1D1FF2385F84430BDE8704001F02EB939
:105570002DE9F041044601F01FF9344A344D136817
:10558000013313602B68002B2FD0324EE36A326850
:105590002AB33148314907680A689F4238BF03601F
:1055A0002F48013203EB83030A6000EB8300E263C0
:1055B000211D02F093FB01F009F933686BB12A68F1
:1055C000E36AD26A9A4208D2264B4FF080525A6060
:1055D00040BFBFF34F8FBFF36F8FBDE8F0812A68E4
:1055E000D26A9A4298BF2C60D3E72C601368012BD3
:1055F00002D0E36A174ECCE71948DFF894801A4FBF
:10560000144E02F05BFB194802F058FB184802F0F8
:1056100055FB184802F052FB174802F04FFB40467A
:1056200002F04CFB384602F049FB144802F046FBFE
:10563000134802F043FB134802F040FB124B134A9D
:10564000C2F800801F60E36AA3E700BF0C7B002064
:105650009C7A00206C7B0020207B00201C7B00209B
:10566000A87A002000ED00E0387B0020BC7A002002
:10567000D07A0020E47A0020F87A0020587B0020BD
:10568000847B0020707B0020A47A0020A07A002078
:10569000247B00202DE9F843DDE90964002C60D06B
:1056A00016B93046BDE8F8830D46970098460223A8
:1056B0003A4684F85130814626633046A52103F0EE
:1056C000E5FA2A78236B84F83420043F2A781F44B3
:1056D00027F0070702B36B7884F835306B78DBB1BD
:1056E000AB7884F83630AB78B3B1EB7884F83730E8
:1056F000EB788BB12B7984F838302B7963B16B79E7
:1057000084F839306B793BB1AB7984F83A30AB79B6
:1057100013B1EB7984F83B30089D042D28BF042594
:105720000026E5626564201D84F83B60A66402F0F3
:10573000D1FAC5F1050504F1180002F0CBFAE664D0
:1057400042464946A561246184F850606462384647
:1057500000F0F6FF20602046FFF70AFF2046BDE874
:10576000F8832046BDE8F8832DE9F047960080468F
:1057700030460D469946099FFEF7FAFF002869D08A
:1057800082465420FEF7F4FF044600285BD0002335
:10579000C0F830A03246504684F85130A52103F0BD
:1057A00075FA2A78236B84F83420043E2A781E4444
:1057B00026F0070A02B36B7884F835306B78DBB1DA
:1057C000AB7884F83630AB78B3B1EB7884F8373007
:1057D000EB788BB12B7984F838302B7963B16B7906
:1057E00084F839306B793BB1AB7984F83A30AB79D6
:1057F00013B1EB7984F83B30089D042D28BF0425B4
:105800000026E5626564201D84F83B60A66402F012
:1058100061FAC5F1050504F1180002F05BFAE664CF
:10582000A561246184F8506064624A46414650464E
:1058300000F086FF206007B13C602046FFF798FE2D
:105840000120BDE8F0875046FEF7A4FF4FF0FF307F
:10585000BDE8F0874FF0FF30F3E700BF70B50446B6
:105860004C4E00F0A9FF002C39D0251D284602F02F
:105870005FFAA36A1BB104F1180002F059FA294635
:105880004548464D02F02AFA94F85030012B04BFE7
:10589000002384F8503000F099FF2B6893B93368E7
:1058A000A34200D070BD2B68DBB93B493C4A096874
:1058B0001268914226D03B4B1B682BB33A4B012216
:1058C0001A6070BD00F078FF384B1A68126892B900
:1058D000374B4FF0FF321A6000F078FFDFE7346893
:1058E000C3E7344B4FF080525A6040BFBFF34F8F35
:1058F000BFF36F8F70BD1A682D4BD268D2685268A3
:105900001A60E9E7336070BD274A13603268336874
:1059100012681B6B9A4236D9274C2849226893009B
:10592000981880000858E0B9551EAB00581980003F
:10593000085830BB951EAB0058198000085800BBB2
:10594000D51EAB00581980000858D0B9151FAB0000
:10595000581980000858A0B9053A9300981880009B
:10596000085813449B00CD18083368684068686085
:105970000B44984204BF40686860C368336022608B
:1059800070BD2A46EDE730683168343101F05EFEC3
:10599000C2E700BF9C7A0020707B00206C7B002057
:1059A0000C7B0020187B00209C7B0020A07A00202C
:1059B000507B002000ED00E0207B0020A87A002032
:1059C00080B170B51B4D2B6883420AD0044600F0AD
:1059D000F3FE194B62699A4205D0BDE8704000F0B1
:1059E000F5BE70BD7047A36A144A9342F5D0002BF0
:1059F000F3D1261D304602F09BF9114AE36A116883
:105A000010488B4288BF136003EB830300EB8300D5
:105A1000314602F063F92B68E26ADB6A9A42DCD312
:105A2000094B4FF080525A6040BFBFF34F8FBFF316
:105A30006F8FD2E79C7A0020707B0020587B00207B
:105A4000207B0020A87A002000ED00E070B584B033
:105A5000002503AA02A901A8CDE9015501F0FAFD2C
:105A6000019C002C46D00298002843D0039E20635E
:105A70000223B600A521324684F8513003F006F91E
:105A8000236B1F4A6263201D84F83850043E84F85B
:105A90003B50E562C4E911551E4402F01BF904F1C4
:105AA000180002F017F926F007060523A3612A461D
:105AB0001449E56430462461646284F8505000F073
:105AC0003FFE20602046FFF753FD0F4B1C6000F0A7
:105AD000DBFD012811D1402383F311880B490C4AC7
:105AE0000C4B4FF0FF340C6010601D6000F03EFE68
:105AF00004B070BD044B00221A6004B070BD00BF3A
:105B000049444C45F55D03004C7B0020507B002050
:105B10006C7B0020987B0020024A136801331360DD
:105B2000704700BF187B0020014B1868704700BF0A
:105B3000987B0020024A136818441060704700BF29
:105B4000987B00202DE9F04F3B4B1B6883B0002B66
:105B500042D13A4B1F6801371F60002F4AD0384BA3
:105B600001931B68BB423BD8364EDFF8EC80DFF870
:105B7000ECA0DFF8EC90002525E03368DB68DC68FA
:105B8000636804F1040B9F42584651D302F0D0F8E9
:105B9000A36A04F118000BB102F0CAF8E36AD8F85E
:105BA000002003EB8300934259460AEB800088BF34
:105BB000C8F8003002F092F8D9F80030E26ADB6AE7
:105BC0009A4228BF012533681B68002BD5D1019A62
:105BD0004FF0FF33136004E01B4A13680133136076
:105BE00000251A4B1B68002B0CBF2846012003B070
:105BF000BDE8F08F134E164B3168164A18683060B6
:105C0000196013680133136033681B683BB90C4B90
:105C100001931A464FF0FF3313601346A1E7336830
:105C2000074ADB680192DB685B681360134698E7FC
:105C3000019A1360D5E700BF187B0020987B0020F5
:105C4000507B0020A07A0020147B00209C7B002049
:105C5000A47A0020547B0020207B0020A87A00201A
:105C60009C7A00202DE9F04700F0A6FD354B1A681C
:105C7000013A1A601C68002C57D1334B1B68002B6B
:105C800053D0DFF8E0A0314E314FDFF8DC90DFF881
:105C9000DC80336813B3F368DC68251D04F1180059
:105CA00002F046F8284602F043F8E36A3A6803EB4C
:105CB00083009342294609EB800088BF3B6002F0D5
:105CC0000DF8D8F80030E26ADB6A9A424FF001031F
:105CD000DFD3CAF800303368002BDCD13CB11D4B58
:105CE0001A6812683ABB1C4B4FF0FF321A601B4D0A
:105CF0002C6844B10126FFF725FF08B1CAF80060FF
:105D0000013CF8D12C60DAF8003073B1144B4FF03D
:105D100080525A6040BFBFF34F8FBFF36F8F012493
:105D200000F054FD2046BDE8F087002400F04EFD51
:105D30002046BDE8F0871A68074BD268D2685268DF
:105D40001A60D4E7187B00200C7B0020587B0020D1
:105D5000207B0020A07A0020507B0020147B0020B4
:105D600000ED00E09C7B0020A87A00209C7A0020B7
:105D700070B548B9184B4FF080525A6040BFBFF31E
:105D80004F8FBFF36F8F70BD144A15491368154EBE
:105D9000013313600D6804463068043001F0C8FF19
:105DA000336864195C600FD20F4B18683168043196
:105DB00001F0A4FF0D4B1A68944238BF1C60FFF736
:105DC00051FF0028D6D070BD094B186831680431E6
:105DD00001F094FFF3E700BF00ED00E0187B002026
:105DE000987B00209C7A0020A07A0020507B002025
:105DF000A47A00202DE9F84F3C4E3D4D3D4CDFF894
:105E00000891DFF80881DFF808B14FF0805A236865
:105E1000D3B100F0D1FCF368DF68381D01F088FFD2
:105E20002B68013B2B602368013B236000F0CEFC14
:105E300097F85130002B37D0012BE8D13846FEF7C8
:105E4000A9FC2368002BE4D12B4B1B68012B06D93E
:105E5000CBF804A040BFBFF34F8FBFF36F8F00F0AC
:105E600041FED9F8003033BBD8F80030DB6A002B94
:105E7000CDD1214B1B68012BC9D8204B204A1B6870
:105E800012689B1A012BC2D91E4A13680133136092
:105E9000D9F80030BBB1D8F80030DB6A0BB9164B2B
:105EA0001B68FFF7DFFEB2E7386BFEF773FC38467E
:105EB000FEF770FCABE7D8F80030DB6A002BA6D108
:105EC0000D4B1B68A3E7D8F80030DB6A002BE8D144
:105ED000094B1B68012BE4D8084B1868084B1B685A
:105EE000C01A0128DDD900F0DDFCDAE7847B002050
:105EF0000C7B0020107B0020A87A0020507B002023
:105F0000987B0020187B0020207B00209C7A0020BA
:105F100000ED00E0274B1B68002B40D1264A70B5EE
:105F2000264C13602268236812681B6B9A423AD988
:105F3000234D24492A689300981880000858E0B936
:105F4000561EB30098198000085830BB961EB30047
:105F500098198000085800BBD61EB300981980001D
:105F60000858D0B9161FB300981980000858A0B976
:105F7000053A930098188000085813449B00CE18E7
:105F800008337068406870600B44984204BF4068F2
:105F90007060C36823602A6070BD3246EDE7064B2F
:105FA00001221A60704720682168343101F04EFBED
:105FB000BEE700BF187B00209C7B00209C7A00205D
:105FC000207B0020A87A002070B5174D2B680C4666
:105FD00003F1180101F092FE144B1E68286804308A
:105FE00001F0A6FE631C17D02B68A4195C600BD2CD
:105FF0000F4B18682968043101F080FE0D4B1A68B8
:10600000944238BF1C6070BD0B4B18682968BDE80E
:106010007040043101F072BE296808480431BDE8BF
:10602000704001F05BBE00BF9C7A0020987B00208E
:10603000A07A0020507B0020A47A0020707B0020F2
:1060400070B5194D2B680C46164603F1180101F086
:1060500045FE164B5EB11B682868043001F068FEEF
:10606000296813480431BDE8704001F037BE1E684E
:106070002868043001F05CFE2B68A4195C600BD228
:106080000C4B18682968043101F038FE0A4B1A6875
:10609000944238BF1C6070BD084B18682968BDE881
:1060A0007040043101F02ABE9C7A0020987B0020C9
:1060B000707B0020A07A0020507B0020A47A002072
:1060C00038B5C368DC6804F11805284601F030FED5
:1060D0001A4B1B682BBB251D284601F029FE184AC8
:1060E000E36A116817488B4288BF136003EB830390
:1060F000294600EB830001F0F1FD134BE26A1B68B7
:10610000DB6A9A4282BF114B01201860104B1A685B
:10611000126898BF00204AB90E4B4FF0FF321A6048
:1061200038BD29460C4801F0D9FDE6E71A68094B4D
:10613000D268D26852681A6038BD00BF187B002050
:10614000207B0020A87A00209C7A00209C7B0020E5
:10615000A07A0020507B0020587B0020034A044B8B
:1061600012681B68C0E90023704700BF547B002001
:10617000987B0020F8B50D46044600F01DFB2B6807
:106180001649581C0A6813D0DFF854C0D4E90060DF
:10619000DCF80070BE4201D090421AD9121A934224
:1061A0000BD800232B60012500F010FB2846F8BD1A
:1061B000002500F00BFB2846F8BDDCF800009B1A18
:1061C0000A682B60C4E90002002500F0FFFA2846A7
:1061D000F8BD012500F0FAFA2846F8BD987B0020AA
:1061E000547B0020014B01221A6070479C7B0020E9
:1061F000084B186860B9084B1B6853B9074A084B2D
:1062000010681B68013B984214BF012002207047B0
:1062100000207047587B00209C7B0020707B002072
:106220000C7B0020054B1B6833B1054B1B68002B12
:106230000CBF022000207047012070476C7B0020BB
:10624000187B002018B3F8B51C4CC36A2268D26AC8
:10625000934214D28269002A04DB2268D26AC2F116
:1062600005028261164D426903EB830305EB83034C
:106270009A420DD02368DB6AC3620120F8BD23680F
:10628000406CDB6A98422CBF00200120F8BD7047AB
:10629000061D0746304601F04BFD2268094BD06AC7
:1062A0001A68F862904200D9186000EB800005EB94
:1062B0008000314601F012FD0120F8BD9C7A0020DB
:1062C000A87A0020207B002050B138B5C16A836CC9
:1062D000426C013B9142836400D01BB1002038BD69
:1062E00000207047051D0446284601F021FD0A4A9A
:1062F000636C1168E362C3F105008B42A06107483B
:1063000088BF136003EB830300EB8300294601F091
:10631000E5FC012038BD00BF207B0020A87A0020CA
:1063200048B1426CC36A914238BF11468B4202D0D9
:10633000826C012A00D07047826970B5114DC1622C
:10634000002A03EB83034269A8BFC1F1050105EBF5
:106350008303A8BF81619A4200D070BD061D044628
:10636000304601F0E5FC084BE06A1A68904288BFAD
:10637000186000EB800005EB80003146BDE87040FE
:1063800001F0ACBCA87A0020207B0020044B1A68E6
:106390001AB119688A6C01328A641868704700BFA4
:1063A0009C7A00202DE9F04FAD4EDFF8C482AD4D50
:1063B00089B033681C68002C00F08E80DB681C6894
:1063C000FFF7AAFBFFF7B0FBD8F80030984207466A
:1063D0005DD38442C8F8000040F20B810022E11B2B
:1063E0002868FFF75FF8FFF73DFC88B99E4A4FF039
:1063F0008053536040BFBFF34F8FBFF36F8F07E0F1
:10640000019B039920469847009B002B80F238811E
:10641000286800226946FEF7C7FC0028C9D0009B07
:10642000029C002BECDB636913B1201D01F080FCA2
:10643000FFF77AFBD8F800309842814643D3009B9F
:10644000C8F80090092BE3D8012202FA03F313F4F1
:10645000047F69D113F0C70F40F0A1809B06D7D508
:1064600094F82C30002BD3D12046FEF793F9CFE7D8
:10647000DB68DC68D3F800A004F10409484601F0A9
:1064800057FC636A20469847E369012B36D033688E
:106490001A68002AECD17549C8F800700A683260A1
:1064A0000B60FFF7DFFBB3E7DB68DF68D3F800B012
:1064B00007F1040A504601F03BFC7B6A38469847D6
:1064C000FB69012B25D033681A68002AECD1674993
:1064D0000A6832600B60B2E7FFF71EFBFFF724FB90
:1064E000D8F8003083420746D1D8604BC8F8007016
:1064F0001B681A68B2FA82F2520970E7A369534422
:106500009A45494622D263602461306801F0F6FB67
:10651000BDE7BB695B449B45514627D27B603F6129
:10652000306801F0EBFBCEE7019B246103EB09022D
:106530004A45A36162602CD8002B3FF469AF4B4BF6
:10654000211D186801F0DAFB286862E72B68002B30
:106550009DD00023CDE9043A0694FFF763FE0023A3
:106560001A4604A92868FEF795F990E72B68002BD6
:10657000A9D00023CDE9043B0697FFF753FE002383
:106580001A4604A92868FEF785F99CE74B4500D90F
:1065900098B13068211D01F0B1FB286839E7019BF3
:1065A000A269246199182CBF01200020494561602F
:1065B000ECD8A9EB03039A42C1D8636A20469847F6
:1065C000E369012B7FF424AF019BA269286813447F
:1065D00000283FF41EAF0022CDE904230694FFF704
:1065E00021FE00231A4604A92868FEF753F92868FB
:1065F0000FE7FFF737FB3368DB68D3F80C9009F13E
:10660000040A504601F094FBD9F81C30012B04D049
:10661000D9F8243048469847FAE6D9F81830C9F82E
:106620001090E218BA42C9F8042004D951463068E3
:1066300001F064FBECE73F1BBB421BD82B68002B2F
:10664000E6D00023CDE90434CDF81890FFF7EAFD39
:1066500000231A4604A92868FEF71CF9D8E700BFF2
:10666000A07B0020247E002000ED00E0A47B002021
:10667000D07D0020034B5146186801F03FFBC7E76F
:10668000029CD0E6A47B0020F0B5204C89B000F03D
:1066900093F82568FDB100F099F82068C8B100248E
:1066A00007AA06A905A8CDE9054400F0E1FFDDE948
:1066B00005300221CDE90010079A029314491548CC
:1066C0002346FEF7E7FF144A0346001B18BF0120CC
:1066D000136009B0F0BD114F114E384601F0EEFACB
:1066E000304601F0EBFA0F4A0F4900950F4B176047
:1066F0000E600F4A10212020FEF75AF82060002873
:10670000C9D00C49FEF7BCFEC5E700BF247E0020BF
:10671000BCC10300A5630300287E0020A87D0020E3
:10672000BC7D0020A07B0020A47B0020D47D002025
:10673000A87B0020B4C10300402383F31188FEE747
:1067400030B46FF002034FF08075074C40F8045CE2
:1067500040F80C4C40F8081C40F8202C40F8243C31
:1067600030BC4438704700BF396703000F4C08B590
:10677000E02384F8223000F077F80D4B0D4A002119
:106780001960D4F8883043F47003C4F88830536833
:1067900043F040435360236943F01003236100F04A
:1067A0004FF9402383F31188FEE700BF00ED00E0BE
:1067B0002C7E002030EF00E0402383F31188024A52
:1067C00013680133136070472C7E0020034A13685E
:1067D000013B13600BB983F3118870472C7E0020B6
:1067E00041DF704712DF704770B51B4B00251D60FD
:1067F00082B01B680193019BEFF31186402383F362
:106800001188164A164BD2F804451D601B68009388
:10681000009BFFF789F9241A24F07F44012C0DD83E
:1068200044B1FFF78FF9054625B10E4B4FF080526A
:106830005A6040BF86F3118802B070BDFFF7F2FCCA
:106840000228EED1013CFFF77DF9013C631C45EACB
:106850000005F8D1E8E700BF4011014000100140F9
:106860000011014000ED00E00B4B0C4930B41F203B
:106870000B4DC3F8080501220224E020C3F80423CD
:106880002A601A60C3F8444381F811034FF40033BF
:106890000B6030BC704700BF0010014000E100E019
:1068A000081001402DE9F041804684B0EFF31082DA
:1068B00072B6584CA36883B9574B58480121A16060
:1068C000D3F8801001402160C3F88000D3F8841011
:1068D00061604FF0FF31C3F8841002B962B6504EC8
:1068E000D6F80475FFF784FC00283DD04D4A4E4988
:1068F000424528BF4246BB1823F07F4301200025B4
:10690000C6F80803C6F840350D600B6801934FF4D4
:1069100080330199C6F80433BFF34F8FB8F1000FED
:1069200054D13F4B404D41494FF48030C3F80803E8
:10693000002028602D680395039D08600968029176
:1069400001210298C3F80413D3F804353249DB1B44
:1069500023F07F45954228BF15464FF40033012DA3
:10696000C1F8803111D827D0A3685BB1EFF3108351
:1069700072B6294A21681160616851600022A260E4
:1069800003B962B604B0BDE8F081681EFFF7D2F823
:10699000274BDB68DA010FD5264A1368DB070BD5D6
:1069A000254B516803FB05F5A5F57425A5F5107574
:1069B000AD0A01EB85155560FFF7C4F80028D3D068
:1069C0001E4B4FF080525A6040BFCDE7F1EE103AB7
:1069D00023F09F03E1EE103AF1EE103A0E4B04A8BB
:1069E0004FF480614026C3F88461C3F8841100F835
:1069F000045DFFF7F7FE9DF80C1039B920BFD3F8FE
:106A00000001D3F804110143F8D08AE7FFF7E8FE4C
:106A100087E700BF4085002000E100E0FC06FFBDE5
:106A200000100140FDFFFF00401101400011014036
:106A3000F0ED00E0001000E040420F0000ED00E04B
:106A40000748006880F3088862B661B6BFF34F8FCD
:106A5000BFF36F8F4FF0E00080F3118800DF00BFBD
:106A600000600200064B19680868B0E8F04F80F338
:106A70000988BFF36F8F4FF0000080F311887047D3
:106A80009C7A0020EFF30980BFF36F8F144B1A68D4
:106A90001EF0100F08BF20ED108A20E9F04F1060A3
:106AA0004DF8043D4FF0400080F31188BFF34F8F45
:106AB000BFF36F8FFFF72EFA4FF0000080F31188BD
:106AC00008BC19680868B0E8F04F1EF0100F08BF46
:106AD000B0EC108A80F30988BFF36F8F704700BF56
:106AE0009C7A0020704700BF0A490B4A0B4B9B1A47
:106AF00003DD043BC858D050FBDC094809494FF07E
:106B0000AD32026004300439FBD100F053FCEFF7E2
:106B10009FFB0000E0C40300006000208C630020A5
:106B200000F8032000080000FEE7FEE7FEE7FEE7AE
:106B3000FEE7FEE7FEE7FEE7FEE7FEE708B500201A
:106B4000EFF7C0FBF6F7A8F80E4B43B10E4B7BB145
:106B5000F6F728FA00F06AFDAFF30080F8E7F6F7E1
:106B600021FA00F063FDF6F71DFA00F05FFDF6E78D
:106B7000F6F718FA00F05AFDF6F714FA00F056FD91
:106B8000F6E700BF000000000000000000B583B081
:106B900000F0B8FEFDF760F80E4B019301234FF4AF
:106BA00080620D4900930D480023FEF7DDFD4FF490
:106BB000407000F05BFEFEF749FFBFF34F8F0849BE
:106BC000084BCA6802F4E0621343CB60BFF34F8FF7
:106BD00000BFFDE7307E0020C4C103003D6B030011
:106BE00000ED00E00400FA0538B507480C461546EC
:106BF000EFF7F2FC00B938BD2A4621460248BDE84D
:106C00003840EFF7C1BB00BFA8630020FDF780BD8F
:106C1000FDF77EBDFDF796BD084A094908B5136822
:106C20001844884202D81060184608BD01F098FF49
:106C30000C2303604FF0FF33184608BD7C61002031
:106C400000F80320114B1A78EAB90178104810B403
:106C50000A464FF0804402F00102C1F34001C4F83B
:106C60008015C4F878250268D20706D4E0210122F5
:106C700080F80013C0F880210260012205481A70D4
:106C80005DF8044B70470448704700BF3C85002006
:106C900000E100E00000AD0B0C00AD0B0268074BFB
:106CA0004FF0804010B400214FF46074C0F80843E6
:106CB000196002B11A605DF8044B70473C7E0020F9
:106CC0004FF080434FF46072C3F80423704700BF55
:106CD00010B54FF0804386B0D3F80443620705D562
:106CE000D3F8082103F58473002A4ED1A30603D5F7
:106CF0002A4B1A68002A3FD1600603D5284B1A6830
:106D0000002A2FD1210602D5264B1A680ABBE205BC
:106D100002D5254B1A6892B9A3050ED5234B1A68E4
:106D20005AB100221A601A68214B0592059A1B6815
:106D3000022006B0BDE81040184706B010BD002282
:106D40001A601B4A1B68049301201368049A984731
:106D5000E2E700201860164A1B6803931368039A41
:106D60009847D4E700221A60124A1B680293012058
:106D70001368029A9847C5E7002018600D4A1B68FF
:106D800001931368019A9847B6E700221A600A4AED
:106D90001B6800931368009A9847A7E71401004006
:106DA000180100401C010040200100402401004067
:106DB0003C7E0020387E0020347E00202DE9F04FFC
:106DC00004799D4DE6003719BF0005EB070E83B02F
:106DD0009EF81CC0BCF1000F40F0E58091F80CC09B
:106DE0000068EA51CEF80430BCF1010F0B7840F294
:106DF000DE801F2B87BF03F01F08DFF840E29846B4
:106E00004FF0A04E012707FA08F7CEF808751F2BA0
:106E10008BBF03F01F071F46DFF820E24FF0A04EA4
:106E200007F5E0774FF001084EF827804F78FF2FE5
:106E300000F0E9801F2F8ABF07F01F09B946DFF86D
:106E4000FC81009798BF4FF0A04809F5E07A4FF019
:106E5000010E0EFA09FE4FF00309C8F80CE548F8D8
:106E60002A9091F802E0BEF1FF0F00F0D580BEF14C
:106E70001F0F91F80EA088BFDFF8C0B1CDF804E075
:106E80008EBF0EF01F08F0464FF0A04B08F5E078DB
:106E90004FEA8A0A4BF828A006EB040805EB88089D
:106EA00088F820E091F803E088F81FE0BEF1FF0FBA
:106EB0002AD091F80490F046B9F1000F40F0868096
:106EC000BEF11F0F87BF0EF01F0B5C4FF3464FF054
:106ED000A0474FF0010A0AFA0BFAC7F808A5BEF15D
:106EE0001F0F86BF0EF01F08DFF850A14FF0A04A19
:106EF00008F5E07806EB040E4FF0030B05EB8E0E61
:106F00004AF828B08EF81E9091F80DE0C0F80835C8
:106F1000009BD1F80880C0F80C351EF1000318BFA3
:106F20000123019FC0F81075BCF1020FC0F8248541
:106F30007FD0BCF1030F79D0BCF1010F56D0C0F85F
:106F400054358B79C0F8C035002A58D04022072329
:106F5000C0F80423C0F800354A79000B43B252014F
:106F6000002BD1B2C0B25BDB5A09920002F1604241
:106F700003F16043012702F5614203F5614300F02C
:106F80001F0007FA00F083F80013C2F880011060B8
:106F9000344405EB84052A48002201236A772B77C5
:106FA00003B0BDE8F08F274803B0BDE8F08F1F2B7A
:106FB00087BF03F01F08DFF884E098464FF0A04E2B
:106FC000012707FA08F7CEF80C7520E7BEF11F0F6E
:106FD00087BF0EF01F0B194FF3464FF0A0474FF03D
:106FE000010A0AFA0BFAC7F80CA578E743F0020386
:106FF000C0F854358B79C0F8C035002AA6D10723D4
:10700000C0F80035C4E791F802E04FF0FF37BEF159
:10701000FF0F00977FF42BAF4FF0FF3701973BE74F
:10702000094B00F00F0003441976B1E743F0060363
:1070300085E743F0040382E7407E00200003005010
:107040000000AD0B0500AD0BFCEC00E0F0B40479E2
:10705000294A0368E1000D19AD005659EEB11F0B26
:107060007EB2002E11DB760920360123DFF89CC0AA
:1070700007F01F0703FA07F74CF82670BFF34F8F8E
:10708000BFF36F8F555903683DB1081902EB8000BB
:107090001A4DC3F80853407F10BB081902EB80005B
:1070A00090F82000FF280BD01F288ABF00F01F0097
:1070B0004FF0A045124D00F5E070022645F8206023
:1070C000104800258342C3F8005502D10E4B012021
:1070D0001860214402EB810200231377F0BC704753
:1070E00001205861D3F804010028FBD0081902EBF5
:1070F000800000254577D0E7407E0020520108003F
:107100000003005000F0024004F0024000E100E003
:107110002DE9F04F0479644F4FEAC40C0CEB0403E3
:107120009B008646F8180E46417F83B0002940F048
:10713000918057F803909046B9F1000F04D012F0F7
:10714000140F04BF012343770CEB040507EB8505FF
:1071500096E80F0095F81FA005F10C0BBAF1FF0F90
:107160008BE80F0010D0AA7F5346002A76D0BAF1E0
:107170001F0F86BF0AF01F034C494FF0A0410122A8
:1071800002FA03F3C1F8083532686AB102F06043CD
:10719000B3F1005F08D0644407EB84070023444840
:1071A0007B7703B0BDE8F08FB16821B101F0604397
:1071B000B3F1005FEFD1DEF800307568F068C3F816
:1071C00044250022C3F84855C3F83415C3F83805E0
:1071D000C3F81821D3F818210192019A18F001027E
:1071E00018BF0122C3F8502518F0020218BF01226F
:1071F00018F0080FC3F8402504BF01221A61B9F145
:10720000000F0BD02B48402218F0040F14BFC3F816
:107210000823C3F8042303B0BDE8F08FD3F8182186
:10722000002AFBD0BAF1FF0F2CD0644407EB84078F
:10723000BB7F4BB3BAF11F0F84BF0AF01F0A1B4A72
:107240001C4898BF4FF0A042012303FA0AF3C2F88A
:107250000C35A6E7184803B0BDE8F08FBAF11F0F50
:107260004FF0010288BF0AF01F0302FA03F388BF40
:107270000E49326898BF4FF0A041C1F80C35002A82
:1072800084D191E70B488CE7BAF11F0F84BF0AF055
:107290001F0A064A074898BF4FF0A042012303FA8D
:1072A0000AF3C2F808357CE7407E00200003005056
:1072B0000A00AD0B0000AD0B0B00AD0B194BD3F862
:1072C000182102B970470021174AC3F81811D3F8E2
:1072D0001811D37F82B0FF2B019101990DD0917FBE
:1072E00099B11F2B86BF03F01F0310484FF0A04039
:1072F000012101FA03F3C0F80C3500235377137210
:10730000D2E900310A4802B018471F2B86BF03F0AC
:107310001F0306484FF0A040012101FA03F3C0F813
:107320000835EAE700300240407E002000030050AC
:10733000487E00201B4BD3F8182102B9704700216A
:10734000194AC3F81811D3F8181192F8433082B0D3
:10735000FF2B019101990ED092F84210A9B11F2B79
:1073600086BF03F01F0311484FF0A040012101FA2E
:1073700003F3C0F80C35002382F8413082F82C303A
:10738000D2E909310A4802B018471F2B86BF03F023
:107390001F0306484FF0A040012101FA03F3C0F893
:1073A0000835E8E700F00240407E0020000300506E
:1073B0006C7E0020604B1B6830B45C1C37D05F4A89
:1073C000082B126800F08F805B4B5C4A1B681268C8
:1073D000082B15D0591C23D0584A1268082B12D0FC
:1073E000574AD2F8883043F47003C2F88830BFF3AC
:1073F0004F8FBFF36F8F534B534A1A6030BC7047A7
:10740000002A00F08280032AEAD84FF08043D3F8A4
:107410000024D20744BF6FF00102C3F80024DFE765
:107420004A4A4B4B12681B78C2F30312D6E7484A0C
:10743000464B12781B68082AC3F3031301D1032BB0
:1074400053D9424A424B12681B78C2F30312082BED
:10745000BAD1032AB8D84FF080523E4BD2F8041468
:10746000C3F82015D2F80814C3F82415D2F80C1468
:10747000C3F82815D2F81014C3F82C15D2F8141438
:10748000C3F83015D2F81814C3F83415D2F81C1408
:10749000C3F84015D2F82014C3F84415D2F82414C8
:1074A000C3F84815D2F82814C3F84C15D2F82C1498
:1074B000C3F85015D2F83014C3F85415D2F8341468
:1074C000C3F86015D2F83814C3F86415D2F83C1428
:1074D000C3F86815D2F84014C3F86C15D2F84424E8
:1074E000C3F8702570E7032A0CD8134B1B684FF0C4
:1074F00080420021581CC2F80C11C2F81011C2F8C9
:1075000038159ED00D4A1268A1E7134C1349144D4B
:1075100025601448144AFB24C1F818450168126814
:10752000124C21F00F0102F00F020A434FF40071D8
:107530000260216050E700BF3001001034010010EC
:1075400000ED00E0806100200090D003E80F00F023
:10755000E00F00F000C000408C56004000F00040FA
:1075600048810300E40E004058020010409602409B
:1075700070B4284C284B2568284CA3FB05639B0C52
:1075800002FB03F254F82000254B1F28A3FB023214
:107590004FEA920234D80123002903FA00F114BF04
:1075A000084600204FF0A04401E0013A25D0D4F86D
:1075B00010350B408342F8D001E0013A1DD0D4F8D9
:1075C00010350B408342F8D1002002E001308242A6
:1075D00013D0D4F810650E40B342F7D070B1114A01
:1075E00043F2C823A2FB052503FB00F0AD0900F51B
:1075F0007A50B0FBF5F070BC7047002070BC70474B
:1076000020380123002903FA00F114BF08460020A6
:10761000054CCCE78061002083DE1B43E8C00300FB
:107620004FECC44ED34D62100003005008B5EEF786
:107630004FFE054B4FF080525A6040BFBFF34F8F53
:10764000BFF36F8F08BD00BF00ED00E0704700BFC3
:10765000704700BF044B036010B46423034C0C60FC
:1076600013605DF8044B7047887E0020DC7E0020AC
:10767000054B036010B44FF48073044C0C6013602E
:107680005DF8044B704700BF6C800020C080002074
:1076900070B51F4C84B04FF0FF3203A92068FDF78E
:1076A00083FB0028F7D00398037A4568052B0DD893
:1076B000DFE803F0272A221C1503D0E90361D0E993
:1076C0000523C06900903046A847039803681BB1A2
:1076D0001846FDF737F80398FDF734F8DBE7D0E9F3
:1076E0000523D0E90301A8470398EFE7D0E9041286
:1076F000C068A8470398E9E7D0E90301A8470398C1
:10770000E4E7A8470398E1E7C068A8470398DDE7E6
:10771000C48400202DE9F0432D4B2E4C5B6885B0CE
:10772000C3F30803019001AF2068002B44D000236D
:1077300039461A46FDF7BEFA01283AD0DFF898809C
:10774000D8F80000002240000421FDF761F8064649
:1077500078B3DFF88890D9F80000FEF77FF8FFF7DC
:107760002BF802E03046FDF795F8002203A92068C7
:10777000FDF71AFB00230546642203A90028F1D176
:107780002068FDF759FE2660FFF720F8D9F80000C1
:10779000FEF716F9D8F800300D4A20685B00C8F8EB
:1077A00000305368C3F30803394653B96422FDF728
:1077B00071F805B0BDE8F08339466422FDF76AF838
:1077C000BAE72B462A46FDF775FA05B0BDE8F08307
:1077D00000ED00E0C4840020C0840020C8840020A4
:1077E0002DE9F8439DF8205006460F4691469846ED
:1077F000CDB1A8000C30FCF78BFF044688B1002304
:10780000C0F804900572036006B177B92DB1AA00E3
:10781000414604F10C0001F015FA2046FFF77AFF0B
:107820000120BDE8F8831020E5E73846FCF770FF3B
:1078300081462060A0B13A46314601F003FA002D9E
:10784000EBD0691EC9B208EB8101A8F1040353F81B
:10785000042FB24208BFC3F800909942F7D1D6E78F
:107860002046FCF76FFF4846DBE700BF30B54023FA
:107870000B4D83B004460022184604212B60FCF710
:10788000C7FF084B084918600223CDE90031A2B2B6
:10789000002306490648FDF767FF03B030BD00BF6F
:1078A000C0840020C4840020C8840020CCC1030010
:1078B0009176030011DF704708B50446FFF7FAFF21
:1078C0000D4B4FF080414FF0FF32C3F88020C3F8DA
:1078D0008021C3F88420C3F88421C1F81C45BFF37C
:1078E0004F8F0649064BCA6802F4E0621343CB602F
:1078F000BFF34F8F00BFFDE700E100E000ED00E0C7
:107900000400FA054FF08043194AD3F800141948CF
:1079100030B41160D3F80054D3F80024164C174942
:107920002A43C3F80024D4F84025026001224FF412
:107930000030C3F818259A60C1F88000BFF34F8F5C
:10794000BFF36F8F0E4C03F588334FF0A0454FF413
:1079500080304FF0FF31C3F84803C3F808035A6082
:107960009A60C5F80815C4F8081530BC704700BF08
:10797000CC840020D084002000A0004000E100E082
:107980000003005008B54E20FFF796FF2F281BD8A4
:107990003C4B53F820301F2B86BF03F01F033A4A9D
:1079A0004FF0A0420E290FD8DFE801F0655F595370
:1079B0004D474039322B241D160F080003F5E073A4
:1079C00040F2037142F82310704703F5E07340F270
:1079D000036142F82310704703F5E07340F203514E
:1079E00042F82310704703F5E07340F2034142F878
:1079F0002310704703F5E07340F2033142F823107F
:107A0000704703F5E07340F2032142F823107047FA
:107A100003F5E07340F2031142F82310704703F5B9
:107A2000E0734FF4403142F82310704703F5E073E0
:107A30004FF4003142F82310704703F5E073134907
:107A400042F82310704703F5E073114942F8231000
:107A5000704703F5E073042142F82310704703F5E3
:107A6000E0730C2142F82310704703F5E073032103
:107A700042F82310704703F5E073002142F8231009
:107A8000704700BFE8C0030000030050040002007C
:107A90000C0003002F2811D80A4B53F820301F2B5D
:107AA00088BF03F01F034FF001028CBF06484FF060
:107AB000A04002FA03F311B1C0F808357047C0F8CE
:107AC0000C357047E8C00300000300502F2818D879
:107AD0000D4B53F820201F2A8ABF0C494FF0A041BC
:107AE00002F01F02D1F8140501239340034214BF92
:107AF000D1F80425D1F81025134214BF012000202D
:107B000070470020704700BFE8C00300000300502A
:107B10002F280DD8074B53F820201F2A86BF02F0CC
:107B20001F0205494FF0A04101239340C1F80835D9
:107B3000704700BFE8C003000003005030B401608C
:107B40000022BFF35B8F4260BFF35B8F01688260EE
:107B5000FF254FF0FF340582C2608274C1F864458E
:107B600030BC7047214B5B6809B90020704710B4E6
:107B7000BFF35B8F4368BFF35B8F994200F104044E
:107B800016D0BFF35B8F4368BFF35B8F83B9036885
:107B9000D3F86025D3F86405D2430028D3F86805EC
:107BA0004FEAD272A8BF0132002805DBD3F86C354A
:107BB00000205DF8044B7047D3F86C050028F7DA15
:107BC000002AF5D1D3F80035002BF1D1BFF35B8F3C
:107BD00054E8003F002B03D144E80012002AF7D1FB
:107BE000BFF35B8F0CBF01200020E2E700ED00E057
:107BF0001F4B5B6809B90020704710B4BFF35B8F5F
:107C00004368BFF35B8F8B4200F1040403D0002074
:107C10005DF8044B70470368D3F86025D3F864051A
:107C2000D2430028D3F868054FEAD272A8BF0132C8
:107C3000002802DBD3F86C35E9E7D3F86C0500289F
:107C4000E5DA002AE3D1D3F80035002BDFD1BFF30A
:107C50005B8F54E8003F8B4203D144E800200028AA
:107C6000F7D1BFF35B8F0CBF01200020D0E700BF2E
:107C700000ED00E008B509490948FFF75FFF094931
:107C80000948FFF75BFF09490948FFF757FF094912
:107C90000948BDE80840FFF751BF00BF00C00140E0
:107CA000D484002000100240E8840020002002401C
:107CB000FC84002000D002401085002000F1080361
:107CC0004FF0FF310022816002604360C0E903335E
:107CD000704700BF00230361704700BF436802681C
:107CE00010B49C688C609C684B6001326160996044
:107CF0005DF8044B08610260704700BF30B40D6846
:107D00006B1C11D000F1080200E01A4653681C6891
:107D1000AC42FAD904684B60013499608A605160C2
:107D20000861046030BC704702695368F2E700BF25
:107D300042688168036910B4916081685C684A6038
:107D40001A68844208BF5960013A002101611A6033
:107D500018685DF8044B70470B460146184600F062
:107D6000F1BE000010EE102A22F00041CB0D7F3B47
:107D7000162B1CDC002B10EE100A21DB19491941CF
:107D80000A421CD0DFED187A70EE277AF5EEC07A41
:107D9000F1EE10FA13DD002A04DD4FF4000242FA7E
:107DA00003F3184420EA010300EE103A7047B1F1E2
:107DB000FF4F04D330EE000A70479FED0C0A704766
:107DC000DFED097A70EE277AF5EEC07AF1EE10FA5F
:107DD000F5DD002AF1DB0029F7EE007A18BFB0EEDE
:107DE000670A7047FFFF7F00CAF2497100000080F8
:107DF00010EE102A22F00041CB0D7F3B162B1CDC2D
:107E0000002B10EE100A1EDB194919410A4227D037
:107E1000DFED187A70EE277AF5EEC07AF1EE10FAFF
:107E20001EDD002A04DA4FF4000242FA03F318447C
:107E300020EA010300EE103A7047B1F1FF4F0FD373
:107E400030EE000A7047DFED0B7A70EE277AF5EE20
:107E5000C07AF1EE10FA03DD002A02DB9FED060A7C
:107E600070470029FFEE007A18BFB0EE670A70472E
:107E7000FFFF7F00CAF249710000000081F000415D
:107E800002E000BF83F0004330B54FEA41044FEAFF
:107E9000430594EA050F08BF90EA020F1FBF54EA9A
:107EA000000C55EA020C7FEA645C7FEA655C00F036
:107EB000E2804FEA5454D4EB5555B8BF6D420CDD07
:107EC0002C4480EA020281EA030382EA000083EA8A
:107ED000010180EA020281EA0303362D88BF30BD2A
:107EE00011F0004F4FEA01314FF4801C4CEA113180
:107EF00002D0404261EB410113F0004F4FEA0333DF
:107F00004CEA133302D0524263EB430394EA050F69
:107F100000F0A780A4F10104D5F1200E0DDB02FAD8
:107F20000EFC22FA05F2801841F1000103FA0EF26C
:107F3000801843FA05F359410EE0A5F120050EF132
:107F4000200E012A03FA0EFC28BF4CF0020C43FA63
:107F500005F3C01851EBE37101F0004507D54FF070
:107F6000000EDCF1000C7EEB00006EEB0101B1F5C0
:107F7000801F1BD3B1F5001F0CD349085FEA300006
:107F80004FEA3C0C04F101044FEA445212F5800F11
:107F900080F09A80BCF1004F08BF5FEA500C50F1AE
:107FA000000041EB045141EA050130BD5FEA4C0C91
:107FB000404141EB010111F4801FA4F10104E9D11A
:107FC00091F0000F04BF01460020B1FA81F308BF11
:107FD0002033A3F10B03B3F120020CDA0C3208DDDD
:107FE00002F1140CC2F10C0201FA0CF021FA02F1B8
:107FF0000CE002F11402D8BFC2F1200C01FA02F128
:1080000020FA0CFCDCBF41EA0C019040E41AA2BF4C
:1080100001EB0451294330BD6FEA04041F3C1CDA14
:108020000C340EDC04F11404C4F1200220FA04F034
:1080300001FA02F340EA030021FA04F345EA0301DE
:1080400030BDC4F10C04C4F1200220FA02F001FAA0
:1080500004F340EA0300294630BD21FA04F0294622
:1080600030BD94F0000F83F4801306BF81F48011BB
:108070000134013D4EE77FEA645C18BF7FEA655C2E
:1080800029D094EA050F08BF90EA020F05D054EA00
:10809000000C04BF1946104630BD91EA030F1EBF05
:1080A0000021002030BD5FEA545C05D14000494109
:1080B00028BF41F0004130BD14F580043CBF01F5FC
:1080C000801130BD01F0004545F0FE4141F47001E2
:1080D0004FF0000030BD7FEA645C1ABF19461046BD
:1080E0007FEA655C1CBF0B46024650EA013406BFBE
:1080F00052EA033591EA030F41F4002130BD00BF7D
:1081000090F0000F04BF0021704730B54FF4806439
:1081100004F132044FF000054FF0000150E700BFBA
:1081200090F0000F04BF0021704730B54FF4806419
:1081300004F1320410F0004548BF40424FF0000106
:108140003EE700BF42004FEAE2014FEA31014FEA49
:1081500002701FBF12F07F4393F07F4F81F0605198
:10816000704732F07F4208BF704793F07F4F04BFE3
:1081700041F40021704730B54FF4607401F00045C0
:1081800021F000411CE700BF50EA010208BF704720
:1081900030B54FF000050AE050EA010208BF704711
:1081A00030B511F0004502D5404261EB41014FF47A
:1081B000806404F132045FEA915C3FF4D8AE4FF082
:1081C00003025FEADC0C18BF03325FEADC0C18BF65
:1081D000033202EBDC02C2F1200300FA03FC20FAB6
:1081E00002F001FA03FE40EA0E0021FA02F1144403
:1081F000BDE600BF70B54FF0FF0C4CF4E06C1CEA1C
:1082000011541DBF1CEA135594EA0C0F95EA0C0F8C
:1082100000F0DEF82C4481EA030621EA4C5123EAFF
:108220004C5350EA013518BF52EA033541F480112E
:1082300043F4801338D0A0FB02CE4FF00005E1FBE1
:1082400002E506F00042E0FB03E54FF00006E1FB2B
:1082500003569CF0000F18BF4EF0010EA4F1FF046E
:10826000B6F5007F64F5407404D25FEA4E0E6D41AE
:1082700046EB060642EAC62141EA55514FEAC520BF
:1082800040EA5E504FEACE2EB4F1FD0C88BFBCF53B
:10829000E06F1ED8BEF1004F08BF5FEA500E50F1EC
:1082A000000041EB045170BD06F0004646EA0101B2
:1082B00040EA020081EA0301B4EB5C04C2BFD4EBE4
:1082C0000C0541EA045170BD41F480114FF0000EDD
:1082D000013C00F3AB8014F1360FDEBF002001F04B
:1082E000004170BDC4F10004203C35DA0C341BDCC5
:1082F00004F11404C4F1200500FA05F320FA04F097
:1083000001FA05F240EA020001F0004221F00041CA
:1083100010EBD37021FA04F642EB06015EEA430E3D
:1083200008BF20EAD37070BDC4F10C04C4F120056D
:1083300000FA04F320FA05F001FA04F240EA020020
:1083400001F0004110EBD37041F100015EEA430EF1
:1083500008BF20EAD37070BDC4F1200500FA05F211
:108360004EEA020E20FA04F301FA05F243EA020390
:1083700021FA04F001F0004121FA04F220EA02009F
:1083800000EBD3705EEA430E08BF20EAD37070BDE5
:1083900094F0000F0FD101F00046400041EB0101C5
:1083A00011F4801F08BF013CF7D041EA060195F0A7
:1083B000000F18BF704703F00046520043EB030361
:1083C00013F4801F08BF013DF7D043EA060370474E
:1083D00094EA0C0F0CEA135518BF95EA0C0F0CD059
:1083E00050EA410618BF52EA4306D1D181EA03019F
:1083F00001F000414FF0000070BD50EA410606BF99
:108400001046194652EA430619D094EA0C0F02D1DD
:1084100050EA013613D195EA0C0F05D152EA033622
:108420001CBF104619460AD181EA030101F0004140
:1084300041F0FE4141F470014FF0000070BD41F089
:10844000FE4141F4780170BD70B54FF0FF0C4CF463
:10845000E06C1CEA11541DBF1CEA135594EA0C0F82
:1084600095EA0C0F00F0A7F8A4EB050481EA030ECF
:1084700052EA03354FEA013100F088804FEA0333B6
:108480004FF0805545EA131343EA12634FEA022284
:1084900045EA111545EA10654FEA00260EF0004145
:1084A0009D4208BF964244F1FD0404F5407402D297
:1084B0005B084FEA3202B61A65EB03055B084FEA28
:1084C00032024FF480104FF4002CB6EB020E75EB25
:1084D000030E22BFB61A754640EA0C005B084FEA4D
:1084E0003202B6EB020E75EB030E22BFB61A7546CA
:1084F00040EA5C005B084FEA3202B6EB020E75EB15
:10850000030E22BFB61A754640EA9C005B084FEA8C
:108510003202B6EB020E75EB030E22BFB61A754699
:1085200040EADC0055EA060E18D04FEA051545EA88
:1085300016754FEA06164FEAC30343EA52734FEA31
:10854000C2025FEA1C1CC0D111F4801F0BD141EAAA
:1085500000014FF000004FF0004CB6E711F4801F0F
:1085600004BF01430020B4F1FD0C88BFBCF5E06FEF
:108570003FF6AFAEB5EB030C04BFB6EB020C5FEAFF
:10858000500C50F1000041EB045170BD0EF0004E54
:108590004EEA113114EB5C04C2BFD4EB0C0541EA86
:1085A000045170BD41F480114FF0000E013C90E683
:1085B00045EA060E8DE60CEA135594EA0C0F08BF47
:1085C00095EA0C0F3FF43BAF94EA0C0F0AD150EA46
:1085D00001347FF434AF95EA0C0F7FF425AF1046D9
:1085E00019462CE795EA0C0F06D152EA03353FF401
:1085F000FDAE1046194622E750EA410618BF52EA7E
:1086000043067FF4C5AE50EA41047FF40DAF52EA51
:1086100043057FF4EBAE12E74FF0FF3C06E000BFEE
:108620004FF0010C02E000BF4FF0010C4DF804CDFB
:108630004FEA410C7FEA6C5C4FEA430C18BF7FEABB
:108640006C5C1BD001B050EA410C0CBF52EA430CE9
:1086500091EA030F02BF90EA020F0020704710F169
:10866000000F91EA030F58BF994208BF90422CBFF8
:10867000D8176FEAE37040F0010070474FEA410CF1
:108680007FEA6C5C02D150EA013C07D14FEA430C0F
:108690007FEA6C5CD6D152EA033CD3D05DF8040B80
:1086A000704700BF8446104662468C4619466346B2
:1086B00000E000BF01B5FFF7B7FF002848BF10F189
:1086C000000F01BD4DF808EDFFF7F4FF0CBF0120CE
:1086D00000205DF808FB00BF4DF808EDFFF7EAFF4A
:1086E00034BF012000205DF808FB00BF4DF808ED05
:1086F000FFF7E0FF94BF012000205DF808FB00BFFA
:108700004DF808EDFFF7CEFF94BF012000205DF883
:1087100008FB00BF4DF808EDFFF7C4FF34BF012090
:1087200000205DF808FB00BF4A0011D212F50012CC
:1087300011D20DD56FF47873B3EB62520ED44FEAB9
:10874000C12343F0004343EA505323FA02F0704739
:108750004FF00000704750EA013002D14FF0FF3077
:1087600070474FF0000070474FEA4102B2F1E0431A
:1087700024BFB3F5001CDCF1FE5C0DD901F0004C08
:108780004FEAC0024CEA5070B2F1004F40EB830058
:1087900008BF20F00100704711F0804F21D113F184
:1087A0003872BCBF01F00040704741F480114FEABD
:1087B0005252C2F11802C2F1200C10FA0CF320FA46
:1087C00002F018BF40F001004FEAC1234FEAD32363
:1087D00003FA0CFC40EA0C0023FA02F34FEA4303CD
:1087E000CCE77FEA625307D150EA01331EBF4FF056
:1087F000FE4040F44000704701F0004040F0FE4071
:1088000040F40000704700BF53B94AB9002908BFBF
:1088100000281CBF4FF0FF314FF0FF3000F072B95D
:10882000ADF1080C6DE904CE00F006F8DDF804E0C7
:10883000DDE9022304B070472DE9F047089E0446A5
:108840008846002B4BD18A42154667D9B2FA82F28C
:108850004AB1C2F1200701FA02F320FA07F7954066
:1088600047EA030894404FEA154E230CB8FBFEF785
:108870001FFA85FC0EFB178843EA084307FB0CF13F
:10888000994209D9EB1807F1FF3080F01B8199421A
:1088900040F21881023F2B445B1AA4B2B3FBFEF0F6
:1088A0000EFB103344EA034400FB0CFCA44509D939
:1088B0002C1900F1FF3380F00781A44540F20481B8
:1088C00002382C4440EA0740A4EB0C0400271EB1F8
:1088D000D4400023C6E900433946BDE8F0878B4207
:1088E00009D9002E00F0EB800027C6E900013846C8
:1088F0003946BDE8F087B3FA83F7002F47D18B42A2
:1089000002D3824200F2FA80841A61EB0303012051
:108910009846002EE0D0C6E90048DDE702B9FFDE48
:10892000B2FA82F2002A40F08F80491B4FEA154EBE
:108930001FFA85F80127B1FBFEFC230C0EFB1C116E
:1089400043EA014308FB0CF1994207D9EB180CF1FB
:10895000FF3002D2994200F2CD808446591AA3B268
:10896000B1FBFEF00EFB101443EA044408FB00F8D0
:10897000A04507D92C1900F1FF3302D2A04500F21F
:10898000B6801846A4EB080440EA0C409FE7C7F104
:10899000200CBB4022FA0CFE4EEA030E01FA07F44B
:1089A00020FA0CF521FA0CF34FEA1E482543B3FBDD
:1089B000F8F92C0C08FB19331FFA8EFA44EA03432A
:1089C00009FB0AF49C4202FA07F200FA07F10BD9FC
:1089D0001EEB030309F1FF3080F087809C4240F2D8
:1089E0008480A9F1020973441B1BADB2B3FBF8F0FC
:1089F00008FB103345EA034400FB0AFAA24508D9F4
:108A00001EEB040400F1FF336BD2A24569D9023892
:108A1000744440EA0940A0FB0289A4EB0A044C45D7
:108A2000C2464B4654D351D0002E69D0B1EB0A0553
:108A300064EB030404FA0CFCFD40FC404CEA050521
:108A4000C6E90054002747E7C2F1200320FA03F7E4
:108A5000954001FA02F021FA03F34FEA154E38432C
:108A6000010CB3FBFEF71FFA85F80EFB173341EA42
:108A7000034107FB08F38B4204FA02F407D9691893
:108A800007F1FF3C2FD28B422DD9023F2944CB1A4C
:108A900081B2B3FBFEF00EFB103341EA034100FB51
:108AA00008F38B4207D9691800F1FF3C17D28B42BB
:108AB00015D902382944C91A40EA07473BE7374627
:108AC000304609E70746E7E61846FBE64145ABD2E4
:108AD000B8EB020A69EB0E0201381346A4E76046C0
:108AE000E9E7184695E76746D1E781467CE7023813
:108AF0002C4447E7ACF1020C2B442FE7384608E73B
:108B00003746E9E6704700BF1FB51C46094B1B6896
:108B10000546D86852B1084B0091CDE901320749AA
:108B20002B46224600F036F801F034F8044B1A4682
:108B3000F2E700BF94610020D8C10300E5C1030043
:108B400013C2030010B5054C13462CB10A4601466A
:108B50000220AFF3008010BD2046FCE700000000BB
:108B6000014B1868704700BF9461002008B5074B9F
:108B7000044613B10021AFF30080054B1868836AE7
:108B800003B19847204602F055FE00BF00000000E8
:108B900014C203000EB403B5014603AB054853F8F5
:108BA000042B0068019300F059F902B05DF804EB62
:108BB00003B070479461002070B50D4E0D4CA41B9E
:108BC000A4100025A54209D10B4E0C4C02F034FE36
:108BD000A41BA4100025A54205D170BD56F8253070
:108BE00098470135EEE756F8253098470135F2E70A
:108BF00064630020646300206463002088630020B5
:108C0000024B0146186800F0A5B800BF946100202F
:108C1000024B0146186800F04FB800BF9461002075
:108C200082B001B901A942B14BB113780B6012783F
:108C3000101C18BF012002B070471046FBE76FF010
:108C40000100F8E710B5431E0A44914200D110BD5F
:108C500011F8014B03F8014FF7E7884210B501EB1B
:108C6000020307D8421E99420AD011F8014B02F8BC
:108C7000014FF8E78342F5D98118D21AD34200D1C7
:108C800010BD13F8014D01F8014DF7E7024403460A
:108C9000934200D1704703F8011BF9E738B502FB96
:108CA00001F4214600F056F8054618B1224600218D
:108CB000FFF7ECFF284638BD38B50546002945D0FA
:108CC00051F8043C0C1F002BB8BFE41801F0F0FF72
:108CD0001F4A1368104633B9636014602846BDE824
:108CE000384001F0E6BFA3420CD9216862189342D4
:108CF00004BF1A685B68636004BF52182260046096
:108D0000ECE713465A680AB1A242FAD91968581812
:108D1000A0420BD120680144581882421960DDD16D
:108D2000106852685A6001441960D7E702D90C23D1
:108D30002B60D3E7206821188A4204BF116852686B
:108D4000626004BF091821605C60C7E738BD00BFDE
:108D50002485002070B5CD1C25F0030508350C2DA9
:108D600038BF0C25002D064601DBA94203D90C2390
:108D70003360002070BD01F09BFF214A146821463A
:108D800091B9204C23681BB9304600F0D7FD206014
:108D90002946304600F0D2FD431C24D10C23336019
:108DA000304601F086FFE4E70B685B1B18D40B2B01
:108DB0000FD90B60CD50CC18304601F07AFF04F18A
:108DC0000B00231D20F00700C31AD3D05A42E250F3
:108DD000D0E78C424B6816BF636013600C46EBE72C
:108DE0000C464968CCE7C41C24F00304A04205D01B
:108DF000211A304600F0A2FD0130CFD02560DBE71C
:108E000024850020288500209368013B002B10B4A6
:108E1000936008DA9469A34201DB0A2903D15DF863
:108E2000044B00F0E9BD1368581C10601970084627
:108E30005DF8044B7047F8B506460F461446D51842
:108E4000AC4201D1002007E03A4614F8011B30463D
:108E5000FFF7DAFF431CF3D1F8BD00002DE9F04F16
:108E60009DB00C4617460393064618B183690BB9AB
:108E700001F0CEFD7B4B9C4257D17468A389180743
:108E80005DD52369002B5AD00023099320238DF848
:108E9000293030238DF82A304FF0010BB846454673
:108EA00015F8013B0BB1252B54D1B8EB070A0BD0B9
:108EB00053463A4621463046FFF7BDFF013000F0E9
:108EC000C280099B5344099398F80030002B00F0AE
:108ED000BA8000234FF0FF32CDE9052304930793B6
:108EE0008DF853301A93A846052218F8011B5E48E6
:108EF00001F08EFE049B78BBD90644BF20228DF87A
:108F000053201A0744BF2B228DF853202A782A2A8F
:108F10002AD0079AA84600200A25414611F8013BAD
:108F2000303B092B69D960B324E0504B9C4201D1FE
:108F3000B468A3E74E4B9C4208BFF4689EE7214605
:108F4000304600F0B9FD00289ED04FF0FF301DB034
:108F5000BDE8F08FA846A2E7434A801A0BFA00F05A
:108F6000184304904546BEE7039A111D1268039109
:108F7000002A01DB079204E0524243F00203079209
:108F8000049398F800302E2B0ED198F801302A2B3C
:108F900038D1039B1A1D1B680392002BB8BF4FF0FA
:108FA000FF3308F102080593324D98F800100322B0
:108FB000284601F02DFE40B14023401B03FA00F08B
:108FC000049B034308F10108049398F800102A4811
:108FD0008DF82810062208F1010701F019FE00287B
:108FE00037D0264B1BBB039B073323F00703083303
:108FF0000393099B4B44099350E705FB0232012080
:1090000088468AE7002308F10108059319460A25D6
:10901000404610F8012B303A092A03D9002BC3D05F
:109020000591C1E705FB012101238046F0E703AB71
:1090300000932246124B04A9304600F0B7F8B0F175
:10904000FF3F8146D5D1A3895B063FF57EAF0998E6
:109050007DE703AB00932246094B04A9304600F09C
:109060005BFBECE798C3030022C20300B8C3030014
:1090700078C3030028C203002CC20300AD91030093
:10908000378E03002DE9FF4755EC104B0D9FDDF89F
:1090900030A0002D0E4691461946B8BF22462B46F9
:1090A00027F02007BBBF05F100431D4600232D23F9
:1090B000B8BF1446462F0B7004D0452F00D101369F
:1090C000022100E0032103AB019302AB009332467F
:1090D000534645EC104B00F0F3FD472F804602D17C
:1090E00019F0010F26D0462F08EB060911D198F888
:1090F0000030302B0AD10022002320462946FFF7FA
:10910000E1FA18B9C6F10106CAF80060DAF80030D1
:1091100099440022002320462946FFF7D3FA38B9A4
:109120003022039B4B4505D2591C03911A70F8E776
:10913000CDF80C90039B0E9AA3EB080340461360F6
:1091400004B0BDE8F087F7B500290446BABF49422C
:109150002D232B23092904F8022B437020DD0DF168
:1091600007031F460A2691FBF6F506FB1511303161
:10917000092D03F8011C03F1FF32294609DC3031C7
:10918000023B02F8011CBB42224604D3101A03B072
:10919000F0BD1346E7E713F8012B04F8012BF2E7C3
:1091A000302319448370021DC170EFE72DE9F04FA1
:1091B0008DB00C46DDF8588016461F46054601F076
:1091C000B1FC03680493184600F0FCFB00230A93EB
:1091D000D8F800300590073323F0070303F10802A5
:1091E00094F818A0D4F800B0C8F80020D3E9002300
:1091F000C4E91223D4E9128929F000430793CDF87A
:1092000018804FF0FF32A74BDDE9060102F09CFA0F
:1092100070BB4FF0FF32A34BDDE90601FFF766FAA2
:1092200030BB0022002340464946FFF755FA10B1F3
:109230002D2384F843309C4A9C4BBAF1470F8CBFD6
:109240009046984603232BF00402236122604FF0DE
:109250000009009733460BAA2146284600F0E6F99C
:10926000013040F08D804FF0FF300DB0BDE8F08F41
:1092700042464B464046494602F066FA10B18C4AD7
:109280008C4BDAE761684B1C4BF480620AA83ED134
:10929000062363600023CDE9020309AB009349EC88
:1092A000108B0DF123032260CDF804A061682846DD
:1092B000FFF7E8FE0AF0DF03472B804609D1099B40
:1092C000D81C02DB6268934247DDAAF1020A5FFA0A
:1092D0008AFABAF1650F099924D80139524604F186
:1092E00050000991FFF72FFF0A9A1318012A8146AF
:1092F000236102DC2268D10701D5013323619DF887
:109300002330002BA5D02D2384F84330A1E7BAF1F8
:10931000670F00F07781BAF1470FBBD10029B9D1AF
:109320000123B6E7BAF1660F19D1002963680CDD95
:10933000216113B92268D20702D501330B4423619E
:10934000099BA3654FF00009D9E713B92268D0073C
:1093500001D50233F3E70123F1E74FF0670ADDE9B6
:109360000932934205DB22682361D107E8D5013336
:10937000E5E7002BD4BFC3F1020301231344DEE76A
:1093800023685A0507D42369424631462846B84720
:1093900001302BD167E7BAF1650F40F2DC80002283
:1093A0000023D4E91201FFF78DF9002833D00123FF
:1093B000414A31462846B84701303FF454AFDDE911
:1093C00009239A4202DB2368D8070FD5DDE904237D
:1093D00031462846B84701303FF445AF4FF000080A
:1093E00004F11A090A9B013B434509DC23689B07EA
:1093F00000F10381E0680B9B9842B8BF184634E740
:1094000001234A4631462846B84701303FF42BAF86
:1094100008F10108E6E7099B002B2BDC0123264A13
:1094200031462846B84701303FF41DAF099B23B9A8
:109430000A9B13B92368D907D8D5DDE9042331463F
:109440002846B84701303FF40EAF4FF0000904F151
:109450001A0A099B5B424B4501DC0A9B94E70123F6
:10946000524631462846B84701303FF4FCAE09F178
:109470000109EEE70A9AA36D9A42A8BF1A46002A8C
:10948000914607DD1346314642462846B84701302B
:109490003FF4E9AE04F11A034FF0000B29EAE97931
:1094A000069315E0FFFFEF7F37C2030033C20300CE
:1094B0003FC203003BC2030043C203000123069ADC
:1094C00031462846B84701303FF4CDAE0BF1010BD1
:1094D000D4F858A0AAEB09035B45EFDCDDE90923CA
:1094E0009A42D04415DB2368DA0712D40A9B099903
:1094F000A3EB0A02A3EB010A9245A8BF9246BAF178
:10950000000F0EDC4FF000082AEAEA7A04F11A098B
:1095100019E0DDE9042331462846B8470130E5D19A
:10952000A1E65346424631462846B8470130E9D1C4
:1095300099E601234A4631462846B84701303FF4B0
:1095400092AE08F10108DDE909239B1AA3EB0A0397
:109550004345EEDC4AE70A9A012A01DCDB073AD5EB
:109560000123424631462846B84701303FF47BAEDE
:10957000DDE9042331462846B847013008F10108E7
:109580003FF471AE0A9B002203F1FF3AD4E91201C5
:109590000023FFF797F8C8B953464246314628469C
:1095A000B84701300ED15EE60123524631462846C7
:1095B000B84701303FF457AE08F101080A9B013B60
:1095C0004345F1DC4B4604F15002DEE64FF0000863
:1095D00004F11A0AF2E70123DFE701234A46314684
:1095E0002846B84701303FF43EAE08F10108E36871
:1095F0000B9A9B1A4345F0DCFCE64FF0000804F19F
:109600001909F4E700293FF48BAE0023CDE90203EA
:1096100009AB009349EC108B2260CDF804A00DF14A
:1096200023032846FFF72EFD804648E62DE9F04744
:1096300091461F468A680B69DDF820809342B8BFC7
:109640001346C9F8003091F8432006460C4612B183
:109650000133C9F800302368990642BFD9F80030B9
:109660000233C9F80030256815F0060507D104F16A
:10967000190AE368D9F800209B1AAB4228DC94F859
:1096800043302268003318BF012392062DD404F121
:10969000430239463046C047013020D02368E56890
:1096A000D9F8002003F00603042B08BFAD1AA36805
:1096B00022690CBF25EAE57500259342C4BF9B1AB9
:1096C000ED184FF000091A344D451AD1002008E07A
:1096D0000123524639463046C047013003D14FF08E
:1096E000FF30BDE8F0870135C3E7E1185A1C302090
:1096F00081F84300224494F8451082F84310023365
:10970000C5E70123224639463046C0470130E6D03E
:1097100009F10109D8E700002DE9F04301F1430CFC
:109720000C46097E85B06E291746064698460C9A67
:1097300000F0B38022D8632936D00AD8002900F07F
:10974000B980582900F0838004F1420584F8421062
:1097500032E0642901D06929F6D120681368050632
:1097600003F104012AD51B681160002B03DA2D22B6
:109770005B4284F843206F480A2239E0732900F0E5
:109780009D8008D86F2920D07029DDD1236843F04F
:109790002003236003E0752917D07829D4D17823DA
:1097A00084F84530644855E01368191D1B68116042
:1097B00004F1420584F8423001238CE01B681160FB
:1097C00010F0400F18BF1BB2CFE713682568181DB3
:1097D0001060280601D51B6802E06806FBD51B88CF
:1097E00054486F2914BF0A220822002184F843102C
:1097F0006568A560002DC0F29580216821F0040104
:109800002160002B3DD1002D40F08E806546082A56
:109810000BD12368DB0708D5236962689A42DEBF53
:10982000302305F8013C05F1FF35ACEB050323615E
:10983000CDF800803B4603AA21463046FFF7F6FEEE
:1098400001304DD14FF0FF3005B0BDE8F08339480D
:1098500084F84510136821681D1D1B6815600A06F1
:109860000BD5CA0744BF41F0200121601BB9226813
:1098700022F0200222601022B7E74D0648BF9BB2BB
:10988000EFE76546B3FBF2F102FB1133C35C05F869
:10989000013D0B460029F5D1B9E7136825686169D8
:1098A000181D106028061B6801D5196002E06A06C1
:1098B000FBD51980002323616546B9E71368191D9C
:1098C00011601D6862680021284601F0A1F908B105
:1098D000401B606063682361002384F84330A7E77E
:1098E00023692A4639463046C0470130AAD023684A
:1098F0009B0713D4E068039B9842B8BF1846A3E7C0
:1099000001234A4639463046C04701309AD00135D6
:10991000E368039A9B1AAB42F2DCEBE7002504F103
:109920001909F5E7002BACD1037884F8423004F133
:1099300042056CE745C2030056C2030038B5064C29
:109940000023054608462360FDF766F9431C02D153
:10995000236803B12B6038BD4C8500200CB430B5B2
:10996000174B0C1E9DB01D6808DA8B232B604FF03F
:10997000FF301DB0BDE8304002B070474FF40273B5
:10998000ADF8143014BF04F1FF332346049307935A
:109990004FF6FF7302900690ADF81630209A21AB77
:1099A00002A92846019301F0E1FC431CBCBF8B23B4
:1099B0002B60002CDDD0029B00221A70D9E700BF7B
:1099C00094610020034613F8012B002AFBD1181ADA
:1099D0000138704710B56AB10139841810F8013B9D
:1099E00011F8012F934203D1A04201D0002BF5D1F1
:1099F000981A10BD1046FCE7F8B50E461446054609
:109A000018B183690BB901F003F8214B9C422AD1AC
:109A10006C68A369A360A3891A072ED5236963B371
:109A200023692068C01A6369F6B28342374604DCB2
:109A30002146284600F082FF28BBA368013BA360B3
:109A400023685A1C22601E7063690130834204D06F
:109A5000A389DB0719D50A2E17D12146284600F025
:109A60006DFF90B10FE00B4B9C4201D1AC68D0E789
:109A7000094B9C4208BFEC68CBE72146284600F022
:109A80001BF80028CCD04FF0FF373846F8BD00BF98
:109A900098C30300B8C3030078C3030049B1FF2A89
:109AA00085BF8A2303600A704FF0FF3098BF012002
:109AB0007047084670470000324B70B51D68064677
:109AC0000C4625B1AB6913B9284600F0A1FF2E4B17
:109AD0009C420FD16C68B4F90C309AB215072CD4A3
:109AE000D00611D40922326043F04003A3814FF025
:109AF000FF303EE0254B9C4201D1AC68EBE7244BA4
:109B00009C4208BFEC68E6E7510712D5616B41B192
:109B100004F14403994202D03046FFF7CDF8002308
:109B20006363A38923F02403A38100236360236973
:109B30002360A38943F00803A38123694BB9A38958
:109B400003F42073B3F5007F03D02146304601F0C3
:109B50001BF8A28912F001030CD00023A3606369F3
:109B60005B42A361236953B9B4F90C3013F0800050
:109B7000BAD170BD920758BF6369A360F2E70020B5
:109B8000F7E700BF9461002098C30300B8C3030047
:109B900078C3030008B5062001F006FD012001F09E
:109BA00049FE2DE9F74F03690C69A3428046C0F2D4
:109BB0008280013C01F114074FEA840C00F1140685
:109BC00057F8245056F8240006EB0C03013507EB38
:109BD0000C090193B0FBF5F595B34FF0000A384638
:109BE000B646D34650F8042B93B205FB03A34FEAC5
:109BF000134A9BB2ABEB0303120CDEF800B005FB7B
:109C000002A213FA8BF34FEA124A1FFA82FBDEF824
:109C10000020CBEB124202EB23429BB243EA024309
:109C200081454FEA224B4EF8043BDBD256F80C300C
:109C300033B9019B043B9E421A4630D3C8F810400A
:109C4000404601F04DFA002825DB013530464FF043
:109C5000000C57F8042BD0F800E093B2ACEB0303F0
:109C6000120C13FA8EF3C2EB1E4202EB23429BB29C
:109C700043EA0243B9454FEA224C40F8043BE8D29C
:109C800056F8242006EB84032AB9043B9E421A4668
:109C90000BD3C8F81040284603B0BDE8F08F126817
:109CA000043B002ACAD1013CC5E71268043B002AE4
:109CB000EFD1013CEAE70020EEE7000000000000E1
:109CC0002DE9F04F57EC106B97B0456A06910446AA
:109CD0000B921293DDF88080CDE900673DB910202A
:109CE000FAF716FD6062C0E901550560C560636A58
:109CF000196851B15A684A60012393408B6020462D
:109D000001F00CF8636A00221A603B1EBBBF23F00F
:109D10000043019300230122ACBFC8F80030C8F80B
:109D20000020AF4BDDF8048033EA080314D1129A07
:109D300042F20F731360009B23B9C8F3130000288D
:109D400000F04285219BDFF8ACB2002B00F0448587
:109D50000BF1030300F03EBDDDE9006700220023A4
:109D600030463946FEF7AEFC814668B1129A0123AF
:109D70001360219B002B00F024859A4B219A03F15C
:109D8000FF3B136000F028BD14AA15A947EC106B27
:109D9000204601F01CFAC8F30A550490002D7CD02F
:109DA000C7F3130343F07F5BB2464BF4401BA5F2AD
:109DB000FF35CDF84C9000228B4B50465946FEF7AC
:109DC00061F881A3D3E90023FEF714FA80A3D3E955
:109DD0000023FEF759F8064628460F46FEF7A0F97D
:109DE0007DA3D3E90023FEF705FA02460B46304671
:109DF0003946FEF749F806460F4601F0BBFC002243
:109E00008246002330463946FEF766FC48B150468C
:109E1000FEF786F932463B46FEF754FC08B90AF1D4
:109E2000FF3ABAF1160F59D8704901EBCA01DDE9C2
:109E30000023D1E90001FEF76DFC002850D00AF1A3
:109E4000FF3A00230F93149B5D1BB5F1010849BF36
:109E5000C5F10103002305934FF0000858BF059397
:109E6000BAF1000F3EDB0023D044CDF838A00793B1
:109E7000069B092B00F29080052BC4BF043B069380
:109E8000069BA3F10203CCBF00250125032B00F2A2
:109E90008F80DFE803F07D7F3171DDE914531D44CD
:109EA00005F23240202813DDC0F14000009B08FA83
:109EB00000F805F2124023FA00F048EA0000FEF72D
:109EC0001FF901238246A1F1F87B013D139372E74C
:109ED000009BC0F1200003FA00F0F0E70123B1E796
:109EE0000F90B0E7059BA3EB0A030593CAF10003AB
:109EF000079300230E93BBE701230A930B9B002BD0
:109F000059DD02939946666A00227260042202F1CA
:109F100014009842716853D9204600F0CBFE636A62
:109F20003060B9F10E0FD3F800B000F2E680002DDA
:109F300000F0E3809DED007BBAF1000F8DED107B0A
:109F400074DD2A4A0AF00F0302EBC30393ED007B92
:109F50004FEA2A16F0068DED087B65D5244BDDE926
:109F60001001D3E90823FEF76FFACDE9000106F0EE
:109F70000F0603251E4F4CE001230A930B9B53440D
:109F800003F1010902934B46012BB8BF0123BAE745
:109F90000023B2E70023F0E70125002306930A958A
:109FA0004FF0FF3302939946002212230B92AAE747
:109FB00001230A93F4E70123029399461A46F5E731
:109FC000013171605200A2E761436F63A787D23FFE
:109FD000B3C8608B288AC63FFB799F501344D33F98
:109FE0000000F07F44C203000000F83F00C40300FB
:109FF000D8C3030071C30300F10708D5DDE90801E8
:10A00000D7E90023FEF7F6F8CDE90801013576100F
:10A010000837002EF0D1DDE90823DDE90001FEF765
:10A0200013FACDE900011AE00225A3E700F0A080B1
:10A03000CAF100069F4BA04F06F00F0203EBC203CC
:10A04000D3E90023DDE91001FEF7D4F8CDE90001E2
:10A05000361100230225002E7FD1002BE1D10F9B6A
:10A06000002B00F08780DDE900670022934B30462B
:10A070003946FEF731FB00287CD0B9F1000F79D0CA
:10A08000029B002B35DD0AF1FF330893394600228D
:10A090008B4B3046FEF7AEF8CDE90001029F01354B
:10A0A0002846FEF73DF8DDE90023FEF7A3F800227D
:10A0B000844BFDF7E9FE0546A1F15076002F5DD1F6
:10A0C0000022814BDDE90001FDF7DCFE2A46334624
:10A0D000CDE90001FEF71EFB002840F088822A46E9
:10A0E00006F10043DDE90001FEF7F6FA002840F032
:10A0F0007C82DDE91023CDE90023159B002BC0F203
:10A100005081BAF10E0F00F34C816A4B03EBCA0386
:10A1100093ED007B0B9B002B8DED027B80F2D880B2
:10A12000B9F1000F00F3D48040F05E820022664B4C
:10A1300051EC170BFEF75EF8DDE90023FEF7E0FABD
:10A140004F464E46002840F0348231230BF1010582
:10A150008BF800300AF1010A2FE2F20705D5D7E9A2
:10A160000023FEF747F8013501237610083772E720
:10A17000022574E7CDF820A04F4691E74D4B03EB45
:10A18000C70353E902010A9B002B47D002460B4646
:10A1900000204E49FEF758F92A463346FDF772FE75
:10A1A000CDE90C015D46DDE9000101F0E3FA064668
:10A1B000FDF7B6FF02460B46DDE90001FDF762FE42
:10A1C000303605F8016BDDE90C23CDE90001FEF71F
:10A1D00083FA002863D1DDE9002300203749FDF729
:10A1E00051FEDDE90C23FEF777FA002840F0B78036
:10A1F000A5EB0B039F427FF77CAF0022304BDDE9DC
:10A200000C01FDF7F7FF0022CDE90C012C4BDDE935
:10A210000001FDF7EFFFCDE90001C4E72A46334610
:10A22000FDF7E8FFCDE90C010BEB07055E46DDE924
:10A23000000101F09FFA0746FDF772FF3037024632
:10A240000B46DDE90001FDF71DFE06F8017BAE427D
:10A25000CDE900014FF0000226D11C4BDDE90C01D5
:10A26000FDF712FE02460B46DDE90001FEF752FA49
:10A27000002874D1DDE90C2300201449FDF702FE0B
:10A2800002460B46DDE90001FEF726FA00283FF4FE
:10A2900030AF15F8013C302B05F1FF3202D0DDF86C
:10A2A00020A04AE01546F4E7054BFDF7A3FFCDE9F2
:10A2B0000001BCE700C40300D8C303000000F03F66
:10A2C0000000244000001C40000014400000E03F5B
:10A2D000DDE900675D46DDE9022330463946FEF7D9
:10A2E000B3F801F047FA8046FDF71AFFDDE90223D3
:10A2F000FDF780FF02460B463046394608F130062E
:10A30000FDF7C0FD05F8016BA5EB0B06B145024654
:10A310000B4639D1FDF7B8FDDDE9022306460F46AD
:10A32000FEF7F8F9C8B9DDE9022330463946FEF7F1
:10A33000C9F910B118F0010F0FD10499204600F0AF
:10A34000EDFC0023129A2B700AF101031360219B8C
:10A35000002B00F041821D603EE2CDF820A015F8F0
:10A36000012C392A05F1FF3308D19B450AD1089BFE
:10A370000133089330238BF800305B461A780132A2
:10A380001A708CE71D46EAE700229B4BFDF732FF6F
:10A390000022002306460F46FEF794F900289AD0C3
:10A3A000CBE70A9A002A00F08B80069A012A6EDC1D
:10A3B000139A002A67D003F23343079F059D059A3D
:10A3C00001211A4420460592984400F047FD0646B4
:10A3D000002D0CDDB8F1000F09DD4545059A2B462F
:10A3E000A8BF4346D21A0592ED1AA8EB0308079BB3
:10A3F000EBB10A9B002B67D08FB131463A4620461D
:10A4000000F0CCFD049A01460646204600F02FFDE0
:10A4100004990890204600F081FC089B0493079B58
:10A42000DA1B04D00499204600F0B8FD0490012105
:10A43000204600F013FD0E9B0746002B00F0D08154
:10A440001A460146204600F0A9FD069B012B07464F
:10A4500040DC009B002B39D1019BC3F31303002B7D
:10A4600036D1019B23F000431B0D1B052BB1059B2F
:10A470000133059308F10108012307930E9B002B7C
:10A480002AD1012030E0149BC3F1360395E7079BE6
:10A4900009F1FF37BB42BFBF079B0797FA1A0E9B14
:10A4A000BBBF9B180E93DF1B0027B9F1000FB5BF90
:10A4B000059B059DA3EB09054B46B8BF00237EE72E
:10A4C000079F059D0A9E83E7079AABE70023D4E721
:10A4D000009BD2E7002307933B6907EB83031869CE
:10A4E00000F06EFCC0F12000404410F01F0047D087
:10A4F000C0F12003042B3BDD059BC0F11C0003448D
:10A50000059305448044059B002B05DD1A460499FC
:10A51000204600F091FD0490B8F1000F05DD3946AA
:10A520004246204600F088FD07460F9B53B339464C
:10A53000049800F0D5FD002824DA00230A220499AB
:10A54000204600F002FC0A9B04900AF1FF3A002B1F
:10A5500000F04D81002331460A22204600F0F5FB31
:10A56000029B002B06464FDC069B022B4CDD11E0C4
:10A57000C9D0059A1C331A4405921D449844C2E779
:10A580000346F6E7B9F1000F38DC069B022B35DDF8
:10A59000CDF80890029B63B939460522204600F0A9
:10A5A000D4FB01460746049800F09AFD00283FF7C7
:10A5B000CCAD0B9B5D466FEA030A4FF000093946AC
:10A5C000204600F0ABFB002E3FF4B7AEB9F1000F10
:10A5D00005D0B14503D04946204600F09FFB3146E7
:10A5E000204600F09BFBA8E600273E46E1E7DDF8A9
:10A5F00020A03E46A9E500BF000024400A9BCDF8FC
:10A600000890002B00F0FA80002D05DD31462A4627
:10A61000204600F011FD0646079B002B4CD07168C8
:10A62000204600F047FB326902320546920006F1EF
:10A630000C010C30FEF706FB01222946204600F0F3
:10A64000FBFC009BCDF814B003F00103B146079367
:10A65000064639460498FFF7A4FA4946054600F134
:10A660003008049800F03CFD324600903946204600
:10A6700000F050FDC368024603BB014608900498F1
:10A6800000F02EFD089A034611462046089300F07C
:10A6900045FB089BA3B9069A92B9079A82B9B8F10B
:10A6A000390F29D0009B002B01DD05F13108059BF6
:10A6B0005D1C83F8008082E73046C2E70123E3E7B0
:10A6C000009A002A04DB25D1069A1ABB079A0ABB16
:10A6D000002BECDD01220499204600F0ADFC394648
:10A6E000049000F0FDFC002803DCE0D118F0010F1D
:10A6F000DDD0B8F1390FD8D1059B059A5D1C3923FF
:10A70000137015F8013C392B05F1FF324FD001339E
:10A71000137054E7059A002B02F1010506DDB8F12C
:10A72000390FE9D008F10108059BC2E7029A05F844
:10A73000018CA5EB0B03934221D000230A2204993C
:10A74000204600F002FBB14504904FF000034FF0AB
:10A750000A024946204605D100F0F7FA814606462E
:10A76000059576E700F0F1FA3146814600230A228A
:10A77000204600F0EAFA0646F2E74FF0000901220F
:10A780000499204600F058FC3946049000F0A8FCDB
:10A790000028B6DC02D118F0010FB2D115F8013C47
:10A7A000302B05F1FF327FF40AAF1546F6E79345EB
:10A7B00005D131230AF1010A8BF80030FFE6154676
:10A7C0009FE7DFF864B007E0219BDFF860B01BB1C2
:10A7D0000BF10803219A1360584617B0BDE8F08FBB
:10A7E000069B012B7FF735AE0E9B079349E6029B34
:10A7F000002B03DC069B022B3FF7CCAE5D463946AF
:10A800000498FFF7CEF900F1300805F8018B029AA1
:10A81000A5EB0B039A42B0DD00230A2204992046DF
:10A8200000F093FA0490EAE743C2030068C3030010
:10A830008A892DE9F041054610070C4658D44B682B
:10A84000002B05DC0B6C002B02DC0020BDE8F08146
:10A85000E66A002EF9D0002312F480522F68216A94
:10A860002B6032D0606DA3895A0705D56368C01A82
:10A87000636B0BB1236CC01A00230246E66A216A9F
:10A880002846B047431CA38906D129681D2948D80A
:10A89000294ACA40D60744D500226260D9042269F9
:10A8A000226004D5421C01D12B6803B96065616B3D
:10A8B0002F600029C9D004F14403994202D02846F0
:10A8C000FEF7FAF900206063C0E701232846B0478D
:10A8D000411CC8D12B68002BC5D01D2B01D0162BD5
:10A8E00001D12F60B1E7A38943F04003A381ADE715
:10A8F0000F69002FA9D093070E6808BF4B690F603E
:10A9000018BF0023A6EB07088B60B8F1000F9CDD91
:10A9100043463A46216AA66A2846B047002806DC24
:10A92000A38943F04003A3814FF0FF308EE7074433
:10A93000A8EB0008E9E700BF0100402038B50B692B
:10A9400005460C46DBB118B183690BB900F060F81D
:10A950000C4B9C4209D16C68B4F90C307BB1214698
:10A960002846BDE83840FFF763BF074B9C4201D142
:10A97000AC68F1E7054B9C4208BFEC68ECE70020AF
:10A9800038BD00BF98C30300B8C3030078C30300F9
:10A99000002310B50446C0E900338360818143661B
:10A9A000C281C0E904338361194608225C30FEF796
:10A9B0006DF9054B6362054BA362054BE362054BE2
:10A9C0002462236310BD00BFE1B5030003B603009A
:10A9D0003BB603005FB60300014900F085B800BF35
:10A9E0003DA9030070B54A1E682555430E4605F182
:10A9F0007401FEF7AFF9044640B10021C0E900162A
:10AA00000C30A06005F16802FEF740F9204670BDE9
:10AA1000836910B5044633BBC0E912330365124B9A
:10AA2000124A1B688262984204BF0123836100F0CE
:10AA30001FF86060204600F01BF8A060204600F080
:10AA400017F80022E06004216068FFF7A1FF0122EF
:10AA50000921A068FFF79CFF02221221E068FFF79E
:10AA600097FF0123A36110BD14C20300D9A90300FD
:10AA7000F8B51B4B1E68B369074613B93046FFF79C
:10AA8000C7FF4836D6E90134013B03D5336833B1FB
:10AA90003668F7E7B4F90C506DB16834F4E7042177
:10AAA0003846FFF79FFF30600028F1D10C233B6050
:10AAB00004462046F8BD0B4B6566C4E90055A56009
:10AAC000C4E90335C4E905550822294604F15C00B0
:10AAD000FEF7DCF8C4E90D55C4E91255E9E700BFFB
:10AAE00014C203000100FFFF2DE9F84380468946A8
:10AAF00000F14804002614B93046BDE8F883D4E9D3
:10AB00000175013F01D52468F5E7AB89012B07D911
:10AB1000B5F90E30013303D029464046C8470643F5
:10AB20006835EEE7044B1B68186A044B002808BF21
:10AB30001846F030704700BF94610020F861002093
:10AB400070B50E46B1F90E10002996B014461D4698
:10AB500007DA00232B60B3891A0610D44FF4806300
:10AB60000EE06A4600F0A2FD0028F2DB019A02F432
:10AB70007042A2F500535A425A412A60EEE7402340
:10AB80000020236016B070BD8B8973B59D07064603
:10AB90000C4607D504F14703236023610123636159
:10ABA00002B070BD01AB6A46FFF7CAFF00990546C7
:10ABB0003046FEF7CFF848B9B4F90C309A05EFD417
:10ABC00023F0030343F00203A381E3E70D4BB362D9
:10ABD000A389206043F08003A381009B6361019BF4
:10ABE00020615BB1B4F90E10304600F071FD28B160
:10ABF000A38923F0030343F00103A381A3891D4329
:10AC0000A581CDE7D9A903000000000000000000E5
:10AC100001F0FF01102A2BDB10F0070F08D010F80D
:10AC2000013B013A8B422DD010F0070F42B3F6D111
:10AC3000F0B441EA012141EA014122F007047FF02A
:10AC400000070023F0E80256083C85EA010586EA81
:10AC5000010685FA47F5A3FA87F586FA47F6A5FABD
:10AC600087F68EB9EED1F0BC01F0FF0102F00702C9
:10AC700032B110F8013B013A83EA010313B1F8D174
:10AC80000020704701387047002D06BF3546033855
:10AC9000073815F0010F07D1013015F4807F02BF8E
:10ACA000013015F4C03F0130F0BC0138704700BFDF
:10ACB0007047704770B5456A04460E463DB910208E
:10ACC000F9F726FD6062C0E901550560C560656A57
:10ACD000EB6883B1636ADB6853F82600B8B90121D9
:10ACE00001FA06F56A1D92002046FDF7D7FF60B114
:10ACF000C0E901650EE0212204212046FDF7CEFFC8
:10AD0000636AE860DB68002BE4D1002070BD026854
:10AD100043F826200023C0E90333F7E770B5446AFF
:10AD200006460D463CB91020F9F7F2FC7062C0E906
:10AD300001440460C4603DB1736A6A68DB6853F81B
:10AD40002210296043F8225070BD2DE9F0410D69B1
:10AD50001F4606460C4601F1140C0023DCF80000E7
:10AD600081B202FB01710F0C000C02FB007089B272
:10AD7000013301EB00419D424FEA10474CF8041BA0
:10AD8000ECDCD7B1A368AB4212DC6168304601311C
:10AD9000FFF790FF2269023204F10C018046920015
:10ADA0000C30FDF74FFF21463046FFF7B7FF444612
:10ADB00004EB850301355F6125612046BDE8F08124
:10ADC000020C12040346B2B90304102013F07F4FA3
:10ADD00004BF1B02083013F0704F04BF1B01043086
:10ADE00013F0404F04BF9B000230002B06DB5B00DA
:10ADF00003D5013070470020E8E720207047036842
:10AE000013F0070201460BD0DA0723D4980749BF95
:10AE10005B089B0801200B605CBF0B600220704741
:10AE200098B2A8B91B0C102013F0FF0F04BF1B0A27
:10AE300008301A0704BF1B0904309A0704BF9B0897
:10AE40000230DA0702D45B0806D001300B6070478D
:10AE50001046E9E7002070472020704710B50C46E7
:10AE60000121FFF727FF01224461026110BD2DE996
:10AE7000F74F14460A6923699A42B8BF0B468846C1
:10AE8000BCBFA0461C46D8F81070D4F81090D8F873
:10AE90000830D8F8041007EB0906B342B8BF0131F7
:10AEA000FFF708FF00F1140505EB860E2B46002284
:10AEB000734516D304F1140208F1140102EB89035F
:10AEC00001EB87070093009B019293420CD8002E60
:10AED00003DD5EF8043D002B5DD0066103B0BDE8E4
:10AEE000F08F43F8042BE3E7B2F800B0BBF1000F9A
:10AEF00023D08946AC464FF0000859F8044BDCF8E3
:10AF000000A0A3B21FFA8AFA0BFB03A34FEA144A6C
:10AF1000DCF8004043444FEA14480BFB0A8404EB7E
:10AF20001344E2469BB243EA04434F454FEA1448B8
:10AF30004AF8043B2BD8CCF80480019BB3F802A05C
:10AF40000432BAF1000F20D02B688946A8464FF092
:10AF5000000BB9F800C0B8F802400AFB0C445C448E
:10AF6000C4469BB243EA04434CF8043B59F8043B03
:10AF7000B8F804B01B0C0AFB03B303EB14434F45B2
:10AF80004FEA134B05D8C8F8043004359BE7D44684
:10AF9000B3E7E046DDE7013E99E700002DE9F8431D
:10AFA000154612F0030206460F4607D0013A214C1F
:10AFB000002354F82220FFF7C8FE0746AD1035D015
:10AFC000746A3CB91020F9F7A3FB7062C0E9014430
:10AFD0000460C460D6F82480D8F808404CB940F228
:10AFE00071213046FFF73AFF0023C8F808000446F5
:10AFF00003604FF00008EB070AD539462246304679
:10B00000FFF735FF394681463046FFF787FE4F464A
:10B010006D100BD0206838B9224621463046FFF724
:10B0200026FF2060C0F800800446E4E73846BDE80B
:10B03000F88300BFC8C403002DE9F0470C464FEA6F
:10B04000621A236949680AEB0309A3680746164692
:10B0500009F10105AB4232DB3846FFF72BFE002336
:10B06000804600F114011A4653452BDB20692AEA79
:10B07000EA7A04F1140316F01F0201EB8A0103EBD4
:10B08000800C25D0C2F1200E00201E688A46964012
:10B0900030434AF8040B53F8040B9C4520FA0EF099
:10B0A00014D8486008B109F10205013D3846C8F8D6
:10B0B00010502146FFF732FE4046BDE8F0870131CF
:10B0C0005B00C7E741F823200133CDE75146DCE7B9
:10B0D000043953F8042B41F8042F9C45F9D8E4E7D0
:10B0E00003690A699B1A30B50CD1920014301431EF
:10B0F0008418114454F8045D51F8042D954203D08E
:10B1000005D30123184630BDA042F3D3FAE74FF030
:10B11000FF33F7E72DE9F0470D460746114628466D
:10B120001446FFF7DDFF061E08D131463846FFF70B
:10B13000C1FD0123C0E90436BDE8F087A4BF234662
:10B140002C4638466168A6BF1D4600260126FFF73B
:10B15000B1FD2B69C660266905F1140904F11402DA
:10B1600002EB860709EB830800F114054FF0000E8F
:10B1700052F804AB59F8044B1EFA8AF1A3B2C91A6B
:10B18000230CC3EB1A4303EB214389B24FEA234E4E
:10B19000C84541EA0343944645F8043BE8D8BC451A
:10B1A00004D355F8043D83B10661C5E75CF8041B80
:10B1B0001EFA81F31A1402EB11429BB243EA0243D6
:10B1C0004FEA224E45F8043BE9E7013EE9E72DE965
:10B1D000F7430E46012159EC108B1546FFF76AFD27
:10B1E000C9F30A540746C9F3130334BB0193B8F1FA
:10B1F000000327D002A840F8083DFFF700FE0099A1
:10B20000F0B1019AC0F1200302FA03F30B43C240EC
:10B210007B610192019BBB61002B14BF02210121C4
:10B220003961C4B1A4F2334404443460C0F1350040
:10B230002860384603B0BDE8F08343F48013D5E7B7
:10B240007961E7E701A8FFF7DAFD019B7B61012146
:10B2500039612030E5E707EB8103A0F2324030602E
:10B260001869FFF7ADFDC0EB4110E1E7F8B50746FF
:10B2700014460E4621B91146BDE8F840FDF76ABDF7
:10B2800022B9FDF719FD25462846F8BD00F042FA1F
:10B29000A0420FD221463846FDF75CFD0546002846
:10B2A000F2D031462246FDF7CDFC31463846FDF757
:10B2B00003FDE9E73546E7E72DE9F0478E689E4252
:10B2C00082460C469046994637D88A8912F4906F88
:10B2D00031D0256809696F1A6569022305EB4505B8
:10B2E00095FBF3F509F101033B449D4238BF1D4630
:10B2F000530530D52946FDF72DFD064650B90C23E0
:10B30000CAF80030A38943F04003A3814FF0FF3017
:10B31000BDE8F0873A462169FDF794FCA38923F440
:10B32000906343F08003A381266165613E44ED1B79
:10B330002660A5604E464E4500D94E4632464146EF
:10B340002068FDF78AFCA3689B1BA36023681E444A
:10B3500026600020DCE72A46FFF788FF0646002823
:10B36000E2D121695046FDF7A7FCC8E72DE9F04F6F
:10B370009DB0804603938B891D060C4616460FD55B
:10B380000B696BB94021FDF7E5FC2060206128B90D
:10B390000C23C8F800304FF0FF30C7E04023636152
:10B3A0000023099320238DF8293030238DF82A308B
:10B3B0004FF0010B37463D4615F8013B0BB1252BED
:10B3C0003ED1B7EB060A0BD05346324621464046E3
:10B3D000FFF772FF013000F0A480099B53440993EA
:10B3E0003B78002B00F09D8000234FF0FF32CDE929
:10B3F0000523049307938DF853301A932F460522A3
:10B4000017F8011B4F48FFF703FC049BD0B9D9067E
:10B4100044BF20228DF853201A0744BF2B228DF8F9
:10B4200053202A782A2A15D0079A2F4600200A2569
:10B43000394611F8013B303B092B4DD9B8B10FE02B
:10B440002F46B8E73F4A801A0BFA00F018430490E1
:10B450003D46D3E7039A111D12680391002A01DBD0
:10B46000079204E0524243F00203079204933B78B0
:10B470002E2B0CD17B782A2B33D1039B1A1D1B68F2
:10B480000392002BB8BF4FF0FF33023705932E4DC8
:10B49000397803222846FFF7BBFB38B14023401B15
:10B4A00003FA00F0049B03430137049339782748DB
:10B4B0008DF8281006227E1CFFF7AAFB002838D042
:10B4C000234B13BB039B073323F00703083303937A
:10B4D000099B4B4409936DE705FB023201200F469F
:10B4E000A6E700230137059319460A25384610F8C8
:10B4F000012B303A092A03D9002BC8D00591C6E7A1
:10B5000005FB012101230746F0E703AB0093224628
:10B51000104B04A94046FDF749FEB0F1FF3F8146BC
:10B52000D6D1A3895B063FF536AF09981DB0BDE8BB
:10B53000F08F03AB00932246064B04A94046FEF76A
:10B54000EBF8EAE722C2030028C203002CC2030082
:10B55000AD910300B9B203001F2938B504460D466A
:10B5600004D9162303604FF0FF3038BD426C12B18E
:10B5700052F821304BB9204600F030F82A460146F7
:10B580002046BDE8384000F017B8012B0AD0591CFE
:10B5900003D1162303600120E7E7002442F8254089
:10B5A000284698470020E0E7024B01461868FFF75D
:10B5B000D3BF00BF9461002038B5074C0023054677
:10B5C00008461146236000F01DF9431C02D1236890
:10B5D00003B12B6038BD00BF4C85002000F002B9DC
:10B5E00010B50C46B1F90E1000F09CF80028ABBF66
:10B5F000636DA3891B1823F48053ACBF6365A381DB
:10B6000010BD2DE9F0411F468B89DB0505460C4630
:10B61000164605D502230022B1F90E1000F068F895
:10B62000A389B4F90E1023F48053A38132463B461C
:10B630002846BDE8F04100F017B810B50C46B1F946
:10B640000E1000F055F8431CA38915BF606523F464
:10B65000805343F48053A38118BFA38110BDB1F977
:10B660000E1000F013B8000038B5074C0546084628
:10B670001146002222601A46FBF7B6FA431C02D19B
:10B68000236803B12B6038BD4C85002038B5064CCB
:10B69000002305460846236000F094F8431C02D1BD
:10B6A000236803B12B6038BD4C85002038B5074CAA
:10B6B0000023054608461146236000F08BF8431C22
:10B6C00002D1236803B12B6038BD00BF4C85002038
:10B6D00038B5064C002305460846236000F08AF87A
:10B6E000431C02D1236803B12B6038BD4C85002078
:10B6F00038B5074C054608461146002222601A4616
:10B7000000F088F8431C02D1236803B12B6038BDD8
:10B710004C85002051F8043C181F002BBCBF0B586F
:10B72000C018704738B5074C054608461146002238
:10B7300022601A4600F076F8431C02D1236803B158
:10B740002B6038BD4C8500204FEA410C7FEA6C5CD1
:10B7500002D150EA013C0AD14FEA430C7FEA6C5C0B
:10B7600002D152EA033C02D14FF0000070474FF083
:10B77000010070474FEA410212F5001215D211D5AF
:10B780006FF47873B3EB625212D94FEAC12343F0DE
:10B79000004343EA505311F0004F23FA02F018BF60
:10B7A000404270474FF00000704750EA013005D129
:10B7B00011F0004008BF6FF0004070474FF00000EC
:10B7C000704700BF024B58221A604FF0FF3070479D
:10B7D0004C850020024B58221A604FF0FF30704712
:10B7E0004C850020024B58221A604FF0FF30704702
:10B7F0004C850020024B58221A600020704700BF81
:10B800004C850020024B58221A604FF0FF307047E1
:10B810004C850020024B58221A604FF0FF307047D1
:10B820004C850020024B58221A604FF0FF307047C1
:10B830004C850020FEE700BFF8B500BFF8BC08BC8F
:10B840009E467047F8B500BFF8BC08BC9E467047DE
:10B8500054696E795553422053657269616C0000DA
:10B860000000000000000000316502008963020052
:10B87000796302006D630200F16202003D63020021
:10B8800011630200D1630200F0FFFFFF000000001F
:10B890002965020012010002000000409A2329805D
:10B8A000000101020301000009020900000100A0DB
:10B8B00032000000303132333435363738394142C6
:10B8C000434445464C696C79676F0000542D4563CD
:10B8D000686F2D436172642D6E52463532383430B4
:10B8E0000000000041646166727569740000000028
:10B8F0004D6173732053746F7261676500000000BF
:10B90000312E30007573626400000000050F3900AD
:10B91000021810050038B60834A909A0478BFDA00D
:10B92000768815B665000101011C100500DF60DD99
:10B93000D88945C74C9CD2659D9E648A9F000003B0
:10B9400006B20002000103000000000015700200B2
:10B95000A5700200D1700200197102002572020068
:10B96000F97202000000000000000000717D02007A
:10B9700000000000817D0200917D0200297E02000E
:10B98000797F02000000000000000000B174020096
:10B99000C9740200CD740200E5740200AD750200A6
:10B9A000D57702000000000000000000718C02004A
:10B9B000958C0200998C0200BD8C0200E58D02007E
:10B9C000659502000000000000000000957802006C
:10B9D0000579020031790200597902008D7A02005E
:10B9E000917A020000000000000000004986020079
:10B9F000A1860200BD860200E1860200396D0200C8
:10BA000019880200000000005F757362645F716452
:10BA1000656600005B5358313236325D200000000D
:10BA2000206661696C65642C20636F64652000008A
:10BA30005B5358313236325D205472616E736D69DA
:10BA40007474696E67207061636B65742000000018
:10BA5000202E2E2E20000000737563636573730023
:10BA60006661696C65642C20636F6465200000006A
:10BA7000696E697469616C697A6174696F6E0000DE
:10BA800063757272656E74206C696D697420636F82
:10BA90006E66696775726174696F6E004352432008
:10BAA000636F6E66696775726174696F6E0000001E
:10BAB000542D4563686F2D43617264204C6F526151
:10BAC0002063657274696669636174696F6E20745E
:10BAD000657374004672657175656E63793A20000E
:10BAE000204D487A0000000042616E6477696474FA
:10BAF000683A2000206B487A00000000537072659D
:10BB00006164696E6720666163746F723A20000039
:10BB1000436F64696E6720726174653A20342F0048
:10BB200053796E6320776F72643A2030780000009A
:10BB30004F757470757420706F7765723A200000CD
:10BB40002064426D0000000043757272656E7420BF
:10BB50006C696D69743A2000206D41005072656116
:10BB60006D626C65206C656E6774683A2000000039
:10BB70004352433A2000000064697361626C65645B
:10BB8000000000005061796C6F61642073697A6510
:10BB90003A20000020627974657300005461726776
:10BBA00065742064757479206379636C653A20004C
:10BBB0002500000054696D65206F6E206169723A3E
:10BBC00020000000207573005472616E736D6974FB
:10BBD00020696E74657276616C3A2000206D730086
:10BBE000705F73706920213D204E554C4C00000061
:10BBF000433A5C55736572735C584B5C2E706C6194
:10BC000074666F726D696F5C7061636B6167657399
:10BC10005C6672616D65776F726B2D6172647569B8
:10BC20006E6F61646166727569746E726635325CDE
:10BC30006C69627261726965735C5350495C535000
:10BC4000492E637070000000535049436C61737358
:10BC50003A3A535049436C617373284E52465F53CE
:10BC600050494D5F547970652A2C2075696E74387F
:10BC70005F742C2075696E74385F742C2075696E42
:10BC800074385F74290000000000FFFF000080008E
:10BC90000000000008000800000000000000000094
:10BCA000E8030000FFFFFFFFFFFFFFFFFFFFFFFFB5
:10BCB000FFFFFFFFFFFFFFFF00000000000000008C
:10BCC000BDE60200ADE602009DE602008DE6020040
:10BCD00081E6020079E60200A1E5020075E60200B5
:10BCE0003DE6020029E60200B9E5020019E602007D
:10BCF000C9E5020011E60200C1E50200EDE602001E
:10BD0000CDE60200FDE50200F1E50200EDE50200EE
:10BD1000B5E5020000000000000000000000000087
:10BD20000338FDD8704700005358313236310000D7
:10BD300000000000000000007900030061EF020035
:10BD400015F002003D38030051FE020059FF0200C9
:10BD5000B1090300290303007DF8020019F902006C
:10BD600055F00200D1EB0200F9E7020091F2020067
:10BD700091F10200C1F40200FDF5020005F4020099
:10BD800079E7020051E7020039F7020099FB02004F
:10BD9000A90F030039EC0200BDF00200D1EF020050
:10BDA00081F3020035ED020071EB02000DEC0200A0
:10BDB00059F1020019F1020011210300D121030001
:10BDC00079F5020049EB0200B91F03006DFA020089
:10BDD000A1EF020025EF0200B1380300A1EF02003D
:10BDE00041EF0200A1EF020041EF0200A1EF0200CB
:10BDF00041EF02005DE80200D5EE020091EB020087
:10BE0000E5EB0200FFFFFFFF0000000080010000E3
:10BE10008001000012AD101B0108AC0012AD000043
:10BE200000000000000000007900030061EF020044
:10BE300015F002003D38030051FE020059FF0200D8
:10BE4000B1090300290303007DF8020019F902007B
:10BE500055F00200D1EB02005538030091F20200C8
:10BE600091F10200C1F40200FDF5020005F40200A8
:10BE7000653803006D38030039F7020099FB0200B2
:10BE8000A90F030039EC0200BDF00200D1EF02005F
:10BE900081F3020035ED020071EB02000DEC0200AF
:10BEA00059F1020019F1020011210300D121030010
:10BEB00079F5020049EB0200B91F03006DFA020098
:10BEC000A1EF020025EF0200B1380300A1EF02004C
:10BED00041EF0200A1EF020041EF0200A1EF0200DA
:10BEE00041EF02003D380300D5EE020091EB020065
:10BEF000E5EB02000101000001000100000001006B
:10BF0000010000005000B00018017801B0021803D1
:10BF1000C8053006300C980C0F06030000122436BA
:10BF2000480416283A4C081A2C3E0C1E30421022A7
:10BF3000344601132537490517293B4D091B2D3F71
:10BF40000D1F314311233547021426384A06182A9B
:10BF50003C4E0A1C2E400E203244031527394B0755
:10BF6000192B3D4F0B1D2F410F21334500000000C1
:10BF7000000000002538030035380300BD380300F9
:10BF80003D38030035380300453803002D380300E1
:10BF900025380300353803002D3803004D380300E1
:10BFA0003538030055380300553803005538030071
:10BFB0003D3803003D3803005D3803006538030059
:10BFC0006D3803002D3803004D3803007538030029
:10BFD0007538030085380300893803008938030069
:10BFE0009138030091380300953803004D38030061
:10BFF0004D380300353803009D3803003538030001
:10C00000353803009D380300A5380300A938030024
:10C01000AD380300B1380300A9380300B938030074
:10C02000A9380300B9380300A9380300B938030060
:10C030003D3803009D380300C14603003021120340
:10C0400012033021031221302130031243703407D0
:10C050002516526152612516340743700734704328
:10C060006152162516256152704307343407437018
:10C070005261251625165261437034077043073408
:10C0800016256152615216250734704300000000E6
:10C0900000000000C1460300C1460300C146030082
:10C0A000C1460300C1460300C1460300C146030068
:10C0B000C1460300C1460300C1460300C146030058
:10C0C000C1460300C1460300C1460300C146030048
:10C0D000293C0300293C03002D3C0300313C0300B4
:10C0E000293C0300353C0300000000000100000073
:10C0F0000200000003000000040000000500000032
:10C100000600000007000000080000000900000011
:10C110000A0000000B0000000C0000000D000000F1
:10C120000E0000000F0000001000000011000000D1
:10C1300012000000130000001400000015000000B1
:10C140001600000017000000180000001900000091
:10C150001A0000001B0000001C0000001D00000071
:10C160001E0000001F000000200000002100000051
:10C170002200000023000000240000002500000031
:10C180002600000027000000280000002900000011
:10C190002A0000002B0000002C0000002D000000F1
:10C1A0002E0000002F000000252E2A66000000004F
:10C1B0000D0A0000546D725100000000546D722091
:10C1C000537663006C6F6F700000000043616C6C0D
:10C1D0006261636B000000002C2066756E637469F9
:10C1E0006F6E3A2000617373657274696F6E2022FE
:10C1F000257322206661696C65643A2066696C6506
:10C2000020222573222C206C696E652025642573FD
:10C2100025730A00986100204300504F534958008D
:10C220002E00232D302B2000686C4C00656667457E
:10C23000464700494E4600696E66004E414E006E0C
:10C24000616E0030003031323334353637383941A1
:10C25000424344454600303132333435363738397D
:10C260006162636465660000202020202020202079
:10C270002028282828282020202020202020202096
:10C2800020202020202020208810101010101010B6
:10C2900010101010101010100404040404040404FE
:10C2A000040410101010101010414141414141018F
:10C2B000010101010101010101010101010101016E
:10C2C000010101101010101010424242424242027D
:10C2D000020202020202020202020202020202023E
:10C2E00002020210101010200000000000000000E8
:10C2F000000000000000000000000000000000003E
:10C30000000000000000000000000000000000002D
:10C31000000000000000000000000000000000001D
:10C32000000000000000000000000000000000000D
:10C3300000000000000000000000000000000000FD
:10C3400000000000000000000000000000000000ED
:10C3500000000000000000000000000000000000DD
:10C360000000000000000000496E66696E69747983
:10C37000004E614E000000000000000000000000C0
:10C3800000000000000000000000000000000000AD
:10C39000000000000000000000000000000000009D
:10C3A000000000000000000000000000000000008D
:10C3B000000000000000000000000000000000007D
:10C3C000000000000000000000000000000000006D
:10C3D00000000000000000000080E03779C3414306
:10C3E000176E05B5B5B89346F5F93FE9034F384DDB
:10C3F000321D30F94877825A3CBF737FDD4F157587
:10C40000000000000000F03F000000000000244099
:10C4100000000000000059400000000000408F4074
:10C42000000000000088C34000000000006AF840DF
:10C430000000000080842E4100000000D012634103
:10C440000000000084D797410000000065CDCD4179
:10C45000000000205FA00242000000E8764837425A
:10C46000000000A2941A6D42000040E59C30A242F8
:10C470000000901EC4BCD64200003426F56B0C436D
:10C480000080E03779C3414300A0D8855734764314
:10C4900000C84E676DC1AB43003D9160E458E14375
:10C4A000408CB5781DAF154450EFE2D6E41A4B44EA
:10C4B00092D54D06CFF08044F64AE1C7022DB5442F
:10C4C000B49DD9794378EA440500000019000000C2
:08C4D0007D00000000000000E7
:08C4D800789DFE7F01000000C9
:10C4E000000000000A00000000000306B20008007F
:10C4F00001000000A800080002000000A0001400D5
:10C50000030057494E555342000000000000000050
:10C5100000008400040007002A0044006500760043
:10C5200069006300650049006E00740065007200D8
:10C530006600610063006500470055004900440043
:10C540007300000050007B003900370035004600C2
:10C5500034003400440039002D0030004400300025
:10C5600038002D0034003300460044002D00380010
:10C570004200330045002D003100320037004300F7
:10C5800041003800410046004600460039004400A2
:10C590007D000000000000000400000010000C00FE
:10C5A000C472002008BA0300000000000000000070
:10C5B000000000000000000000000000000000007B
:10C5C000000000000000000000000000000000006B
:10C5D000000000000000000000000000000000005B
:10C5E000000000000000000000000000000000004B
:10C5F0000000000000000000FF000000010000003B
:10C60000000000000000000000000000000000002A
:10C610000000000002000000000000000000000018
:10C620000000000000000000000000000300000007
:10C6300000000000000000000000000000000000FA
:10C6400000000000000000000000000000000000EA
:10C6500000000000000000000000000050850020E5
:10C660000090D003D4840020E8840020FC840020C3
:10C6700010850020986100200000000098C303008E
:10C68000B8C3030078C303000000000000000000EE
:10C69000000000000000000000000000000000009A
:10C6A000000000000000000000000000000000008A
:10C6B000000000000000000000000000000000007A
:10C6C000000000000000000000000000000000006A
:10C6D0000000000000000000430000000000000017
:10C6E000000000000000000000000000000000004A
:10C6F00000000000000000004300000000000000F7
:10C700000000000000000000000000000000000029
:10C7100000000000000000004300000000000000D6
:10C720000000000000000000000000000000000009
:10C7300000000000000000004300000000000000B6
:10C7400000000000000000000000000000000000E9
:10C750000000000000000000430000000000000096
:10C7600000000000000000000000000000000000C9
:10C770000000000000000000430000000000000076
:10C7800000000000000000000000000000000000A9
:10C790000000000000000000430000000000000056
:10C7A0000000000000000000000000000000000089
:10C7B00000000000000000009D9A0300218C03008F
:10C7C0000000000067C2030020C2030013C2030080
:10C7D00013C2030013C2030013C2030013C20300F9
:10C7E00013C2030013C2030013C2030013C20300E9
:10C7F000FFFFFFFFFFFFFFFFFFFFFFFFFFFF000047
:10C8000001004153434949000000000000000000BE
:10C810000000000000000000000000000000000018
:10C82000000041534349490000000000000000009F
:10C8300000000000000000000000000000000000F8
:10C84000000000000162020035620200256602005D
:10C8500029CC0200FDD202005D3A0300C53B030073
:0CC8600061430300757C030011620200BC
:0400000330006AE976
:00000001FF
