:020000040002F8
:1060000038AF0120D9640200E1640200F9620200A5
:10601000E5640200E7640200E96402000000000099
:10602000000000000000000000000000EB6402001F
:10603000ED64020000000000EF640200F164020061
:1060400081700200F3640200DD720200F36402005A
:10605000F36402008D6E0200F56B0200F36402002F
:10606000F3640200F3640200F36402009170020022
:10607000F3640200F3640200F3640200F3640200BC
:10608000F3640200A1700200F3640200F3640200F2
:10609000F3640200F3640200F3640200F36402009C
:1060A000F3640200F3640200F36402008D720200E4
:1060B000F3640200F364020000000000000000002E
:1060C000F3640200F3640200F3640200F36402006C
:1060D000F3640200F3640200F3640200E972020058
:1060E000F3640200F3640200F364020000000000A5
:1060F00000000000F364020000000000F3640200EE
:10610000000000000000000000000000000000008F
:10611000000000000000000000000000000000007F
:10612000000000000000000000000000000000006F
:10613000000000000000000000000000000000005F
:10614000000000000000000000000000000000004F
:10615000000000000000000000000000000000003F
:10616000000000000000000000000000000000002F
:10617000000000000000000000000000000000001F
:10618000000000000000000000000000000000000F
:1061900000000000000000000000000000000000FF
:1061A00000000000000000000000000000000000EF
:1061B00000000000000000000000000000000000DF
:1061C00000000000000000000000000000000000CF
:1061D00000000000000000000000000000000000BF
:1061E00000000000000000000000000000000000AF
:1061F000000000000000000000000000000000009F
:10620000DFF80CD000F022FB00480047199E020086
:1062100038AF012030B4044654E8000F0D4644E87E
:106220000053002BF8D1156030BC704730B40446E1
:1062300054E8000F40EA010544E80053002BF7D171
:10624000156030BC704730B4044654E8000F00EAD3
:10625000010544E80053002BF7D1156030BC7047AE
:1062600030B4044654E8000F80EA010544E80053C6
:10627000002BF7D1156030BC704730B4044654E8A9
:10628000000F00EB010544E80053002BF7D1156027
:1062900030BC704730B4044654E8000FA0EB010551
:1062A00044E80053002BF7D1156030BC704770B440
:1062B00004464FF0000054E8006F0D68AE4207BF7F
:1062C00044E80023012044E800630E60002B1CBF5B
:1062D0000020F0E770BC704730B4044654E8000F6B
:1062E00088422CBF451A054644E80053002BF5D1DF
:1062F000156030BC70470000094B1EF0040F1CBF36
:10630000EFF309801847EFF308800649064A8842F0
:1063100001D8904202D88D464FF000001847000087
:10632000996C020038AF0120388F012030B450E85A
:10633000012F93B2C48923448489A34228BF1B1B25
:106340000489A34202BFBFF32F8F002007E0C3EAF6
:10635000020340E80134002CE9D14FF001000A604B
:1063600030BC704750E8012FC2EA024240E80121E8
:106370000029F7D1704730B450E8022F1FFAA2F37A
:10638000C488A34202BFBFF32F8F00200DE0C48951
:1063900023448489A34228BF1B1BC2EA034340E86D
:1063A0000234002CE8D14FF001000A6030BC704785
:1063B00050E8022FC2EA224240E802210029F7D128
:1063C0007047034653E8022FD988B2EB324F4FF0A3
:1063D000000017BF92B241EA014142EA014104E0E4
:1063E0005A68B2EB324F08BF012043E80212002A7C
:1063F000E8D1704730B4044654E8000F0D4644E835
:106400000053002BF8D1156030BC704730B40446FF
:1064100054E8000F40EA010544E80053002BF7D18F
:10642000156030BC704730B4044654E8000F00EAF1
:10643000010544E80053002BF7D1156030BC7047CC
:1064400030B4044654E8000F80EA010544E80053E4
:10645000002BF7D1156030BC704730B4044654E8C7
:10646000000F00EB010544E80053002BF7D1156045
:1064700030BC704730B4044654E8000FA0EB01056F
:1064800044E80053002BF7D1156030BC704770B45E
:1064900004464FF0000054E8006F0D68AE4207BF9D
:1064A00044E80023012044E800630E60002B1CBF79
:1064B0000020F0E770BC704730B4044654E8000F89
:1064C00088422CBF451A054644E80053002BF5D1FD
:1064D000156030BC704700000648804706480047FA
:1064E000FEE7FEE7FEE7FEE7FEE7FEE7FEE7FEE784
:1064F000FEE7FEE7B1700200016202002DE9F05FE5
:106500000546002092469B46884606468146402422
:106510001BE0284641464746224600F02FF85346E6
:106520005A46C01A914110D311461846224600F02F
:1065300016F82D1A67EB01084F462246012000216C
:1065400000F00DF817EB00094E41201EA4F10104E4
:10655000DFDC484631462A464346BDE8F09F202A04
:1065600004DB203A00FA02F1002070479140C2F1AA
:10657000200320FA03F3194390407047202A04DBDC
:10658000203A21FA02F00021704721FA02F3D040AC
:10659000C2F12002914008431946704700487047F5
:1065A00038F1020010B50446FFF7F8FF0068005DFF
:1065B00000F0010010BD10B5431A934209D28318B0
:1065C000881803E010F8011D03F8011D521EF9D2CE
:1065D00010BD40EA01039B0703D009E008C9121F60
:1065E00008C0042AFAD203E011F8013B00F8013B8D
:1065F000521EF9D210BDD2B201E000F8012B491EA3
:10660000FBD270470022F6E710B513460A4604464F
:106610001946FFF7F0FF204610BD421C10F8011B81
:106620000029FBD1801A704710B5002200E0521CEF
:10663000835C8C5CA34201D1002BF8D1D8B2E1B2CB
:10664000401A10BD0FB400B58DB010A909900B9081
:1066500000914FF0FF300A9000200C900548069002
:10666000054807906A4609A80F9900F0C1F80DB0D7
:106670005DF814FB0D6802002B6802002DE9FF5F36
:106680001D464FF0FF3BD5E9014691465F464FF06E
:106690000008A9697F1C01988847296A82468847B3
:1066A0000028F6D1BAF1FF3F0CD024F4C064002ECC
:1066B00019DD600614D5BAF12B0F09D0BAF12D0FF0
:1066C0000ED103E0584604B0BDE8F09F44F4806466
:1066D000A9697F1C01988847761E8246002E02DD3C
:1066E000BAF1300F03D0B9F1000F26D032E0A9691A
:1066F000761E44F400747F1C019888478246002E61
:1067000005DDBAF1780F06D0BAF1580F03D0B9F110
:10671000000F10D01EE0B9F1000F02D0B9F1100F38
:1067200018D1A969761E24F400747F1C019888474B
:106730008246102002E0082000E00A20814609E09D
:1067400008FB0908A969761E44F400747F1C0198AF
:1067500088478246002E05DD4946504600F034F851
:106760000028EDDAE96901988847A00502D46FF0A6
:106770000100A8E7E00725D1600613D5600502D522
:10678000C8F1000000E0404629680A1D2A60096837
:10679000220501D5087015E0220701D5088011E017
:1067A00008600FE02868011D29600068210502D5F6
:1067B00080F8008006E0210702D5A0F8008001E003
:1067C000C0F8008038467EE73A2800D2303820F002
:1067D0002002412A01D3A2F13700884201D34FF0B1
:1067E000FF30704702681144137801601846704703
:1067F000D1600449516104491162002111611146BF
:1068000000F036B8E5670200A5650200426842B1B3
:10681000016811F8013B23B1521EC0E9001218466D
:1068200070470121C160881E704742685AB1C36831
:10683000016843B983688B4205D0491E521CC0E9E8
:106840000012002070474FF0FF307047064C074D94
:1068500006E0E06840F0010394E807009847103430
:10686000AC42F6D3FFF7D0FC38FB020058FB020025
:106870002DE9F34F8BB04FF0000801F10C000C46EE
:106880004FF0010B46460DF1080A019062690121A3
:1068900001989047051E2DD0252D2CD0216A8847C0
:1068A000C0B16269012101989047216A8847002898
:1068B000F7D1411E62690198904700E0761CA169FA
:1068C0000B988847216A88470028F7D1E1690B981F
:1068D0008847DBE7A1690B9888470746A84201D1A2
:1068E000761CD3E7E1690B9888477F1C02D1B8F189
:1068F000000F6FD046E1002762693D463946019896
:1069000090472A2804D16269012101989047012506
:10691000DFF884926269012101989047A0F130016B
:106920000A290AD24F45E5DC07EB870100EB410756
:10693000303FDFD445F01005ECE7E90601D46FF0F5
:1069400000476C280AD04C2814D0682815D06A2833
:106950000DD074281CD07A281AD01DE0626901215C
:10696000019890476C2802D045F0040514E045F0EA
:1069700002050DE045F020050AE062690121019859
:106980009047682802D045F0080505E045F4006509
:106990006269012101989047C4E9015765283DD0FB
:1069A00019DC58287AD00CDC452837D004DC25289F
:1069B00026D0412831D131E046282FD047282CD18C
:1069C0002CE05B2877D0612828D063287CD064280D
:1069D00023D15AE0D0E06F2848D008DC66281DD0CB
:1069E00067281BD0692821D06E2816D127E070288F
:1069F00045D0732868D0752847D078280DD14DE050
:106A0000A1690B988847054625283FF469AFE169DD
:106A10000B9888476D1C3FF46AAFB3E023466A4683
:106A20006FF001000B99AFF300809EE045F040004D
:106A30006060A80723464FF0000236D43EE0E80726
:106A40007FF447AF2068011D21600068290501D54A
:106A500006701BE7290701D5068017E7A90703D5AC
:106A6000F117C0E9006111E706600FE745F040004B
:106A70006060A80723464FF0080216D41EE040F6D7
:106A80000E0125EA0100606016E045F040006060FC
:106A9000A80723464FF00A0207D40FE045F0400054
:106AA0006060A80708D5234610226FF001000B99FB
:106AB000AFF3008059E007E0234610226FF0010099
:106AC0000B99FFF7DBFD50E04FF000094F464B46B6
:106AD000632802D05B2806D040E0E80601D40120FC
:106AE000A06001273AE062690121019890475E2881
:106AF00005D14FF001096269494601989047216923
:106B000039B900210A46534643F82120491C082977
:106B1000FADBB0B3216969B9C11700EBD162531137
:106B20000AEB830122F01F02821A01200B689040B9
:106B300003430B6062690121019890475D28E8D109
:106B4000B9F1000F09D00020514651F82020D2435E
:106B500041F82020401C0828F7DB02AB22460097B2
:106B60006FF001000B99AFF3008000280CDA401C95
:106B700008D1BBF1000F05D04FF0FF300DB0BDE8DC
:106B8000F08FFFE74046F9E7E90701D108F1010876
:106B900006444FF0000B79E6CCCCCC0C70B58C18C9
:106BA00010F8015B15F0070301D110F8013B2A1121
:106BB00006D110F8012B03E010F8016B01F8016B0E
:106BC0005B1EF9D12B0705D40023521E0DD401F80A
:106BD000013BFAE710F8013BCB1A921C03E013F8D3
:106BE000015B01F8015B521EF9D5A142D8D3002008
:106BF00070BD00002DE9FC410025DFF89480009570
:106C00004FF4807601242F460195304604F01EFD96
:106C100038B1D8F80403204203D0304604F00CFD0C
:106C20002543361D64007F1CB6B2082FEDD34FF408
:106C3000BE74204604F00AFD48B1204604F0FCFC76
:106C400045F000456A460221002004F07DFC15F065
:106C5000FF0F16D0012600242E420ED008EB84012F
:106C6000D1F81005D1F81015C0F30520094AC1F379
:106C7000014152F8242002B190477600641C082C90
:106C8000EAD3002D02DA684606F026FDBDE8FC8155
:106C900000600040BC8301201CB5814604F078FFF1
:106CA00004F0BAFD0028FBD12D485FEA090507680A
:106CB0002C482D494FF00106A0EB01004FEAD0000F
:106CC00006EB004417D0204628A1AA6904F0C2FEB2
:106CD000D5E90201CDE90001D5E90023204629A12B
:106CE00004F0C8FEE8690090D5E90423204633A1EA
:106CF00004F0B7FE03E020463AA104F0A7FE1848CE
:106D0000001D0068800703D52046434904F09EFE1D
:106D1000DFF80881002500BF06FA05F0384206D0EA
:106D200058F825201AB120463DA104F093FE6D1CB1
:106D30001A2DF1D3380606D509480C3002682046D2
:106D40003AA104F087FE380406D5054810300268E1
:106D500020463EA104F07EFE484600F085F8000083
:106D600028ED00E010FC020098FB0200484152446C
:106D7000204641554C5420617420307825303858D5
:106D800000000000202052303A2020307825303892
:106D900058202052313A2020307825303858202091
:106DA00052323A2020307825303858202052333A59
:106DB0002020307825303858000000002020523143
:106DC000323A2030782530385820204C523A202052
:106DD00030782530385820205053523A20307825CA
:106DE00030385800537461636B2076696F6C61743E
:106DF000696F6E3A20737461636B20706F696E7493
:106E00006572206F75747369646520737461636B58
:106E100020617265612E000048F20200E8800120C6
:106E200043617573653A2025732E00004D656D4DE5
:106E3000616E616765204661756C7420416464729F
:106E40006573733A203078253038580042757320C6
:106E50004661756C7420416464726573733A2030C6
:106E60007825303858000000BFF34F8F054801687F
:106E7000054A01F4E06111430160BFF34F8F00BF89
:106E8000FDE700000CED00E00400FA052DE9FF5FCE
:106E90004FF482750024284604F058FF38B10220D0
:106EA00004F064FF18B1284604F058FF02244FF4A0
:106EB0008475284604F04AFF58B1042004F056FFB8
:106EC00038B1284604F04AFF0CB1032402E0012443
:106ED00000E014B1204605F063FA4FF48C7004F022
:106EE00035FFDFF88891624F624E634C4FF0000827
:106EF0004FF4947A4FF4867B78B3402004F036FF49
:106F000058B34FF48C7004F029FFB068CDE9000845
:106F1000D9F8000003905548143000685546C0F376
:106F20000B001038C0F3CC000290504604F00EFF66
:106F300060B1381504F01AFF40B1386800F00D0058
:106F40000190284604F00AFF0D203860616809B1FD
:106F500068468847584604F001FF4FF4887004F0F3
:106F6000F5FEA0B1102004F001FF80B14FF488704D
:106F700004F0F4FE06F118000FC88DE80F003F4939
:106F80001820C1F80803616809B1684688474FF4C2
:106F9000A67004F0DBFE364D083D30B34FF4002000
:106FA00004F0E4FE08B34FF4A67004F0D7FE4FF4EB
:106FB0008C7004F0D3FE504604F0D0FE584604F026
:106FC000CDFE4FF4887004F0C9FE002005F044FAAD
:106FD0000D2038600120286006F128000FC88DE8D8
:106FE0000F00616809B1684688474FF48E7A5046B1
:106FF00004F0ACFEC0B1802004F0B8FEA0B12F6850
:10700000504604F0ABFE383696E80F008DE80F00CE
:10701000F80707D0012028608DF80480616809B165
:1070200068468847012028605D46584604F08EFE79
:10703000002819D0082004F099FE002814D0284612
:1070400004F08CFE616800290ED008200090D9F869
:107050000000029005480C30006840F2FF1202EA7E
:10706000D000019068468847BDE8FF9F105500405A
:107070000C540040ECEC0200B086012000500040AF
:1070800010B505F033FBBDE8104005F0BDB80000B9
:1070900003220021014802F011BE000000B00040B0
:1070A00002490248091F096800680847E08001207A
:1070B00030B54FF080520023D2E94C10082906D198
:1070C000CC06C4F80C31C4F81031624C2360082996
:1070D00055D1614B1B68614C23605F4B1B1D1B68C6
:1070E000241D23605C4B08331B68241D23605A4B0E
:1070F0000C331B68241D2360574B10331B68241D61
:107100002360554B14331B68241D2360524B1833E6
:107110001B68524C203423604F4B1C331B68241DCA
:1071200023604D4B20331B68241D23604A4B2433BE
:107130001B68241D2360484B28331B68241D2360D3
:10714000454B2C331B68241D2360434B30331B6895
:10715000424C40342360404B34331B68241D236071
:107160003D4B38331B68241D23603B4B3C331B686D
:10717000241D2360384B40331B68241D23600829DD
:1071800004D1030002D1374C354B2360082904D1C8
:10719000030002D1344CFB232360082908D10300EB
:1071A00006D1324B92F858521C6865F303041C60F8
:1071B000082904D1030002D12D4C8B01236008293A
:1071C00006D12C480168C90702D06FF001010160A7
:1071D0002948016841F470010160BFF34F8FBFF38C
:1071E0006F8FD2E94C104FF01022082906D10328E6
:1071F00004D9D2F80802174920310860D2F80002F9
:10720000002803DBD2F8040200281FDA012006F070
:1072100057FA1221C2F8001218480368002BFCD05C
:10722000C2F8041201680029FCD0002006F048FAD8
:10723000BFF34F8F10487C380168114A01F4E061B8
:1072400011430160BFF34F8F00BFFDE70E490D48AA
:10725000086030BD380500400404001020C500401F
:10726000488103008C56004018F50040E40E0040B1
:10727000409602400004004088ED00E000E4014038
:107280000400FA050090D003CC8101202DE9F047DD
:10729000104E062700244FF4A0784FF4803900BF29
:1072A00008EB840509FA04F0715961B1D6F80413AA
:1072B000014208D02946304604F070FE0648D0E965
:1072C000002128469047641CE4B2BC42E8D3BDE8E4
:1072D000F087000000B00140C0860120014800682E
:1072E00000470000508001202DE9F0411A48D0F8F5
:1072F0000453002601240FE095FAA5F0B0FA80F7B8
:10730000B80000F5807004F0EFFE10B104FA07F049
:10731000064304FA07F08543002DEDD1C6F3C057AC
:1073200026F40005DFF834800AE000BF95FAA5F0E6
:10733000B0FA80F658F82600804704FA06F0854334
:10734000002DF3D107F0B8F8002F03D0BDE8F041CD
:1073500002F0C8BABDE8F0810070024050EC0200B3
:10736000C11700EBD161074B4A1153F8222021F0DD
:107370001F01411A01208840024201D001207047BC
:107380000020704700E100E0002809DB00F01F0248
:10739000012191404009800000F1E020C0F88012F6
:1073A000704700000FB41CB50246002007AC00294E
:1073B0000BD0491ECDE90021054B6A4621460698AF
:1073C00000F02CF8009A002111701CBC5DF814FB31
:1073D0007F7802000FB4084B10B504A902AA0398E5
:1073E00000F01CF8044602A9002000F053FA2046E1
:1073F00010BC5DF814FB00009578020002E008C89C
:10740000121F08C1002AFAD170477047002001E01E
:1074100001C1121F002AFBD1704700002DE9FF4F68
:107420008DB00F460546002606E025280BD0DDE985
:107430000F1290476D1C761C28780028F5D111B0EA
:107440003046BDE8F08F0024A246A1460122EC4957
:1074500000E0044315F8013F203B02FA03F0084224
:10746000F7D128782A2810D06FF02F022878A0F1C1
:107470003001092914D80AEB8A0102EB410144F0DA
:10748000020400EB010A6D1CF0E701CF5FEA000A7D
:1074900003D544F40054CAF1000A44F002046D1C00
:1074A00028782E2817D115F8010F44F004042A2853
:1074B0000ED06FF02F022878A0F1300109290AD8E8
:1074C00009EB890102EB410100EB01096D1CF2E7B8
:1074D00057F8049B6D1C28786C280FD006DC4C28CC
:1074E00017D068280DD06A2814D104E0742810D071
:1074F0007A280FD10DE044F400140AE044F480141B
:1075000001E044F440146978814202D104F580140A
:107510006D1C6D1C2A786E2A1FD00CDC632A31D0BA
:1075200004DC002A8BD0582A11D1A3E0642A68D049
:10753000692A0CD165E0732A2ED004DC6F2A73D03F
:10754000702A04D19BE0752A6FD0782A6ED010463D
:10755000DDE90F129047761C50E1C4F30250022877
:1075600006D0032809D0042801CF09D0066045E1E0
:1075700001CFF117C0E9006140E101CF06803DE194
:1075800006703BE117F8040B8DF8000000208DF821
:107590000100EB46012003E057F804BB4FF0FF3039
:1075A00061074FF0000102D40DE008F101018846A7
:1075B00049450FDA8045F8DB1BF808100029F4D1A3
:1075C00008E008F1010188468142FADB1BF8081047
:1075D0000029F6D1DDE90F23AAEB080081462146F8
:1075E00000F036F9304400EB080604E0DDE90F1244
:1075F0001BF8010B9047B8F10108F7D22146484625
:10760000F7E00A21C4F302534FF0000B0891022B5C
:1076100004D001CFC117032B09D00AE0FF1D27F0CA
:107620000707F7E8020108E032E01FE020E000B2BF
:10763000C117042B01D140B2C117031E71F1000321
:1076400007DA4FF0000CD0EB0C006CEB01012D239E
:1076500002E0230504D52B238DF82430012303E019
:10766000E30701D02023F7E7984658E00A2110E00D
:1076700010210EE010204FF0000B08900CE01021BC
:107680004FF0000B44F004044FF00809089103E0A8
:1076900008214FF0000B0891C4F30253022B04D0D1
:1076A00001CF0021032B06D006E0FF1D27F00707BE
:1076B000F7E8020103E080B2042B00D1C0B24FF022
:1076C000000823072BD5702A07D0DDF820C08CF0E6
:1076D000100C5CEA0B0C05D00EE040238DF8243032
:1076E000012308E050EA010306D030238DF824304E
:1076F0008DF8252002239846DDF820C08CF0080C78
:107700005CEA0B0C0BD150EA010301D1630706D5EB
:1077100030238DF824304FF00108A9F10109582ACF
:1077200004D038A20B9208AA0A920BE03AA2F9E719
:107730005B46089AFEF7E2FE0B9B9B5C0A9A521E80
:107740000A92137050EA0102F2D10A98ADEB0000E0
:1077500000F1200B600702D524F4803401E04FF0E3
:107760000109D94502DDA9EB0B0000E0002000EB88
:107770000B0141440890AAEB010AE00306D4DDE9BD
:107780000F232146504600F063F806444FF00009ED
:1077900008E009A911F80900DDE90F12904709F185
:1077A0000109761CC145F4DBE0030CD5DDE90F23AC
:1077B0002146504600F04CF8064404E0DDE90F1283
:1077C00030209047761C0899481E08900029F5DC67
:1077D00008E00A980A990078491C0A91DDE90F121D
:1077E0009047761CBBF10001ABF1010BF1DC2146A7
:1077F0005046DDE90F2300F019F806446D1C1BE626
:107800000928010030313233343536373839616276
:10781000636465660000000030313233343536373A
:107820003839414243444546000000002DE9F0410B
:10783000044600251E461746880404D405E0394650
:107840002020B0476D1C641EF9D52846BDE8F081A4
:107850002DE9F041044600251E469046C80301D597
:10786000302700E02027880404D505E0414638464B
:10787000B0476D1C641EF9D52846BDE8F0814A6802
:10788000002A06D00A68531C0B6010704868401E1E
:10789000486070470A68531C0B6010707047000006
:1078A00070B5254CA0421ED1F1B1012936D0022974
:1078B00028D0032917D1072002F020FC002812D17C
:1078C00094F8680094F8691088420CD194F86A0022
:1078D000002808D10023D4E901501A460321A84703
:1078E000012084F86A0070BD052002F007FC002822
:1078F000F9D1A06864680023A446BDE870401A4628
:107900000121604710461900EDD00028EBD0027825
:10791000302AE8D1BDE8704002F010BC082002F027
:10792000EDFB28B9A068002364681A460221A0472D
:10793000BDE8704002F0B6BCAC8E012072B604F017
:1079400027F900BF03F068FF0028FBD11148124956
:10795000401AC408012000EB044010A104F076F89E
:1079600011480068C00700D000BE022000EB0440B0
:107970000EA104F06BF8BFF34F8F0B48E438016899
:107980000E4A01F4E06111430160BFF34F8F00BF65
:10799000FDE7000030FC020098FB020046617461C4
:1079A0006C206572726F7200F0ED00E053797374B1
:1079B000656D207265736574000000000400FA05AF
:1079C0000EB500210091CDE901106A4644F2010094
:1079D000FFF7B4FF0EBD000070B505460548046909
:1079E00005E02946204601F099FC20680468002C37
:1079F000F7D170BD8080012070B5094804690CE0A2
:107A0000267A002505E02946204600F0C9FC6D1CB9
:107A1000EDB2B542F7D320680468002CF0D170BDF8
:107A20008080012070B50A4804690DE0267A00259F
:107A300006E000222946204600F0F0FC6D1CEDB265
:107A4000B542F6D320680468002CEFD170BD000069
:107A50008080012070B50849054606200C6907E0C2
:107A60002946204601F05AFC062803D121680C68FB
:107A7000002CF5D170BD0000808001200068806F6F
:107A8000704700007CB504680B46154694F820103A
:107A90000C34C90705D0A16929B1206AA0B311200F
:107AA0007CBD08207CBDE16EA9420CD31846A16EB6
:107AB000FEF781FDE06E401BE066A06E656728441E
:107AC000A06600207CBDC4E9063201F004FE054634
:107AD0000F480069CDE90004E26E6AB1A16EA069A9
:107AE000FEF769FDE16EE069401AE061A0690844B3
:107AF000A0610020C4E91B016946284600F06EFA27
:107B00000028DFD192207CBDFFE7C4E90832F9E705
:107B10008CED02003EB50D460168144691F8201028
:107B200011F0010F0BD001F0CDFDA10609D000210D
:107B30000095CDE90141694600F076FA3EBD082086
:107B40003EBD0149896AF3E78CED0200F8B50446B1
:107B500000250FE0002705E0007800F053FA08B197
:107B60001120F8BD3946781CC7B2304600F09CF8A9
:107B70000028F1D12946681CC5B2204600F0A6F8BD
:107B80000600E7D100250DE0002703E0007821463C
:107B900000F03DFA3946781CC7B2304600F084F850
:107BA0000028F3D12946681CC5B2204600F08EF8A3
:107BB0000600E9D1074800E0086801680029FBD108
:107BC0000460054869468069009060680268204644
:107BD0009047F8BD9080012034ED02002DE9F04F70
:107BE00087B04FF000081D46934689460446DDF8ED
:107BF00040A04646CDF80C8000E0761C606801236A
:107C000000224768214603A8B8470028F5D140461E
:107C10008DF800800027B84601903BE060680123A2
:107C20006A46D0F804C0214601A8E04760680123F5
:107C300005AAD0F804C0214601A8E0479DF8141019
:107C400049451AD1D84514D19DF80000CAF8000062
:107C500005F8010B6A1C85F8009060689DF80030FB
:107C60002146456801A89B1EA847002007B0BDE833
:107C7000F08F08F1010000F0FF0860689DF8003007
:107C80000022D0F804C0214601A89B1EE0479DF8C1
:107C900000000744B742C1D30520E7E70148006967
:107CA000704700008080012042788A4201D800207D
:107CB0007047827810440844704742788A4201D85D
:107CC000002070478278104408447047027A8A4244
:107CD00001D80020704701EB41010930084470478A
:107CE000027A8A4201D80020704701EB4101093035
:107CF0000844704702484078002800D001207047AF
:107D00008080012010B5002000F054F9BDE810403B
:107D1000802000F04FB910B5002000F04DF9BDE80B
:107D20001040802000F048B970B50D460146287813
:107D300006240B2813D007DC07284CD2DFE800F01C
:107D40004B0D0F114B2739000C2825D00D2825D0BD
:107D50000E282CD085283ED110E0032014E000240A
:107D600039E0244802F000FD0028F8D02248012123
:107D70000160BFF36F8FBFF34F8FF0E71D48001F07
:107D80000078032827D1042006F0FAFA23E00846F9
:107D900000F050F804461EE0002005E01748006897
:107DA00010F0010F03D0022006F0EAFAD7E7012015
:107DB000FAE7EB78032B0ED00E48001D02683AB1AB
:107DC00000210160416818469047040005D000E09A
:107DD0000E2405F0A1FB204670BD06F0C9FA28B1BB
:107DE000A8780028F7D105F06CFBF4E705F066FBF6
:107DF000F1E70000B48001205C70024038040040CC
:107E0000024A0146D2E90002104700002C880120F6
:107E100070B50C46054605F04BFBA84201D010207A
:107E200070BD0348D4E90012C0E90212002070BD01
:107E3000B08001207FB5054605208DF8000006249E
:107E40000DF1010005F040FB06F092FA29490020EF
:107E500008609DF8010010F01F0006D001280FD027
:107E6000022826D0032833D106E06946284605F0CB
:107E70001DFE044606282AD16846FFF7EBFD25E0E3
:107E80009DF8050003A900F0A7FA050008D06A468E
:107E90009DF80C1000F080FA0446062802D016E087
:107EA000102415E06A469DF80C10284605F012FFD4
:107EB0000CE09DF80500010705D0694600F058F870
:107EC0000446062803D1684605F06EFE044624B138
:107ED00005F022FB04B0204670BD06F049FA30B12F
:107EE00005F0E6FA0028F5D105F0EBFAF2E705F027
:107EF000E5FAEFE7B8800120FEB5C08814460E46CB
:107F0000A04201D2054600E01546844207D28020F7
:107F100005F00EF9B4FBF0F100FB114068B1002050
:107F20000096CDE90150002000F0DCFB694680207E
:107F300000F07AF8040002D006E00120F0E70549DD
:107F40008020FFF765FF0446002000F0CDFB2046AF
:107F5000FEBD0000C8ED020008B1402101600148EB
:107F6000704700008088012004F0DEBF04F0F8BFF5
:107F700010B50C46010600F00F02092A09D200F0E4
:107F80000BF8006828B141680A682146BDE8104036
:107F90001047102010BD0000010600F00F0001D5B1
:107FA000034901E00249483101EBC000704700007D
:107FB000E487012005F014B810B5044600F00F0066
:107FC000082805D2204605F02DF8204605F0E0F8F7
:107FD0002046BDE8104005F033B8000070B50C46EF
:107FE000054605F06DF818B105480078022801D063
:107FF000082070BD21462846BDE8704005F062B8F3
:108000008080012010B5FFF7C7FF006810BD10B5D4
:108010000C46FFF7C1FF04601CB16168096841604C
:1080200010BD0021FBE7000070B50C46054605F0C9
:1080300047F818B105480078022801D0082070BD23
:1080400021462846BDE8704005F0D2B88080012066
:10805000F8B5044600782A4D05280BD12948006858
:108060002849C0B2091F096811F0FF0F04D1052883
:1080700002D1254C207818B3234F6946243F386A33
:1080800002F046FB06001AD020683060002000F0A5
:1080900029FB6888E968401A401CF08018480021D4
:1080A0000C3002F072FBB080002000F01DFB69462E
:1080B000386A02F04EFB0146204606F055FCF8BD3A
:1080C000AE6905E03168608889688847306846682D
:1080D000002EF7D1002000F005FBE86808B96088A1
:1080E0006880074801210C3002F044FB002000F0BA
:1080F000FBFA0121204606F037FCE868F8BD0000D5
:10810000808001208474024058ED020070B5774CE5
:1081100005460178207809297BD008DC092979D225
:10812000DFE801F06A84B28D9FBBC283D700822949
:1081300027D017DC0A296ED00F296DD080293BD0BB
:10814000812972D16A48FFF75BFE6948FFF744FC5A
:108150000D2006F017FCFFF74FFCFFF7D3FD606919
:1081600050B906E0832931D0842937D085295CD1E4
:1081700093E06048007A00B1012005F0D1F90120B8
:108180007EE0FFF739FC05F0F1F9002005F092FEE2
:108190005748401CFFF720FC5548401CFFF730FEB5
:1081A0000E2006F0EFFB207800F082FA00283CD089
:1081B000BDE8704002F056BF052803D0062803D062
:1081C000072832D102205BE0082059E003282CD197
:1081D00005F0F0F9002828D0042051E0032805D14B
:1081E00005F0E8F910B1042005F064FE05F03EFA50
:1081F00000281AD0062043E0032801D0082803D124
:108200003B48801CFFF782FF002006F0BBFB64693F
:1082100009E060E009E060E044E02946204601F022
:108220007DF820684468002CF7D170BDFFF7E4FBAF
:10823000FFF771FD022005F03DFE012005E0082852
:1082400009D0052005F036FE032006F09BFB2846EA
:10825000FFF7D6FD44E0022005F02CFE05F0D2F831
:10826000F2E7032006F08EFB2148C01CFFF7C8FD93
:108270001F48C01CFFF7B0FB20780628A2D10720BA
:10828000BDE8704005F016BE032005F013FE022085
:1082900006F078FB2846FFF79FFB2846BDE87040B4
:1082A000FFF7AEBD0F2019E0A878FFF775FED0E903
:1082B00000232946104698470028B6D0A878010721
:1082C000B3D000F00F010829AFD2BDE8704004F030
:1082D0003BBF082002E0092000E00A2006F052FB24
:1082E0002846BDE87040FFF777BB00008080012082
:1082F00045ED020074880120FFF7AABEF8B5214CB5
:1083000000250095204EA0684FF4006728B9211D74
:10831000306A02F013FAA060C0B1818869B1C188E7
:10832000B94200D3C580C188ADF80210C188491C8C
:10833000C1808188491E81801FE0FFF7E7FE114957
:10834000306A091D02F0EFF9A56019E0E068002825
:1083500017D0002000F0C6F96088B84200D36580CD
:108360006088ADF80200401C6080064801210C3096
:1083700002F01CFA002000F0B7F96846FFF7C6FECD
:108380000120F8BD8080012034ED02000148FFF794
:108390005FBE000034ED02001146426813681847C2
:1083A00070B5044640680D46C2680AB12046904741
:1083B00020462946FFF78AFC05464678002408E057
:1083C00021462846FFF770FC007804F009FE641C83
:1083D000E4B2B442F4D370BD2DE9F04180460E48BA
:1083E0000E46056914E02F7A00240DE02146284648
:1083F000FFF76CFC0178414504D106B13470284682
:10840000BDE8F081641CE4B2BC42EFD32868056883
:10841000002DE8D10020F3E78080012070B50446EC
:10842000406815460E4683681BB1204698470628CB
:1084300003D1204631460DB1072070BDFFF746FC41
:1084400005464678002408E021462846FFF72CFC24
:108450000078FFF7B1FD641CE4B2B442F4D300200D
:1084600070BD034600205A681269002A01D01846E0
:10847000104770472DE9F8432E4C054608234FF46A
:1084800084722B49206A02F030F910B10320BDE854
:10849000F883294804F0BCFF0028F8D12749087068
:1084A0000861486148212648FEF7ACF82448482175
:1084B0004830FEF7A7F8224878307DB195E80E00E5
:1084C000183080E80E00002002F050FE18B1852818
:1084D00001D0FFF775FA1B4D002611E004F13801B9
:1084E0000EC9EDE7002703E000782946FFF78FFD6E
:1084F0003946781CC7B24046FFF7D6FB0028F3D1B7
:108500003146701CC6B22846FFF7E0FB5FEA000860
:10851000E8D1606800906946284600F0FFFE04003C
:1085200003D005F09BF82046B1E70020AFE700003C
:10853000DC86012034ED0200F982020080800120F7
:10854000E487012008EE020030B1012807D002289C
:1085500008D10548FFF77CBD03480838FAE7024810
:10856000001FF7E77047000064ED020010B504F04B
:1085700097FF10B104F08AFF08B1082010BD04482D
:1085800002F008FE08B1FFF71BFA002010BD000042
:1085900068ED020070B50C460F4901EB800555F8F7
:1085A0002400017831B10020FFF7D6FC002255F8F5
:1085B000241006E0801C70BD521CD2B2491C20F869
:1085C00012300B78002BF7D1022101EB4201C9B226
:1085D00041F44071018070BDC080012070B54FF042
:1085E000805086B0D0F8A810D0F8A40089B241F429
:1085F0004043009009A20D2101A8FEF7D3FE01AD72
:108600000024094E02E0285D3055641C2846FEF720
:1086100004F8A042F7D806B070BD000025303458E9
:108620002530385800000000E4880120074803E0A6
:10863000016811F0010F07D00168C1F34001002962
:10864000F6D00348FFF704BD70470000380400402F
:1086500039ED0200034808B5806800906846FFF7CE
:10866000F7FC08BD34ED020030B44FF0000180B1DA
:108670000D4B002213F8124084420ED103EB42004E
:10868000407870B1094A02EB800252F8212042B1D1
:1086900000E0002030BCFFF77DBF521CD2B2062A9A
:1086A000E8D330BC0020704763EE0200C080012098
:1086B000092808D2DFE800F00707050707050505C8
:1086C00005000120704700207047092808D2DFE824
:1086D00000F0070705070707070705000120704797
:1086E0000020704700F002B800F008B872B60248E7
:1086F0000168491C01607047D8800120034908685F
:10870000401E086000D162B670470000D88001208A
:1087100070B5054608680C46411C04D002F078FF8D
:10872000206802F0E5FE6068411C02D0002102F0E2
:10873000C1FE2968A069C1F82405607D227D2968F1
:108740001043C1F86C05D4E900122868C0F814255C
:10875000C0F80C15207D012814D1A068411C02D05E
:10876000002102F0A7FEE068411C04D002F050FF97
:10877000E06802F0BDFED4E902122868C0F80825BE
:10878000C0F8101570BD70B5054608680C46411C50
:1087900004D002F047FF206802F0B4FE6068411C7C
:1087A00002D0002102F08FFE2968A069C1F82405DB
:1087B000607D217D2A680843C2F86C05D4E9001267
:1087C0002868C0F80C15C0F81425207D012814D1A4
:1087D000A068411C02D0002102F075FEE068411C37
:1087E00004D002F01FFFE06802F08CFED4E9021210
:1087F0002868C0F80825C0F8101570BD102802D3ED
:108800001038C0B2704740F0800070472DE9F04743
:108810000546861C91460F464FF0010A0020FFF7DF
:1088200061FF1B4C04F21C4860683860D4E9010108
:10883000184F401A3968081A0EE00121404601F02D
:1088400099FF01F097FA0146404601F093FFD4E901
:108850000101401A3968081A401C8642EDD8B9F166
:10886000000F03D0052065F3891002E0062065F3B0
:108870009F5061683A68114004EB8101C8606068EC
:10888000304460600020FFF72FFF5046BDE8F087BE
:108890008C8A01207081012070B50D4604460A299A
:1088A00002D10D21FFF7F8FFA0682268411CA160EA
:1088B0001554D4E90101814204D32046BDE870403B
:1088C00002F0BBBC70BD0000044881684068814272
:1088D00001D1012070470020704700008C8A0120E0
:1088E0004360CA699A420DD38A6902608869184454
:1088F0008861086F18440867C869C01AC86100D049
:108900000120704701F12802026000208B67704748
:1089100070B50646087800240D460F2838D2DFE8E7
:1089200000F038083838370C1137373237383838D4
:108930003800304600F075FB2BE02946304605F044
:108940007DF90FE0304600F0D7FD0146A8780024FD
:1089500081421ED00106E9784FF0030004D531B9F9
:1089600001210CE0044614E021B1012911D00329B2
:10897000F8D10EE0304600F063FB0446002130469B
:1089800005F0FAFF05E00321304605F0F5FFD0E7DA
:108990000624204670BD00002DE9F05FDFF85896F0
:1089A0000C7A054689F800400068164688464FF064
:1089B000000A40F2463254461F46A0F246314FF0BC
:1089C000020B904273D056DCB0F54A7F70D02BDC9E
:1089D0004FF4467290426CD013DC40F21531A0F295
:1089E0001533884273D007DCA8B3A0F54070133864
:1089F0006ED0012871D18BE0012B6BD0022B6CD192
:108A0000ACE040F22131A0F22132884271D006DC84
:108A1000A0F5407019386DD001285ED1C5E0012A5B
:108A200069D0062A59D1EBE040F23632A0F2363155
:108A3000904278D015DC40F22F31A0F22F328842DC
:108A400071D009DCA0F5407029386DD004286CD0B5
:108A5000052842D11AE145E0052A67D0062A3CD113
:108A600041E1C91F092938D2DFE801F0F83737376B
:108A700037F7F6F5F40013296FD00DDCA1F10301EF
:108A800010292AD2DFE801F0F6F5F4F3F22929F1F2
:108A9000F0EFEE2929EDECEB37290FD00FDC292977
:108AA00073D007DC142971D0282916D117E263E1AD
:108AB000B1E05EE02D296AD032290ED13FE244298F
:108AC00071D008DC3E296FD03F2906D158E22EE054
:108AD00012E002E036E04929F2D00020C5F800A0FB
:108AE000BDE8F09F08202871002F05D840F2133010
:108AF0000CE068E04CE071E00EB1287930700B209A
:108B000001242871012F03D84FF4457028602EE00E
:108B10000EB12879305598F81400641C2871BC42B5
:108B200005D3296023E0BDE082E0A4E0D0E00EB1EF
:108B300028793055641C85F804B0BC4202D340F259
:108B40001630E3E70EB128793055641C85F804B07F
:108B5000BC4203D340F21730D8E79FE10EB1287929
:108B60003055641C85F804B0BC4202D32A60012051
:108B7000B6E70EB12879305598F81900641C2871B1
:108B8000BC4205D340F21930C0E7B3E192E1C4E141
:108B90000EB128793055641C85F804A0BC4204D37A
:108BA00040F21A30B2E7FFE1DFE10EB1287930552B
:108BB00089F801A0641C09E209202871BC4202D393
:108BC00040F22130A2E70EB1287930550420641C10
:108BD0002871BC4202D340F2223097E70EB12879C7
:108BE000305599F801104046641CFFF779F8C9F830
:108BF000040000782871BC4202D340F2273085E798
:108C00000EB128793055641C85F804A0BC4202D30B
:108C10004FF44A707AE70EB128793055D9F804003C
:108C2000641CBC424078287102D340F229306DE7C1
:108C30000EB128793055D9F8040098F81410641C46
:108C40000078814239D185F804B0BC4213D340F298
:108C50002D305BE785E079E06DE061E04EE011E109
:108C600005E1F9E0EDE0E1E0D5E0C9E0BCE0AFE02E
:108C7000A3E097E08BE00EB128793055641C85F8AD
:108C800004B0BC4202D340F22E303FE70EB1287947
:108C9000305598F81900641C2871BC4202D340F288
:108CA0002F3033E70EB128793055641C85F804A0C5
:108CB000BC4223D340F23D3028E798F81610814299
:108CC000F4D10A202871BC4202D34FF44D701DE745
:108CD0000EB128793055641C85F804A0BC4202D33B
:108CE00040F2353012E70EB128793055641C85F812
:108CF00004A0BC42D6D340F2363007E70EB1287943
:108D00003055D9F8040098F81410641C007881429A
:108D100075D105202871BC4202D340F24230F5E6FD
:108D20000EB1287930552420641C2871BC4202D32E
:108D300040F24330EAE60EB128793055641C85F8DC
:108D400004A0BC4202D34FF45170DFE60EB1287983
:108D500030551020641C2871BC4202D340F24530CB
:108D6000D4E60EB1287930550120641C2871BC422C
:108D700002D340F24630C9E60EB1287930550520BD
:108D8000641C2871BC4202D340F24930BEE60EB1E9
:108D9000287930552420641C2871BC4202D340F24B
:108DA0004A30B3E60EB1287930550120641C287191
:108DB000BC4202D340F24B30A8E60EB128793055C0
:108DC0000320641C2871BC4202D34FF453709DE60B
:108DD0000EB12879305598F81600641C2871BC42F1
:108DE00002D340F24D3091E60EB12879305504207F
:108DF000641C2871BC4203D34FF4547086E65DE0D6
:108E00000EB1287930552420641C2871BC4202D34D
:108E100040F251307AE60EB128793055641C85F85D
:108E200004B0BC4202D340F252306FE60EB1287952
:108E30003055641C85F804B0BC4202D340F2533074
:108E400064E60EB1287930550520641C2871BC42B7
:108E500002D340F2563059E60EB12879305524201D
:108E6000641C2871BC4202D340F257304EE60EB16A
:108E7000287930550620641C2871BC4202D34FF477
:108E8000567043E60EB12879305598F81400641CEA
:108E90002871BC4202D340F2593037E60EB128792E
:108EA000305598F81600641C2871BC4202D340F279
:108EB0005A302BE60EB128793055641CD9F80410CD
:108EC0004846497889F80210514689F803A075E0B0
:108ED00007202871BC4202D340F26E3016E60EB174
:108EE000287930550520641C2871BC4202D340F219
:108EF0006F300BE60EB12879305599F80310641CD9
:108F0000D9F80400FEF7D9FEC9F8080000782871E6
:108F1000BC4202D340F27330F8E50EB128793055E7
:108F2000D9F8040098F81410641C0078814211D11B
:108F300003202871BC4202D34FF45E70E6E50EB107
:108F400028793055641C40202871BC420DD34FF461
:108F50006170DBE598F816108142F4D185F804B011
:108F6000BC42ECD340F27D30D0E50EB128793055CB
:108F7000641C85F804A0BC4202D340F28530C5E5EC
:108F80000EB128793055D9F8040098F81410641CF3
:108F90000078814224D1D8F82000BC4200782871A2
:108FA00002D340F28A30B1E50EB128793055641C05
:108FB00099F803104846491C89F803108278C9B211
:108FC000914285D34178491C89F8011099F8011024
:108FD00099F800008142FFF4EFAD40F29A3095E538
:108FE00098F816108142E3D185F804A0BC42DBD387
:108FF00040F28F308AE50000A480012008B10320F0
:109000007047086810F80C1F202901D0062070470F
:10901000D0F80210C160C1880182017A81740020F9
:1090200070470268002102F10C0011845162D16284
:109030009167D1674167343282668167704700006B
:109040002DE9FC47046881460C3400F044FB0746D8
:109050002F4800268068CDE90004E069B0B1D4F85B
:1090600078804546404500D205462A4604F128014D
:10907000A069FDF7A0FA206F2844C4E91C60A8EBA2
:109080000500E06660192830A06627E0206F606761
:109090002667E666216A304621B1626AA161C4E9A9
:1090A00007202CE0A06130E004F11802616A82E838
:1090B0004300E26E1AB38A4215D3A36E0A461946DC
:1090C000FDF779FAE16EE069091AE166A16E0144E3
:1090D000A16660670021484605F04EFC206A002822
:1090E000E2D1A66111E0A16EFDF765FAE06E20679E
:1090F000E169091AE161A1690818A06105D0694612
:109100003846FEF76BFFBDE8FC870020FBE7000058
:109110008CED02004360CA699A4204D38A690260F6
:109120000B67CB6103E001F1280202608B6700202E
:109130007047000010B5A1B1012910D0022932D129
:10914000032219491948FEF79DFC1748FDF765FAF7
:109150000246BDE8104014491448FEF7DBBC272046
:109160001DE0FEF78BFC024611481249401AC00868
:10917000032101EB004010A102F06CFC03220A491C
:109180000A48FEF77FFC04460748FDF746FA024608
:1091900005490648FEF7BEFC002CEFD02520BDE8AF
:1091A000104002F0E9B910BD0780012000EB020079
:1091B00030FC020098FB02004279746573207761ED
:1091C0006974696E673A202564000000024908440A
:1091D00090F9300070470000BC8301202DE9F04178
:1091E000044680680F46D0F84811C27F11F001068E
:1091F000817FA1EB0203DDB20BD07F2901D3002DCB
:109200007ED0A068C17F0844002180F8207066B13C
:1092100013E07F297CD2002DF3D0831803F12001C5
:109220002A46481CFDF7C7F9EBE7A068827F521C6D
:10923000D2B28277A068203281544DB3204600F02C
:1092400005FF8178C07881420ED1A06831A2C17F2C
:10925000431808212046203301F08EFDA81BC1B21F
:10926000204600F073F921E0204600F06FF8A06876
:1092700028A2C17F431808212046203301F07CFD3D
:10928000204600F059F80121204600F003FA0DE0D5
:109290003EB1A068827F521CD2B28277A068203291
:1092A00081543A461CA1206901F0BAFFA168C87F29
:1092B000401CC877204600F035F90028204603D02E
:1092C000BDE8F04100F04EB900F033FC00281FD09B
:1092D000204600F0BBFE0546C078A978401A401E23
:1092E000C1B2204600F012F9204600F03BF9E878C0
:1092F000A978401AC1B2204600F0D8F9287800E0D9
:1093000006E0401EC1B22046BDE8F04100F0C2B9FF
:10931000BDE8F081257300002563000042681268F3
:10932000104700000069024A02A101F079BF000065
:10933000D9EF0200257300000069024A024901F0DA
:109340006FBF0000D3EF0200349302000069024AAD
:10935000024901F065BF0000D0EF02003493020023
:109360008068D0F84801C0F3C000704730B440684E
:1093700004682469A44630BC6047002801D0FDF78A
:109380004CB970472DE9F8431E46154688460746F6
:1093900000241BE0786808EB04016B460268D2F8F1
:1093A0000CC02A46E047009804442D1A70B9B868EA
:1093B000017803290AD000BFD0F848118906FBD5EF
:1093C000D0F8481121F02001C0F84811002DE1D15A
:1093D000002E01D000983060BDE8F88370B5084CCD
:1093E000050009D010342168002907D008682060E2
:1093F000496828468847F6E70834F4E770BD00005E
:10940000A8830120002801D103F0F4B870470000C0
:10941000054A012120B1012805D19170FFF7DEBF77
:1094200051700020FAE77047A883012008B5506802
:109430006A4605A1FDF706F9044900980E3009684F
:10944000C0B2884708BD00002575000018800120C3
:1094500008B550686A4604A1FDF7F4F8034900987E
:109460000968C0B2884708BD257500001880012032
:109470002DE9F05F1C460A9E15464FF0000959B1D0
:1094800080B3017839B34268314628469047306846
:10949000D8B12660BDE8F09F14491548A1EB00083B
:1094A000B5EBD80F11D2DFF84CA00026834609E0B7
:1094B0000BEBC607786801685AF82500FDF7B4F889
:1094C00030B1761CB6EBD80FF2D3C4F80090E1E7C8
:1094D00078682060DEE7406800EB0210016809B19F
:1094E0001860D7E7FFE7C3F80090D3E788FB0200D6
:1094F00058FB02000882012010B50021FEF7F0FBA6
:109500000021FEF7DAFB007810BD0000002904D02E
:109510000A46006901A101F083BE70471B5B256408
:109520004200000010B504460068FFF726FF014620
:10953000A068C27F407E1144B1FBF0F200FB121024
:1095400008B1002010BD012010BD0000002904D08A
:109550000A46006901A101F063BE70471B5B2564E8
:1095600044000000006901A101F05ABE0A00000099
:109570002DE9FC47002604468DF8046080683546D6
:10958000B146B0468021A030FDF73CF84049206943
:1095900001F046FE206901F050FE00276B460122D3
:1095A00001A92046FFF7E2FE0098D8B19DF804001B
:1095B0001B2806D0A16891F8A0101B29EED15228D3
:1095C0001FD0A26808F1A001505408F1010000F07A
:1095D000FF08B8F1090F0AD9A168042081F8A0900A
:1095E000BDE8FC872A494FF6C01010318847009823
:1095F0000028D3D17F1CBFB2B7F57A7FCED30D2020
:10960000EEE7A16808F1A0004A4601F80090A168C1
:1096100091F8A1005B2803D081F8A0200B20DFE7A0
:1096200002206FF02F0309E005EB850503EB4505EC
:10963000401C3D44C0B2ADB2802808D200F1A00762
:10964000CF5D3B2FF0D1401CC0B2802809D30C2045
:10965000C6E700BF06EB860603EB46063E44B6B2FD
:10966000F1E700F1A007CF5D002FF3D1FA20FA2E29
:1096700001D9087500E00E75FA2D02D9A168887528
:1096800001E0A0688575A06880F8A0200020A7E709
:10969000F1EF0200002904D00A46006901A101F09F
:1096A000BFBD70471B5B256443000000002904D048
:1096B0000A46006901A101F0B3BD70471B5B256438
:1096C0004100000010B50121FEF70AFB0021FEF762
:1096D000F4FA007810BD10B50121FEF701FB01215D
:1096E000FEF7EBFA007810BD10B50021024801F03A
:1096F0004CF880F3100010BDA88E01206FEA0061C5
:10970000C90F61F31F1070470106044900D590315D
:1097100000F00F0001EB001070470000788401207A
:1097200002F05EBC812002F089BC822002F086BC7F
:10973000832002F083BC842002F080BC852002F0EC
:109740007DBC862002F07ABC872002F077BC000046
:1097500038B5882504F0A2FE2846FFF7D5FF817BA7
:109760000124032915D00068002811D12846FFF7ED
:10977000C5FF8440E1430C4802F0ECFC0B480A4969
:10978000806800900C398DF8025049686846884717
:1097900038BD2846FFF7B2FF8440E143BDE83840BA
:1097A000014802F0D7BC0000648001201CEC0200DC
:1097B00038B504F073FE0020FFF7A6FF817B01247B
:1097C000032906D0006870B1BDE838404C2002F093
:1097D000ADBC0020FFF792FF8440E143BDE8384074
:1097E000094802F0B7BC0020FFF788FF8440E1433E
:1097F000054802F0AFFC05480349C0680C390090E9
:1098000049686846884738BD648001201CEC020026
:10981000012002F02FBC022002F02CBC032002F039
:1098200029BC042002F026BC052002F023BC06203F
:1098300002F020BC072002F01DBC000038B508244F
:1098400004F02CFE2046FFF75FFF817B032915D033
:109850000068002812D12046FFF750FF0121814007
:10986000C943074802F076FC064805494069009064
:109870000C398DF8024049686846884738BD0000B9
:10988000648001201CEC020070B50E48046804607E
:10989000BFF36F8FBFF34F8F01260CE094FAA4F053
:1098A000B0FA80F52846FEF7A9FF06FA05F18C43C9
:1098B000294604F09BFF002CF0D1BDE8704004F075
:1098C000FBBD00006C74024010B5054CA078FFF79A
:1098D00015FF0146A078BDE8104004F087BF0000E6
:1098E00058800120F8B51A4800681A4DC6B2A87809
:1098F000FFF704FF012404FA00F12889EA68C04355
:1099000080B21043014202D0A87804F0C9FE06F0EC
:109910008000A8700020FFF7F1FE04FA00F6802016
:10992000FFF7ECFE04FA00F006430A48F1430C305E
:1099300002F010FC8020FFF7E1FE8440A868044399
:109940000548AC60006A0090696868468847F8BDC1
:1099500080740240588001201CEC020038B50020C1
:1099600000900F480068ADF802008820FFF7C6FE9F
:10997000012505FA00F40A486038006840B1C103C7
:1099800001D4401C04D00820FFF7B8FE85402C43CA
:10999000044988682043886049686846884738BD1C
:1099A000207502405880012070470000F8B5184823
:1099B0000568284602F0A8FBBFF36F8FBFF34F8FF7
:1099C000144E154CE80506D501206070706A0090B1
:1099D000616868468847A8054FF0000705D567709D
:1099E000B06A009061686846884768050ED560785F
:1099F00000280BD06770094901200860582002F048
:109A000095FBF06A0090616868468847F8BD0000E1
:109A1000007402401CEC02005880012008750240CE
:109A2000054908B5002048708870044840680090D7
:109A300049686846884708BD588001201CEC020030
:109A40002DE9F05F17460E00814670D013B1F9B2D0
:109A5000FFF720FE0024FCF7A1FD8246006800E02D
:109A6000641C315D415CC907FAD100253046FFF71F
:109A700084FCD9F80810001B4A7ED11B814228D3F0
:109A800006EB040805E000BF18F805100A290CD001
:109A90006D1C8542F8D33119D9F8100001F0C0FBD4
:109AA0004846BDE8F05FFFF75DBDD9F8100001F052
:109AB000C4FB414600232A464846FFF763FC2C447A
:109AC0004846641CFFF74EFDF9B24846FFF7E2FD39
:109AD000E1E78B46DAF8001006EB040818F80500F9
:109AE0000B5CDB0702D0AB460A2804D0E819904291
:109AF00001D26D1CF2E7D9F8100001F09EFB41463F
:109B000000235A464846FFF73DFC5C44DAF8000063
:109B100000E0641C315D415CC907FAD14846FFF79B
:109B200021FDF9B24846FFF7B5FD9EE7FFE7BDE826
:109B3000F09F10B504460068FFF71FFC0146A068BF
:109B4000827F407E1144B1FBF0F200FB121008B19D
:109B5000002010BD012010BD2DE9FC5F0E008346E2
:109B6000DDE90C47C6F1000098469246814600D4D4
:109B70000846012503E000BF90FBFAF06D1C50453C
:109B8000FADAA84500D9454624B1002E01DB780752
:109B900000D5641EB80702D5B8F1000F0AD0F80747
:109BA00008D13CB1A54205D220215846641EFEF7DB
:109BB00073FEF6E7002E02DA4E462D2102E078070A
:109BC00003D52B215846FEF767FE07F00300022855
:109BD0000BD1B8F1000F08D13CB1A54205D230211C
:109BE0005846641EFEF758FEF6E7CDE900474346A7
:109BF00052463146584604F061FBBDE8FC9F000028
:109C000070B50D46044600684FF4887102F0E2F921
:109C10004FF49071206802F0DDF94FF492712068E2
:109C200002F0D8F94FF4A271206802F0D3F94FF492
:109C3000AC71206802F0CEF920681249C0F8041314
:109C40002068690740F30730090E002804DB00F1A3
:109C5000E02080F8001405E000F00F0000F1E020A3
:109C600080F8141D206840F30730002809DB00F05D
:109C70001F02012191404009800000F1E020C0F85E
:109C8000001170BD10034200024600201268530705
:109C900013D502F00300012802D002280CD105E000
:109CA000C2F383100B68801C184404E00223086888
:109CB00003EB925210440860012070472DE9F047F1
:109CC0009146884604464FF480354FF4A07600272D
:109CD000DFF884A016E000BFD4F8040328420DD0BA
:109CE000A05958B1C4F84853C4F808533146204627
:109CF00002F04EF95AF82810F8B28847361D6D0068
:109D0000B6B27F1C4F45E7D3D4F804034FF48071FB
:109D100010F0010F09D0D4F8000130B1204602F054
:109D200037F95AF8281004208847D4F804034FF470
:109D3000827110F0020F0CD0D4F80401002808D072
:109D4000204602F025F95AF82810BDE8F047052012
:109D50000847BDE8F08700006C80012002681346C8
:109D600002E08A4204D01268002AFAD10B60016036
:109D7000704770472DE9FF410026244800F0F7FCAA
:109D80002248001F074600F0F2FC214C2149A06840
:109D900000900D6800E000986946284004EB8000C0
:109DA0000C30FFF771FF0028F5D101AA009901EAF4
:109DB000050304EB8303491CDB6842F82030401C98
:109DC00000910228F2D3019800F0030001280BD083
:109DD000022810D10198032101EB90500099BDF8A1
:109DE0000A6001EB900005E00198BDF80A60C0F33D
:109DF000831008440090384600F0B6FC08B1009883
:109E0000A06004B03046BDE8F0810000A48E0120BF
:109E10008C8A01207081012092B04FF48044214649
:109E2000002001F089FE08B1FDF7CAFD01F054F9E8
:109E300008B1FDF7C5FD002001F074F901F06AF9E1
:109E40000028FBD0252001F047FB272001F044FB30
:109E5000252001F0D3FB272001F0D0FB3E493F4AEB
:109E6000D1E90001CDE900011F20ADF800003A481A
:109E70006946083002F0CEFC08B1FDF7A1FD364876
:109E80000121083002F00CFD3348083002F0B6FC26
:109E9000FEF7A4FB3048C430FEF7ECFA08B1FDF73A
:109EA0008FFD2F482F49401AC008032101EB0040C5
:109EB0002DA101F0CBFD28481030FDF747FE08B179
:109EC000FDF77EFDFEF752FB08B1FDF779FD4FF47B
:109ED000807010902146002001F02EFE08B1FDF7A1
:109EE0006FFD01F08BFC0021274800F0A5FB08B1B5
:109EF000FDF766FD10A9254804F092FD08B1FDF7B5
:109F00005FFD2248109900F077FB08B1FDF758FD7E
:109F100000F0E0FA08B1FDF753FD1D4C002500BF2D
:109F2000FEF7ECF9207801280AD1257019A16846BE
:109F3000FDF750FA0246084869461030FDF7EAFD81
:109F4000A0780128ECD1A570252001F057FB27202F
:109F500001F054FBE4E70000F0EA0200BDD8020083
:109F600030FC020098FB0200555342442043444316
:109F70002041434D206578616D706C65207374617C
:109F8000727465642E00000049A30200A8820120BB
:109F9000048001204369616C6C6F0A002DE9F04771
:109FA000C5881E1DB6FBF5F78946B6FBF5F10446DC
:109FB00005FB176C407916686843DDF820A0F71898
:109FC000001F874200D9C61A166001E02468491EA6
:109FD0000029FBD1A5EB0C078846B74216D818E03C
:109FE00004EB0C00001D09EB0803BAF1000F3A4620
:109FF00002D00146184600E01946FCF7DCFA246856
:10A00000F61B4FF0000CB844B54201D9374600E0CA
:10A010002F46002EE4D1BDE8F087000030B502469F
:10A0200051B101F09DFD0021074C08E034F82130CA
:10A030001568AB4202D11160002030BD491C81423D
:10A04000F4D3052030BD00000000000070B5846826
:10A05000006804F11405FFF790F9C1B2A971E07F1F
:10A060006A790844B0FBF2F302FB13035B1C2B700C
:10A07000E07F0844B0FBF2F35B1CAB70A07F0844A8
:10A08000B0FBF2F35B1CEB70A07F0844B0FBF2F175
:10A0900002FB1101491C6970284670BD10B51C46B1
:10A0A000934200D914462246FCF785FA204610BD9B
:10A0B00010B51C46934200D914460A462146FCF7C7
:10A0C0009AFA204610BD00000B4900F11002134619
:10A0D0004A610A6913448B6128B14FF47C73CB61E8
:10A0E0004FF4806301E00023CB61C01C1044800862
:10A0F0000B6281F869007047AC8E012070B50D4D80
:10A100000D4A00212C7800BF01EB4103D65CA6422A
:10A110000AD113445B78834206D101EB410010441D
:10A1200080782870002070BD491C0E29ECD30820CF
:10A1300070BD0000AC8E0120D081012070B50446B6
:10A14000022920D10620FFF7D9FF00281BD10E4994
:10A1500064784B69A2002046934208D88D69103D6F
:10A16000954204D3C968C3EB8400084403E000F0BF
:10A1700017F805483830102100F010FA2046BDE8E5
:10A18000704000F0B3B870BDAC8E01200349026886
:10A190004A6242688A62008988857047AC8E0120D5
:10A1A0002DE9F041334E8400102529463046FCF756
:10A1B00029FAA6F138077869A0420BD9021B391990
:10A1C0002B4630462431FFF769FFD0F110050444D7
:10A1D00006444CD0B869A0420CD978693969201A74
:10A1E0000A1AF9682B4601443046FFF757FF2D1A2B
:10A1F00004440644002D3AD0B869A0420ED1396A11
:10A2000061B1F969884209D02B460122FE2130460E
:10A21000FFF74EFF2D1A0444064428D0F869A042E7
:10A2200009D9021B2B4600213046FFF741FF2D1AAA
:10A23000044406441BD0386AA04210D9021B2B46A6
:10A24000FF213046FFF734FFF969611AC1F10E01B1
:10A25000A94201D83F2272542D1A064407D02B463A
:10A260003046BDE8F0411A460021FFF721BFBDE8A6
:10A27000F0810000E48E012070B50C460546914245
:10A2800001D90C2070BD0120FFF738FF08B108206C
:10A2900070BD05B900240248C0E90354002070BD18
:10A2A000AC8E012070B5002103230A460C460E48EF
:10A2B00001260CE006FA03F50D43E9B25B1E05D555
:10A2C000831883F8481007230021521C641C90F85F
:10A2D0006950A542EEDC024482F84810002100F8E3
:10A2E000681F817070BD0000AC8E0120F0B5C208FF
:10A2F000514200EBC1010024124BC1F107010125BD
:10A30000042813D305FA01F603EB020CF7B29CF80C
:10A3100048603E4204D0BE438CF848602E4600E0C0
:10A32000002693F868703E4483F86860491E01D5A2
:10A330000721521C401C10F0FF0002D0641C042CAA
:10A34000DEDBF0BDAC8E012070472DE9F84390466E
:10A35000894607004FF0000606D0B8F1000F03D081
:10A360003D680DB1002422E00E20BDE8F88324B141
:10A37000611C884207D1402106E0012801D08021DC
:10A3800002E0C02100E00021D8F800006B46801BED
:10A3900000904A46286800F01FF80028E5D1009890
:10A3A000B9F1000F064400D08144641C2D1DB8682B
:10A3B000A042DCD80020C8F80060D6E7D0E901321E
:10A3C0009A4201D304207047036843F82210816841
:10A3D000491C8160002070472DE9F84314469846D7
:10A3E0000A4605004FF000074FD06878297A4618D2
:10A3F000B61D00B1761C8CB332F0C00002D007202D
:10A40000BDE8F883D8F80000B04201D20420F7E795
:10A4100022702B78601C1A4322702A7A00F8012BD4
:10A4200021460746041D687828B104F8010B087816
:10A4300040F0080008702A7A2046E968FCF7BBF86B
:10A44000287A6A7804442AB120466968FCF7B3F890
:10A4500068780444D8F80000801B0090287840B148
:10A460002B6993B16A462146686998470028C7D18D
:10A4700001E00020009014B1009800BA3860009804
:10A4800031180020C8F80010BAE70E20B8E7000025
:10A490000068022803D0042804D100F0E3BD02487C
:10A4A00000F0F6BD70470000C4810120084810B5D7
:10A4B000064941600021016000F00EFE852803D0AE
:10A4C000002800D0032010BD002010BD059402001C
:10A4D000C481012010B50420FFF710FE08B1082048
:10A4E00010BD00F087F8002010BD000010B518B1B5
:10A4F0000A2902D00C2010BD0248FFF747FE0020B9
:10A5000010BD000099F00200FEB5224847780A2FDE
:10A5100023D0214A0324072F167855789378D178D1
:10A520008DF800608DF8015086EA05008DF8023044
:10A530001AD04B4058408DF803108DF80400FF22CC
:10A5400004210DF10500FCF756F800BF8DF8094015
:10A550000A216846FFF7CAFFFEBD03B00A21BDE825
:10A56000F0400D48FFF7C2BF83F0880358408DF8D4
:10A5700003008DF8041013798DF8053050798DF8AB
:10A58000060092795940504041408DF807208DF8DF
:10A590000810DBE7FC810120288F01201CB5CDE9E4
:10A5A00000100321684602F033F81CBD1CB50E4BA9
:10A5B000D3E90223CDE900230C4AC2E90101507816
:10A5C00038B9072050700A21094801F0C9FF002856
:10A5D00008D1FFF799FFFFF769FF002802D168460D
:10A5E00001F048FF1CBD0000A4F00200FC81012026
:10A5F000288F012001F072BE10B54FF47772FFF77B
:10A600003BFE040013D10B480322016900F8342FEC
:10A61000FE2902D84170022005E0FF2242700A0A9A
:10A620008270C1700420FFF74FFDFFF73BFE20460C
:10A6300010BD0000AC8E012070B50E46050005D09F
:10A640000020FFF75BFD18B1082070BD072070BD2A
:10A650000B4C0C48C4E901561434FFF797FDFF205A
:10A66000A076E076E1202077102060777C20A0772C
:10A670000F20E077BDE8704001490348FFF796BF1F
:10A68000AC8E012099F00200A17802002DE9F04182
:10A690000446007A164698B1420611D402060FD439
:10A6A00062686AB122695AB1E3684BB146B1851854
:10A6B0006D1CB9B13268AA4204D20420BDE8F08111
:10A6C0000720FBE722784F1C00EBC2100870227AAB
:10A6D00038466168FBF76FFF207AD4E903123844EB
:10A6E000FBF769FF00203560E8E710B531B1B2FB38
:10A6F000F3F403FB14241CB1092010BD0E2010BD7F
:10A7000001600021416081608281C381084610BDE3
:10A7100070B50C460546FBF709FE002802D02188DB
:10A720002868084470BD10B50A8849888A4203D158
:10A73000FBF73EFE012010BD002010BD70B50C4699
:10A740000546FBF718FE002802D0618828680844F7
:10A7500070BD10B50A8849888A4203D1FBF702FE12
:10A76000012010BD002010BD002100F009B801211A
:10A7700000F010B808B56A46FBF76FFE009808BDF8
:10A7800008B56A46FBF74FFE08BD08B56A46FBF7F9
:10A7900031FE08BD08B56A46FBF738FE009808BDD3
:10A7A00008B56A46FBF766FE009808BD08B56A461C
:10A7B000FBF782FE009808BD70B5044600252846C8
:10A7C000FDF790FF21686268086890420ED9401E2C
:10A7D00008600178238AE26801FB0325227A216858
:10A7E000101AC0B20A79824200D208710020FDF727
:10A7F0007BFF284670BD70B505460C460020FDF76E
:10A8000071FFE868298A201AB0FBF1F12A68106804
:10A81000431C13600170BDE870400020FDF764BF69
:10A8200010B530B1017A42680368891AC9B21A605A
:10A8300006E00E2010BD03681A68541C1C601170DD
:10A84000491EC9B2F7D2006800210171084610BD47
:10A85000C20800F007030120895C98400840704757
:10A8600070B515468268D2F84841C4F3400424B15B
:10A870001A46294600F0A8FA05E031B1536804A24F
:10A88000022100F079FA012070BD002070BD0000A7
:10A8900025733A2077726F6E6720706172616D6503
:10A8A00074657220636F756E740A000010B50446FB
:10A8B00002290CD1A068D0F84801C0F3400030B1A3
:10A8C00020460022BDE81040114600F07DBA064A3D
:10A8D00006A1206900F0A4FC034A2069BDE81040ED
:10A8E000093202A100F09CBCEDEF020025730000CC
:10A8F000012907D0022909D18168D1F84811C1F393
:10A90000400119B10022114600F05EBA01A20221F5
:10A9100000F032BA506C65617365207370656369CD
:10A920006679206120737562636F6D6D616E642E50
:10A930000A0000001CB5012905D002290BD014D94A
:10A940004FF0010112E002B04FF00002BDE81040EC
:10A95000114600F039BA536808A1CDE90013136815
:10A960000CA2022100F008FA1CBD002102B0002355
:10A97000BDE810401A46FFF773BF000020756E6BEC
:10A980006E6F776E20706172616D657465723A20CA
:10A990000000000025733A257325730A00000000AB
:10A9A00010B50446012901D0012100E00021002357
:10A9B0001A46FFF755FF002809D1A168C1F83801F0
:10A9C000E06840680068BDE8104001F050BA10BD72
:10A9D0003EB50546012901D0012100E000210023F8
:10A9E0001A46FFF73DFF002818D1E8684068046860
:10A9F000204601F039FAC0B2642110FB01F2A168CF
:10AA0000B2FBF1F2D2B20092CDE90101A86804A232
:10AA10000021D0F83831284600F0AEF93EBD0000E4
:10AA20004C6F7374206C6F67733A2025750A4D6103
:10AA300078206C6F67207175657565207574696C19
:10AA4000697A6174696F6E3A2025752525205B252A
:10AA5000752F25755D0A00007CB514460546012951
:10AA600003D0022908D0012107E002B00022BDE88E
:10AA70007040114600F0A8B9002100231A46FFF7E4
:10AA8000EFFE002809D1616804A0CDE9000109A208
:10AA900002212846236800F06FF97CBD20756E6B9B
:10AAA0006E6F776E20706172616D657465723A20A9
:10AAB0000000000025733A257325730A000000008A
:10AAC00010B50446012901D0012100E00021002336
:10AAD0001A46FFF7C5FE002806D1A068D0F8481135
:10AAE00021F00401C0F8481110BD10B50446012939
:10AAF00001D0012100E0002100231A46FFF7B0FE3B
:10AB0000002806D1A068D0F8481141F00401C0F82F
:10AB1000481110BD7CB514460D460646022901D9E0
:10AB2000012100E0002100231A46FFF799FE0028CA
:10AB300011D1022D05D03046FEF712FC60B10BA3F7
:10AB40000BE061680AA0CDE900010FA202213046A6
:10AB5000236800F011F97CBD0EA302B03046BDE8B9
:10AB600070400DA2002100F007B900006F6E0000D8
:10AB700020756E6B6E6F776E20706172616D65749B
:10AB800065723A200000000025733A257325730A88
:10AB9000000000006F6666004563686F2073746193
:10ABA0007475733A2025730A0000000010B504463E
:10ABB000012901D0012100E0002100231A46FFF7FE
:10ABC0004FFE002806D1A068D0F8481121F00801F6
:10ABD000C0F8481110BD10B50446012901D001216B
:10ABE00000E0002100231A46FFF73AFE002806D1B4
:10ABF000A068D0F8481141F00801C0F8481110BD14
:10AC00007FB50446012901D0012100E00021002385
:10AC10001A46FFF725FE002827D1A0680026D0F8A5
:10AC20004051F5B101E0082E1BD20023092201A9F1
:10AC3000284601F07AF89DF80C20A16809232846DF
:10AC4000A031521C01F071F8A0683346A03000908A
:10AC5000029D761C05A20021204600F08DF8002DF3
:10AC6000E1D1A168002081F8A0007FBD5B2533649D
:10AC70005D2025730A0000007CB5154604460129B5
:10AC800003D0022917D9012116E0A16801F11802A9
:10AC9000193103F03BF900281ED0A16850200FA203
:10ACA0004876A1681820087602B02046BDE87040BA
:10ACB000042100F061B8002100231A46FFF7D0FDFF
:10ACC000002809D1696814A0CDE9000118A2022169
:10ACD00020462B6800F050F87CBD00004E6F2072BB
:10ACE0006573706F6E73652066726F6D2074686532
:10ACF000207465726D696E616C2C20617373756D63
:10AD000065642038307832342073637265656E2054
:10AD100073697A650A00000020756E6B6E6F776E3E
:10AD200020706172616D657465723A2000000000E8
:10AD300025733A257325730A0000000010B50446F8
:10AD4000012901D0012100E0002100231A46FFF76C
:10AD500087FD00280AD1064A06A1206900F060FAA2
:10AD6000A16850204876A1681820087610BD000020
:10AD700006F00200257300000FB438B5044607A89A
:10AD80000090A068D0F84821520717D5C27E8A42A9
:10AD900014D0B0F81B50204603F01AFE6A46206912
:10ADA000069900F056FAE9B2204603F011FE290A8E
:10ADB000204603F0EFFD38BC5DF814FB6A462069BD
:10ADC000069900F046FAF6E72DE9F04F804689B083
:10ADD00017460C468648FEF7D0FA054684483638B2
:10ADE000FEF7CBFA281A1FFA80F9814881A223388E
:10ADF0000090D8F80800082143684046FFF7BCFFE0
:10AE0000D8F808004068FEF7B8FA054678482338B5
:10AE1000FEF7B3FA284482B2D8F80800002381680C
:10AE20004046FEF70DFE75A200214046FFF7A4FF45
:10AE30000FB304B300251CE005EB450A04EB8A0BB5
:10AE4000DBF80400FEF799FA064654F82A00FEF7EC
:10AE500094FA311849450BD9DBF80400FEF78DFA56
:10AE6000064654F82A00FEF788FA30441FFA80F9A3
:10AE70006D1CBD42E0D35E483638FEF77EFA48448A
:10AE8000801C1FFA80F95A4800904B465EA20821A8
:10AE90004046FFF771FF09F1030086B207900023D7
:10AEA00032465BA14046FEF7CBFD002C52D0002578
:10AEB0004EE000BF05EB450A04EB8A0B54F82A006C
:10AEC000DBF804306BB350B3494956A23639CDE9AB
:10AED000001008214046FFF74FFF09F102000090E3
:10AEE000DBF80400FEF749FA064654F82A00FEF79C
:10AEF00044FA06443E483638FEF73FFA31180098C7
:10AF0000401A801EC1B24046FEF7C4FB3A224849AF
:10AF1000D8F8100000F084F90098401C0AE0009373
:10AF200001E040B100904B4637A208214046FFF7B0
:10AF300023FF079886B2DBF8081029B100233246B8
:10AF40004046FEF77DFD02E04046FEF70BFB6D1C20
:10AF5000BD42AFD3D8F80800C068002845D081466C
:10AF600000200446064603AD02903246761C02AB32
:10AF7000012148460095FEF77BFA029850B100681F
:10AF8000FEF7FBF9A042F0D902980068FEF7F5F948
:10AF900084B2EAE7012E28D026A200214046FFF71E
:10AFA000EBFE00263246761C02AB01214846009596
:10AFB000FEF75EFA0298002817D0A11C8FB2006835
:10AFC00000903B4610A208214046FFF7D5FE0298AC
:10AFD000FF1CBAB2416821B100234046FEF730FDA4
:10AFE000E0E74046FEF7BEFADCE709B0BDE8F08FC7
:10AFF0000CF0020025732573000000004F70746987
:10B000006F6E733A0A0000002020252D2A733A0043
:10B0100053686F7720636F6D6D616E642068656C37
:10B02000702E00002020257325732573000000007A
:10B0300018930200537562636F6D6D616E64733AAD
:10B040000A00000000F180400068002800D00120C4
:10B05000704708B500F18040002101600068009051
:10B0600008BD000010B50020FDF73CFB074C6068F0
:10B07000401E6060606818B901F098F800206070A8
:10B08000BDE810400020FDF72FBB0000A883012081
:10B0900070B5104D0446687838B114B1616800206D
:10B0A00088470020FDF71EFB0CE00020FDF71AFB8F
:10B0B00024B1084821460830FEF750FE686808B9F8
:10B0C00001F068F86868401C6860BDE870400020C6
:10B0D000FDF70ABBA883012070B50C4C0125207830
:10B0E00008B185260BE00020A06060602061E06070
:10B0F000074801F079F8064601F032F8257001F0B2
:10B1000021F800B1A570304670BD0000A883012071
:10B110001194020002480068C0F30040704700002C
:10B120001804004070B5104D0446A87838B114B129
:10B130006168012088470020FDF7D4FA0CE0002068
:10B14000FDF7D0FA24B1084821461030FEF706FE7C
:10B15000E86808B901F084F8E868401CE860BDE8D8
:10B1600070400020FDF7C0BAA883012010B5074C3D
:10B17000217809B1852010BD00B9054801F090FA89
:10B180000028F8D10121217010BD00001C80012091
:10B1900008EC020010B5044600F007F8204601F064
:10B1A000FBFA01F0F2FA002010BD10B501F0E6FA4A
:10B1B000BDE8104001F0FABAF0B50546047815482C
:10B1C00089B0164640F82420124A08690832A2F1D4
:10B1D0000C0742F82400487F385520226846FBF7C8
:10B1E000EAF904942878385C48B10EB10A4A00E0C4
:10B1F00000226946281D01F057FD09B0F0BD0EB1CF
:10B20000064A00E00022694605F10C0001F016FC38
:10B21000F3E700002480012079E10200C1DF020091
:10B220000FB408B50399002904D004AA00926A4615
:10B2300000F00FF801B05DF814FB10B58268044609
:10B24000002A05D0D4E90403216898470020A060B3
:10B2500010BD2DE9FC4791460C00804676D014F8CD
:10B26000011B39B125290ED04046FDF715FB20788A
:10B270000028F4D198F80C00002867D04046BDE8BB
:10B28000FC47FFF7DABF0020012221782B291BD0D1
:10B290002D2902D0302908D102E040F0010001E060
:10B2A00040F00200641C002AEFD100252A290ED0AC
:10B2B0002178A1F130020A2A11D205EB850201EBB7
:10B2C0004205641C303DF1E740F00400EAE7D9F89C
:10B2D00000100B1DC9F800300968641C0D4421786A
:10B2E00000232E290BD114F8011FA1F130020A2AE4
:10B2F00005D203EB830201EB4203303BF3E76C29F9
:10B300000DD068290BD0692921D00BDC252918D054
:10B31000582931D063290ED0642915D117E014F8CB
:10B32000011FECE7702969D0732932D075291BD031
:10B33000782909D120E0D9F80000011DC9F80010D2
:10B3400001784046FDF7A8FA641C90E76CE0D9F854
:10B3500000100A1DC9F800200968CDE900500A2232
:10B360004046FEF7F9FBEFE7D9F800100A1DC9F8CF
:10B37000002009680A2206E0D9F800100A1DC9F861
:10B38000002009681022CDE90050404602F096FFE7
:10B39000DAE7D9F8001000270A1DC9F800200E6866
:10B3A000C00705D112E04046761C7F1CFDF774FAF9
:10B3B00031780029F7D104E0202140466D1EFDF7C9
:10B3C0006BFABD42C0D9002DF6D1BDE74EB1304673
:10B3D000FBF723F9074604E0202140466D1EFDF7E8
:10B3E0005BFABD4206D9002DF6D103E04046761C3B
:10B3F000FDF752FA31780029F8D1A5E7D9F8000015
:10B40000011DC9F80010056830214046FDF744FAD7
:10B4100078214046FDF740FA08200021CDE90001DF
:10B42000034610222946B0E7BDE8FC872DE9FF411D
:10B430001C46DDE90A7815460E46684600F0C2F85B
:10B4400046EA450141EA840141EA072242EA08410D
:10B45000009A00EB8200C0F80017BDE8FF812DE9DB
:10B46000FF411C46DDE90A7815460E46684600F0A5
:10B47000B7F846EA450141EA840141EA072242EA77
:10B480000841009A00EB8200C0F80017BDE8FF8178
:10B490001CB5002100910B4601220191FFF7C6FF68
:10B4A0001CBD1CB5002100910B4601220191FFF744
:10B4B000D6FF1CBD1CB500220B460092114601921E
:10B4C000FFF7B4FF1CBD1CB500220B4600921146CD
:10B4D0000192FFF7C4FF1CBD08B50090684600F05C
:10B4E00055F8009A032100EB8200C0F8001708BD50
:10B4F0001CB5002100910B46012201911146FFF776
:10B5000095FF1CBD1CB5002100910B460122019145
:10B510001146FFF7A4FF1CBD13B50C46684600F0AA
:10B5200043F8009900EB8101D1F8002722F4403262
:10B53000C1F80027009900EB8100D0F8001741EA1C
:10B540000441C0F800171CBD3CB50A4CD4E90034D6
:10B55000CDE900346B46441808E000BF53F82010D2
:10B56000D1F8205520C2C1F82055401C8442F5D89E
:10B570003CBD00000CEC020001B5684600F006F886
:10B58000009A01219140C0F80C1508BD01682029DE
:10B5900002D24FF0A040704701F01F010160014846
:10B5A00070470000000300500168202902D24FF0CC
:10B5B000A040704701F01F01016001487047000082
:10B5C000000300500168202902D24FF0A0407047CC
:10B5D00001F01F01016001487047000000030050A6
:10B5E0000168202902D24FF0A040704701F01F01EE
:10B5F00001600148704700000003005001B5684633
:10B60000FFF7C4FF009A01219140C0F8081508BD5A
:10B6100001B56846FFF7D6FF009A01219140C0F8B6
:10B62000081508BD01B56846FFF7DAFF009A012149
:10B630009140C0F8081508BD034908B50844002129
:10B6400001600068009008BD006000400249405859
:10B65000012800D0002070470060004030B5154A36
:10B6600001460020D2F8104423460AE0DB681D7929
:10B67000854205D1401C0A28F6DB4FF0FF3030BD73
:10B680001B68002BF2D1431CF9D0CB681871D2F89B
:10B69000103443B1DB68CC681B682360D2F81024F7
:10B6A000D268116030BDC2F81014C96800220A6067
:10B6B00030BD00008C8A0120F0B595B01C461546BF
:10B6C0000F4608461A9E00F01BFB182109A8FAF73E
:10B6D00099FF0E96CDE909540023082203A93846A4
:10B6E00000F023FB05980690BDF81000ADF81C0093
:10B6F000BDF81200ADF81E0000208DF8210003985F
:10B70000082600F00300012802D0022818D032E0F9
:10B7100003983346850AC0F3C2008DF820000398D1
:10B720000FA9C0F38314A200384600F0FEFA09A85E
:10B73000009006AB22460FA9284600F03DFA1AE019
:10B740000398840DC0F3C2008DF82000082C01D2AC
:10B75000254600E0082533462A460FA9384600F062
:10B76000E4FA2E44641B09AB06AA29460FA800F090
:10B770008BF9002CEAD1384600F0C8FA15B0F0BDBC
:10B780007047012002F03ABC084810B50178084A19
:10B79000515C19B1001D01F021FB02E00C3001F0F9
:10B7A0001BFABDE81040002002F028BC54810120A3
:10B7B0002080012008B5034A00924023024AFFF787
:10B7C0007BFF08BD5DD90200F18801200A4A0129EA
:10B7D00002EBC00007D0022907D0032907D00429B3
:10B7E00007D000207047022070470420704700797E
:10B7F000704740797047000098FB020010B5FFF7D2
:10B80000C0FF04210348FFF729FF02490120C9684E
:10B81000487110BD88FB02002DE9F0478CB0FDF7A0
:10B8200053F818B100200CB0BDE8F0877D4C002023
:10B83000C4F81804BFF34F8F7B49A06802900D68CD
:10B840004FF00008284004EB80000BE0D4F8180407
:10B8500070B961680298814201D8A160E2E728408E
:10B8600004EB80000C3002A9FEF70EFA0028EDD19F
:10B87000002003AA029901EA050304EB8303491C93
:10B88000DB6842F82030401C02910228F2D3039872
:10B8900000F00300022802D001284DD0A7E0039851
:10B8A0005022810D8946B2EB905F00D850210E46A0
:10B8B00066F39F50039008315C4800F0D8F9070008
:10B8C00078D000F01DFA4346082203A9384600F05C
:10B8D00034FA029908F1080A2940681A8000001D0C
:10B8E000864222D94F4D0C3530B1C2B204EB8101F2
:10B8F000301A90460C3104E02946F2B200259046F9
:10B900002846C6B25346384600F017FA0AEB080339
:10B9100025B132462946384600F00FFA029909F15E
:10B92000030001EB900002903BE004EB81015346E1
:10B93000324638460C31EFE70398C0F383100628EF
:10B9400000D30620039960F38911C1F38310801C92
:10B9500003918100354800F08AF9070047D000F0D4
:10B96000CFF94346082203A9384600F0E6F908F16A
:10B97000080800260FE00298434600EA0501401C33
:10B9800004EB81010290042238460C3100F0D5F915
:10B9900008F10408761C0398C0F38310B042EAD87B
:10B9A00047B1D4F81054D4F8180478B1384600F0F0
:10B9B000ADF931E01BE0E8684079012804D12A683C
:10B9C0002846394612689047E8680568002DF2D18C
:10B9D000384600F09BF90020FCF784FED4F81804E8
:10B9E00008B90298A0600020FCF77EFE14E0D4F8AD
:10B9F000104405E02168204689688847E0680468AB
:10BA0000002CF7D10A480B49401AC008022101EB6B
:10BA1000004009A100F01AF8FCF756FF80F0010081
:10BA200001E700008C8A01207081012038FC0200AF
:10BA300030FC020098FB02004261636B656E647328
:10BA400020666C75736865640000000000231A4668
:10BA500002F0E4B908B5012300926A4602F0DEF96B
:10BA600008BD3EB5069C8DE81C0003236A4602F023
:10BA7000D5F93EBD7FB5DDE908458DE83C000423DE
:10BA80006A4602F0CBF97FBD2DE9F0470E468046AD
:10BA90001C469246082940D894F80C900020207348
:10BAA0001946104601F0A6FE0025B54206D218F848
:10BAB00005201BA12046FFF7B3FB03E01AA1204697
:10BAC000FFF7AEFB6D1C082DEFD318A12046FFF742
:10BAD000A7FB0025B54212D218F805707E2F08D8B2
:10BAE000FAF75CFD0068C05D10F03E0F01D03A46E9
:10BAF00000E02E220EA12046FFF792FB03E00DA1ED
:10BB00002046FFF78DFB6D1C082DE3D30122214653
:10BB1000504601F051FE84F80C90BDE8F08700001B
:10BB20002025303278000000202020007C0000001A
:10BB30002563000020000000064910B500200870B1
:10BB4000054800F0E1F8002803D1044800F012FA9B
:10BB5000002010BD8C8A012038FC02008CF002000D
:10BB600002480349401AC0087047000038FC020030
:10BB700098FB020013B56846FEF750FA08B10020A2
:10BB80001CBD0248009950F831001CBD98FB020012
:10BB900070B508480125D0F81044057007E0E0684A
:10BBA00045712168204649688847E0680468002C90
:10BBB000F5D170BD8C8A01202DE9FF4781460C9D8F
:10BBC00000200C462F7B28739846164629461846B7
:10BBD00001F010FE072E42D2DFE806F004090F162E
:10BBE0001F2A360049462846FFF71AFB37E0494628
:10BBF00028462268FFF714FB31E0D4E900234946C8
:10BC00002846FFF70DFB2AE0A0680090D4E9002346
:10BC100049462846FFF704FB21E0D4E90201CDE9BB
:10BC20000001D4E9002349462846FFF7F9FA16E057
:10BC300004F1080007C88DE80700D4E9002349464D
:10BC40002846FFF7EDFA0AE004F108000FC88DE876
:10BC50000F00D4E9002349462846FFF7E1FA002205
:10BC60002946404601F0A8FD2F73BDE8FF872DE966
:10BC7000F041058A80462D1F4819C01CB0FBF5F025
:10BC8000C6B24046FEF798FD041E19D00020207170
:10BC900001206071E58000272546761EC4F80080EB
:10BCA0000BE04046FEF788FD60B16179491C617187
:10BCB000286005467F1CC0F80080B742F1D32046BB
:10BCC000BDE8F081204600F002F80020F8E72DE9F9
:10BCD000F041457901466B1E002201E00968521CC3
:10BCE0009A42FBD30F680146002605E038460C68EF
:10BCF000FEF781FD2146761CAE42F7D3BDE8F08108
:10BD00000121001DFEF736BDFEF78ABD10B50446C1
:10BD10000121001DFEF744FD10F0FF0F04D1204665
:10BD2000BDE81040FFF7D3BF10BD1CB50192012242
:10BD3000009201AAFEF732F91CBD1CB50192002247
:10BD4000009201AAFEF72AF91CBD000002494058E2
:10BD5000002800D00120704700500040024A002116
:10BD60008150BFF34F8F7047005000400449D1F815
:10BD70000413014201D001207047002070470000E9
:10BD800000500040C02903D0E9B1802902D00DE065
:10BD900040210BE010F8012B10F8013B120442EA9D
:10BDA000032210F8013B1A430F4B1A6010F8012BC5
:10BDB00010F8013B120442EA032210F8013B1A4337
:10BDC000094B1B1F1A600268C07812BA22F0FF02EA
:10BDD000024305480838026003480830026822F030
:10BDE000C0020A43026070479855004030B40168B1
:10BDF00009B129201BE012490A78124C302A03D0DD
:10BE00000A78A22A0AD00CE06568002D16D0436893
:10BE1000A068AC4630BC0A4A022160474068062848
:10BE200008D008785028E4D101202070282030BCA8
:10BE300000F078BB30BC044800F0C2BB30BC704797
:10BE4000188F0120FC810120A4F0020008B500F148
:10BE5000804001460068002220B101200A60096884
:10BE6000009108BD104608BD0068806870470068F2
:10BE700000218160704700002DE9F04F8146806805
:10BE800089B0D0F84801C0F3400038B109B0484645
:10BE9000BDE8F04F00221146FEF796BF012907D9F1
:10BEA00009B04846BDE8F04F1DA20221FEF764BF6D
:10BEB0002049DFF884B0A1EB0B001821B0FBF1F8AA
:10BEC000002526E005EB45010BEBC1042068D4E911
:10BED000026A8768204600F03FF8642179436422B3
:10BEE0004243B1FBF6F1B2FBF6F26369247CACB1DC
:10BEF00012A400BFCDE90664CDF800A00597CDE9F6
:10BF00000120CDE90361104A08214846FEF734FFBD
:10BF10006D1C4545D6D309B0BDE8F08F0BA4E9E709
:10BF200042616420617267756D656E7420636F7520
:10BF30006E74000000000000000000004E6F206FD3
:10BF4000766572666C6F770090F902004F766572C5
:10BF5000666C6F770000000010B504460020FCF707
:10BF6000C1FB204601F09EFC04460020FCF7BCFB10
:10BF7000204610BD8268002191608268116182684C
:10BF800051618268D1608268516080680160704749
:10BF900008B5002242504058009008BD08B5002264
:10BFA00042504058009008BD4058002800D0012061
:10BFB000704708B5002242504058009008BDD0F8A4
:10BFC0000403084000D0012070474058002800D0EA
:10BFD0000120704708B5002242504058009008BD2B
:10BFE00010B502F05BFA8020FDF78EFB817B012407
:10BFF000032902D00068002809D18020FDF77EFBCC
:10C000008440E143BDE81040014800F0A3B810BDF2
:10C010006480012002064FF0010100F00F0001FAD8
:10C0200000F101D5044801E00348001D0068084004
:10C0300000D00120704700001075024070B5054621
:10C0400002F02CFA2846FDF75FFB817B01240329CF
:10C0500002D00068002809D12846FDF74FFB844034
:10C06000E143BDE87040024800F074B870BD0000C4
:10C070006480012038B5054602F010FA2846FDF725
:10C0800043FB817B0124032902D0006848B11AE0F8
:10C090002846FDF733FB8440E1430D4800F05AF891
:10C0A00011E02846FDF72AFB8440E143084800F0F0
:10C0B00051F808480649006900900C398DF8025083
:10C0C000496868468847BDE8384002F0F5B9000085
:10C0D000648001201CEC020002494058002800D076
:10C0E000012070470070024010B50446FFF7F4FFCE
:10C0F000002806D0034900226250BFF36F8FBFF3C0
:10C100004F8F10BD0070024003490860BFF36F8F6E
:10C11000BFF34F8F70470000007402400248006870
:10C12000002800D0012070472C75024004490844C3
:10C1300001210160BFF36F8FBFF34F8F7047000085
:10C140000070024002480068002800D001207047BB
:10C150000004014008B56A46FAF775F808BD00000A
:10C1600009480168012011F0010F06D14FF0E021CC
:10C17000C02281F800248431C867044A012111607B
:10C18000034908707047000000E100E01805004016
:10C190003480012010B54FF48070FEF75AFF012063
:10C1A0008107C1F80403086010BD0000012010B52C
:10C1B0008107C1F808030002FEF74BFF0749012081
:10C1C000086007494FF001100A6802F0011282422C
:10C1D000FAD004490020487110BD0000040000405E
:10C1E0000C040040388001200649024600200B79EB
:10C1F0000BB1852070470A6001220A7100224A7142
:10C20000704700003880012070B54FF480763046CA
:10C21000FEF718FF114CB50560B13046FEF719FF67
:10C220000120C5F80803607920B9012060712168F8
:10C23000002088474FF482763046FEF703FF00283F
:10C240000AD03046FEF705FF0220C5F80803216832
:10C25000BDE870400120084770BD00003880012013
:10C2600010B54FF48270FEF7F4FE02204107C1F8CA
:10C27000040302490120086010BD000008000040CE
:10C280000121B1EB507F01D10120704700207047A0
:10C29000104810B503780021021D33B101701172EE
:10C2A000BDE81040032000F07BB8517A002910D07F
:10C2B000917A00290DD0084A0121116001700548CA
:10C2C000001D00F0FFFA0348BDE81040001D00F01B
:10C2D00029BB10BD7080012000500040074901209B
:10C2E0000860074A01460832054811600549C0F850
:10C2F00004130421C0F804137047000004540040E4
:10C30000005000408200080070B50546FEF7C0F8F6
:10C3100028681D4C40281DD00DDC04281FD0102893
:10C3200030D11A4800F04CF96568002D2AD000235E
:10C330001A46032119E080281CD0B0F5002F21D126
:10C34000124800F03DF96568002D1BD000231A4605
:10C3500019460AE0281DBDE87040FFF747BD656833
:10C36000002D0FD000231A460121A068AC46BDE87D
:10C37000704060472879002804D12078002801D037
:10C380000020207070BD0000FC810120A4F002009C
:10C3900002480068800700D0012070473C540040EC
:10C3A00031B5214984B0087A002826D19DF81000C3
:10C3B000032807D1FFF7ECFF08B1022000E00120BD
:10C3C0008DF810009DF8102000200125174C012A3F
:10C3D00015D0022A11D1627A002A0ED148728872D1
:10C3E0000D72114800F06EFA0F4800F09BFA65726A
:10C3F0000220009014E06846884705B030BD617A9D
:10C400000029FAD00A4A0A49083215604FF48F62AF
:10C41000C1F80823607204200090012000F01CF88D
:10C4200061680029E7D1E8E774800120B086012027
:10C430000050004010B5B0F5A07F09D1054901209A
:10C440008872084600F060FABDE81040FFF720BF90
:10C4500010BD000074800120044908B1881403E075
:10C460000348C068C0F313000860704708550040D7
:10C47000B0860120FEB5254C217A09B10820FEBD09
:10C48000D0E9001021606060214903200860204845
:10C490009430016821F01F0141F004010160052082
:10C4A000FAF772FF1B49C02081F800040125202003
:10C4B000491FC1F800011849184AD1E90001CDE926
:10C4C000010101A9164800F051FA0028D7D11448FB
:10C4D0000068D0F810050021C2B24FF47A50FAF784
:10C4E0004DF80246012300210D48009500F028FA7E
:10C4F0000721684600F034F80646C0216846FFF779
:10C5000041FC25722803E0603046FEBDB086012064
:10C510000C55004005E000E0ECEC020035C40200E0
:10C520007480012010B501210B4C292801D0204432
:10C5300009E00A48006810F0010F02D006482830D0
:10C5400001E00548243001600120FFF785FF4FF42A
:10C550008F60C4F8080310BD005000402054004014
:10C5600030B5042905D0072903D00A2901D00920B4
:10C5700030BD124A1468121D1268104B08331B6834
:10C580000470250A240C45708470D4B2C470042948
:10C5900012D0150A0571150C120E457182710A2907
:10C5A00002D0882C06D007E0C371190A0172190C59
:10C5B000417201E09921C170002030BD500400108B
:10C5C000094A416800881160111DC0F30800086025
:10C5D00006480749008800F48C60C1F80403044948
:10C5E00001201C310860704710550040B0860120C2
:10C5F00000500040012110B1034A815070470348A8
:10C600004172FFF745BE00000050004074800120D9
:10C610002DE9F041044600688846002568B10020F5
:10C62000FCF760F84FF48670FFF790FB40B10820EC
:10C63000FFF79CFB20B1112526E00920BDE8F08121
:10C64000144F01263E61144A208861681160111D53
:10C65000C0F30800086020884FF6FF7101EAC000AF
:10C660000D49C0F30B000C310860111FC1F80080A8
:10C670000020FFF7F1FE0948007800F01800C7F825
:10C68000040304480C3006600020FCF72DF828460F
:10C69000D4E700000050004010550040B086012053
:10C6A0000F490A780AB18520704702780D4BC2F312
:10C6B00040021A600B4A0078083A00F0010010604E
:10C6C00009480068012210F0010F06D14FF0E02068
:10C6D000C02380F800348430C2670A70002070479D
:10C6E000408001208005004000E100E070B54FF07F
:10C6F0008040D0F80443204D600706D54FF4847085
:10C70000FFF7A4FB08B168688047A00607D54FF47F
:10C710008A70FFF79BFB10B1A9680020884760066C
:10C7200007D54FF48C70FFF791FB10B1A968012079
:10C730008847200607D54FF48E70FFF787FB10B1AE
:10C74000E96800208847E00507D54FF49070FFF7AF
:10C750007DFB10B1E96801208847A0050AD54FF498
:10C760009270FFF773FB002804D0E968BDE87040C1
:10C770000220084770BD0000408001204FF080413A
:10C780004FF46070C1F8080370474FF080414FF4D8
:10C790006070C1F80403704703490022CA60006852
:10C7A000002800D0C8607047408001200149002067
:10C7B000C86070474080012070B50D4601F066F8F2
:10C7C00004000FD00020FBF78DFF207920B100205E
:10C7D000FBF78AFF112070BD012025602071002029
:10C7E000FBF782FF002070BD10B501F04FF8002864
:10C7F00002D000210160017110BD0000016801221A
:10C800000A604079024A00EB40000221115470474F
:10C810006880012030B54379204C44F823204279C8
:10C82000231F02EB42029A5C0AB1082030BD90F946
:10C8300004208C78002A4FEA441404DB02F1E02241
:10C8400082F8004405E002F00F0202F1E02282F8D3
:10C85000144D90F904200124002A09DB02F01F0581
:10C8600004FA05F55209920002F1E022C2F80051E3
:10C8700002680D88C2F8085545790A7905EB450527
:10C880001D446A704279C97802EB42021A449170E1
:10C89000407900EB40001C54002030BD6C8001202A
:10C8A00070B50E4605464FF4807101240068FFF70D
:10C8B0006FFB2868C0F84443002E02D02868C0F8F7
:10C8C000044370BD00680121C16070472DE9F0414B
:10C8D00006460D464FF4803400681746AC404BB115
:10C8E0004FF4A07101EB8501FFF758FB3068C0F8E9
:10C8F000044301E0C0F80843306800EB8500C0F84D
:10C900004075BDE8F08100000268012111610079E5
:10C91000034A00EB400002EB800001727047000008
:10C92000C0860120016801220A600079034A00EBF9
:10C93000400002EB8000022101727047C086012096
:10C94000F0B40468049E40F20115D4F800728D40E2
:10C95000AF43C4F800720468D4F800521D43C4F811
:10C9600000523346F0BCFFF7B1BF00002DE9F041A3
:10C9700004460E4600792C4900EB400001EB80078D
:10C98000387A10B10820BDE8F0813A60706800255F
:10C990004FF4A078786006E008EB85012068FFF787
:10C9A000FDFA6D1CEDB26079A842F5D82068F178E7
:10C9B00040F3073000284FEA411104DB00F1E0208A
:10C9C00080F8001405E000F00F0000F1E02080F88E
:10C9D000141D2068012140F30730002809DB00F016
:10C9E0001F0201FA02F24009800000F1E020C0F8C5
:10C9F000002120687278D0F8043562F30103C0F892
:10CA000004352068B278D0F8083562F30103C0F825
:10CA1000083520683278D0F8103562F30303C0F887
:10CA2000103539720020AEE7C08601200149024866
:10CA300001F00CBB28840120002000402DE9F041CA
:10CA40000546007916460F4600EB40012D4A01EBE2
:10CA5000C00102EB810494F82A1011B10820BDE84E
:10CA6000F081294951F820102868FFF7A5FE08B188
:10CA70001120F4E739462846FBF74AFE666038691C
:10CA8000206030004FF001062FD03F7F4FF48E71B1
:10CA90002868FFF78EFA4FF4A2712868FFF789FA29
:10CAA00028681A49C0F8041328684FEA471140F370
:10CAB0000730002804DB00F1E02080F8001405E0D6
:10CAC00000F00F0000F1E02080F8141D286840F30A
:10CAD0000730002809DB00F01F0106FA01F14009C8
:10CAE000800000F1E020C0F8001128680421C0F89F
:10CAF00000150020A061E06184F8290044F8140FBB
:10CB0000A675ACE72884012014EC02008000020026
:10CB10002DE9F05F054600790B4600EB400101EB83
:10CB2000C000244901EB8004284600F045F810B10C
:10CB30001120BDE8F09F62614FF00009C4F8209019
:10CB4000A36084F828904FF48E784E4641462868BA
:10CB5000FFF72FFA28684FF0010AC0F808A0214615
:10CB6000286801F003FA606808BBD5F800B067696F
:10CB70000FE000BF94F8280008B10F2615E04146E9
:10CB80005846FFF711FA0028F4D02146584601F024
:10CB9000EDF9206AB842F2D3574641462868FFF7BC
:10CBA00003FA0028F9D02868C760C4F8149030460A
:10CBB000BFE7000028840120007900EB400101EB71
:10CBC000C000044901EB80004069002800D001202A
:10CBD00070470000288401202DE9F04704460079C1
:10CBE0004FF0000900EB400101EBC000284901EBC8
:10CBF00080072068C0F800957868B0B120682549A2
:10CC0000C0F80813206840F3073000280DDB00F05F
:10CC10001F02012191404009800000F1E020C0F88E
:10CC20008011BFF34F8FBFF36F8F2068D0F80C25B2
:10CC3000D0F81485D0F80865D0F810554FF0FF31C2
:10CC4000C0F81415C0F80C152068C0F80815C0F815
:10CC50001015501C02D01046FEF71AFCB8F1FF3F29
:10CC600002D04046FEF714FC681C02D02846FEF7AE
:10CC70000FFC701C02D03046FEF70AFC2068FFF75C
:10CC8000B3FD87F82A90C7F80490BDE8F08700004C
:10CC900028840120840202000149024801F084BA7C
:10CCA00054840120002000402DE9F041054616463D
:10CCB00000790F46154A00EBC00102EB810494F89D
:10CCC000201011B10820BDE8F081114951F8201061
:10CCD0002868FFF771FD08B11120F4E739462846AE
:10CCE000FBF751FD6660386920601EB1397F284628
:10CCF000FCF786FF28680821C0F800150020A06115
:10CD0000E0616061012184F82010DCE75484012097
:10CD100018EC02002DE9F04704460E460079274939
:10CD200000EBC00001EB800517463046FFF7A8FA7C
:10CD300030B1204600F044F820B11120BDE8F08762
:10CD40001020FBE76F61AE604FF490774FF0000862
:10CD500039462068FFF73EF94FF4AC76314620683B
:10CD6000FFF738F92068AA686969C0F84425C0F857
:10CD7000481520684FF00109C0F808906868D0B9DC
:10CD8000BA4651462068FFF720F907463146206829
:10CD9000FFF71BF90743F4D010B14FF00F0808E07C
:10CDA0002068C0F80C9031462068FFF70EF9002883
:10CDB000F9D0002068614046C0E70000548401209B
:10CDC0000079054900EBC00001EB800040690028B4
:10CDD00000D0012070470000548401202DE9F04765
:10CDE000064600793D4900EBC00001EB8005346840
:10CDF00068680127A8B13A49C4F80813306840F3BD
:10CE0000073000280DDB00F01F0107FA01F140098F
:10CE1000800000F1E020C0F88011BFF34F8FBFF316
:10CE20006F8FD4F8000220F02000C4F80002A86937
:10CE30004FF4A27820B141462046FFF7CBF8676057
:10CE40004FF4AC7949462046FFF7C4F8E7604746FF
:10CE500049462046FFF7B9F80028F9D0A86928B15B
:10CE600039462046FFF7B1F80028F1D04FF0000A0C
:10CE7000C4F800A53068D0F80C25D0F81495D0F887
:10CE80000885D0F810754FF0FF31C0F80C15C0F8C8
:10CE900014153068C0F80815C0F81015501C02D0E1
:10CEA0001046FEF7FEFAB9F1FF3F02D04846FEF702
:10CEB000F8FA781C02D03846FEF7F3FAB8F1FF3FD3
:10CEC00002D04046FEF7EDFA2046FFF78DFC85F8CC
:10CED00020A0C5F804A0BDE8F0870000548401201C
:10CEE0001003420003490248C1F8040370470000E0
:10CEF000041480010070024030B54C689C4204D29A
:10CF0000002545600968016007E043600D68E41A88
:10CF100005604C600868184408609A4202D10CB160
:10CF2000012030BD002030BD10B500F01FFB0949C5
:10CF3000D1F80403C1F80803074900200860BFF3D3
:10CF40006F8FBFF34F8F01F0A9FA044901200870D9
:10CF500010BD0000007002400075024058800120A2
:10CF600070B54FF40060FFF7CFF801F04FFB00F011
:10CF7000C1F908B101F068FC4FF080500025D0E9FC
:10CF80004C1008290AD1124940F2E3700860402091
:10CF9000091D0860BFF36F8FBFF34F8F0D498020CD
:10CFA00008600C490020143108600B4C40F2FF105F
:10CFB000C4E9020501F072FAA5700220207000F0A9
:10CFC00099F9002803D0BDE8704001F057BC70BD4E
:10CFD000007802401C7502405880012001F060BBBF
:10CFE00010B5044601F05CFB21064FF0010004F08F
:10CFF0000F0200FA02F001D5084901E00749091DB6
:10D000000A6882430A60BFF36F8FBFF34F8F2046D9
:10D0100000F0E0F80249C1F8080310BD10750240A5
:10D020000070024005490860BFF34F8F40F48070E4
:10D030000860BFF36F8FBFF34F8F70470C750240CE
:10D0400070B5044600F0C6F81A49C1F8040320463A
:10D05000FEF7E0FF00282BD104F00F0122064FF06D
:10D06000010505FA01F001D5134A01E0124A121D2B
:10D07000136803431360BFF36F8FBFF34F8F200715
:10D0800016D0200614D4082912D20020FBF72AFB60
:10D09000204600F0BDFA2046FCF730FB85400748EB
:10D0A000C168A943C160BDE870400020FBF71CBB0C
:10D0B00070BD0000007002401075024058800120D1
:10D0C000FEF7A8BF2DE9F0410E460746FCF716FB18
:10D0D00005460020FBF706FB144C380704D1A07866
:10D0E000874201D010241BE02089E168C04380B250
:10D0F0000843012101FA05F5284201D011240FE06F
:10D100003846FCF701FB00218160326802607268DA
:10D1100042608173E0680543E5600C4601F0C8FB9E
:10D120000020FBF7E1FA2046BDE8F081588001209D
:10D1300010B5FCF7E9FA808910BD10B50C46FCF774
:10D14000E3FA848110BD0000044940F48070086057
:10D15000BFF36F8FBFF34F8F704700001875024009
:10D1600000F00F01082901D300207047020607498B
:10D170004FEA007001EB906002D5D0F8200401E086
:10D18000D0F844040128EFD170470000007002403D
:10D1900010B50446000606D42046FFF7E1FF10B1A3
:10D1A000204600F035FA03480460BFF36F8FBFF3E9
:10D1B0004F8F10BD18750240010601D5044901E0EA
:10D1C0000349123100F00F0031F8100070470000E1
:10D1D000B4EC0200010601D5044901E0034909311C
:10D1E00000F00F00095C012088407047D8EC020075
:10D1F0002DE9F0470D460646FCF780FA80460020F0
:10D20000FBF770FA254C300704D1A078864201D094
:10D21000102433E02089E168C04380B24FF0010957
:10D22000084309FA08F7384201D0112426E03046B5
:10D23000FCF76AFA06F00F01330601EB41014FF0EB
:10D24000000225D5164B03EB81012B68B9EB537F08
:10D250002B7A4FEAC37302D1B3B1124B01E0ABB1E9
:10D26000114B036068CD81E86800C0E90112827348
:10D27000E0680743E760002401F01AFB0020FBF799
:10D2800033FA2046BDE8F087084BEAE7084BE8E7A9
:10D29000034B6C3303EB8101064BE2E7588001201E
:10D2A00098850120CDD3020065D30200A9D30200E6
:10D2B00029D30200F9CE020000F00F00082805D3A0
:10D2C00005480068C10300D500207047034901EB01
:10D2D0008000D0F8A0047047C07402400070024083
:10D2E0004FF08051D1E94C01082801D0002070474F
:10D2F000012070474FF08050D0E94C210020082ACF
:10D3000003D10122002900D9104670474FF0805107
:10D31000D1E94C01082801D0002070470120704756
:10D3200000487047708601202DE9F0414D680C4E91
:10D3300007460C46954200D915462A4630462168D4
:10D34000F9F739F9C7E900656068401B606020683B
:10D35000284420606068002800D00120BDE8F081EA
:10D36000708601202DE9F0414C680E4F06460D46AF
:10D37000944200D9144634B1224638462968F9F758
:10D380001AF9376001E00020306074606868001BA3
:10D39000686028682044286014B10120BDE8F0814D
:10D3A0000020FBE7708601204B68934200D91346AA
:10D3B0000A68C0E900234868C01A48600868184431
:10D3C00008604868002800D0012070474B689342ED
:10D3D00000D91346002B0ED0D1F80020C0E900235D
:10D3E0004868A0EB0300486008681844086005D04E
:10D3F0004FF0010070474FF00002EFE74FF00000E0
:10D400007047000001490020487070475880012093
:10D410002DE9F0411C490A7812B10820BDE8F081DD
:10D4200048600120002408704602254644F0800729
:10D4300007F00F00082801D3314600E040213846AC
:10D44000FFF77BFE3846FCF75FF98573641C0560C7
:10D45000E4B28560092CE9D35FF0000404F00F000A
:10D46000082801D3314600E040212046FFF765FE41
:10D470002046FCF749F98573641C0560E4B28560B9
:10D48000092CEBD30020C9E758800120034800781D
:10D49000022801D3012070470020704758800120E6
:10D4A00002480078002800D00120704758800120F1
:10D4B0000148807870470000588001205020FEF716
:10D4C00035BE4C20FEF732BE00210160416011499B
:10D4D000096801700F49091D096841700D4908313B
:10D4E00009680C4A0C32126841EA0221418009495C
:10D4F00010310968074A1432126841EA022181801A
:10D50000044918310968034A1C32126841EA0221B1
:10D51000C1807047807402405420FEF707BE0000AF
:10D520000C4A002151700C4900B10C490C48C0F85C
:10D5300004130C49C02081F800040A4A012080210C
:10D54000233AC2F8001108490860BFF36F8FBFF398
:10D550004F8F7047588001200714C0010714E00165
:10D560000070024027E000E00475024070B50E4DE7
:10D570008024C5F880422720F9F7F2FE002812D057
:10D5800001F00EF9094900200860BFF36F8FBFF367
:10D590004F8FC5F88041BFF34F8FBFF36F8F0449A2
:10D5A000401EC1F8080370BD04E000E004750240AD
:10D5B0000070024010B500242046FBF793F80C4899
:10D5C000407878B101F0ECF80A480168890509D47F
:10D5D000094901220A600068800502D50020086020
:10D5E00000E001240020FBF77FF8204610BD00007A
:10D5F00058800120007402402C7502400349024803
:10D60000C1F8080370470000041480010070024054
:10D6100010B504460020FBF765F82046FCF76EF8CD
:10D62000012181400B4882688A43826004F00F0028
:10D63000082809D2084A002102EB8000C0F8A01493
:10D64000BFF36F8FBFF34F8FBDE810400020FBF793
:10D650004BB80000588001200070024002480021B1
:10D6600041600170704700005880012010B500240F
:10D670002046FBF737F80F48407880B1FEF74EFDA3
:10D6800068B10D49002008600124FFF729FE30B180
:10D690000A490B68094AC02014322BB110600020DF
:10D6A000FBF722F8204610BD49F275330B6010607D
:10D6B0000B60F4E7588001202C75024000EC064016
:10D6C00003490860034801680029FCD07047000046
:10D6D00004E5014000E401402DE9F84F314F0546D3
:10D6E0004FF001090024381990F96010491C46D008
:10D6F00090F86000294620F0C0063046FDF7A8F8F3
:10D7000070B3204600F050F8824668460096FDF758
:10D710004BFF009900EB8100D0F80007C0F30148EF
:10D72000B8F1020F1DD002213046FDF7F5FE684624
:10D730000096FDF739FF009A09FA02F1C0F82015AA
:10D740003046FBF743FD57F820204AB15046BAF166
:10D75000030F11D0B8F1020F05D0B8F1030F07D0B5
:10D760000DE00321E0E75046BAF1010F04D006E0D6
:10D770005046BAF1020F02D1014630469047641C70
:10D78000042CB0D32A4602210020FDF7DDFE002044
:10D7900055F820100029A5D1401C0228F8D3BDE877
:10D7A000F88F0000BC8301200249084490F8600013
:10D7B00080097047BC83012010B50C46017A052909
:10D7C00008D0407A38B1084808A102682046FDF721
:10D7D00027FD00E01AB106A12046FDF721FD2046F5
:10D7E000BDE81040FDF729BDA08101202573000090
:10D7F0000D0A000038B5C3880D46044633B114A0A5
:10D80000009015A216A12846FDF70AFD217A0529E8
:10D810001CD0607A48B1A088FDF7D8FF164951F8AE
:10D82000202016A12846FDF7FBFCA0880021FEF76A
:10D83000A1F903461049207A143951F8202001B08B
:10D840002846BDE830400EA1FDF7EABC38BD000017
:10D850001B5B306D000000001B5B313B33316D0002
:10D8600025734C6F67732064726F70706564202835
:10D8700025642925730D0A00A0810120257300006D
:10D880003C25733E2025733A20000000034988425E
:10D8900001D103487047002070470000002000407D
:10D8A0005080012001680A684968914201D3881AB2
:10D8B00070478068801A0844401C704730B50428BF
:10D8C00019D10D48002401228168491C8160C56876
:10D8D0006D1CC56003695B1C0361B1F5806F01D3EA
:10D8E00084600270B5F5007F01D3C46042700A2BDA
:10D8F00001D30461827030BD0480012070B50546FB
:10D9000088690C4600284FF4847128460AD0FEF737
:10D9100050FBD5F81805626AE1688854606A401CBB
:10D92000606270BDFEF745FBD5F8180570BD1FB5E8
:10D9300001238DF80030CDE90121D0E900126846BD
:10D9400090471FBD1FB501238DF80030CDE901219F
:10D95000D0E90012684690471FBD000070B50D4C1D
:10D960000020D2B22070201D0B4D0378EB5C1BB160
:10D97000001DFFF7CFF902E00C30FFF7C9F808B13E
:10D98000FAF71EF86078002802D021780029FAD032
:10D9900070BD0000508101202080012000207047D0
:10D9A0002DE9FE4F08790C46012804D0022809D041
:10D9B000032875D162E0B4F8070000285CD0122279
:10D9C000384967E0B4F80700002855D0092800D985
:10D9D0000920814609264FF00008FAF75FF905464D
:10D9E0004FF0000A16E00027CDF800A000E07F1CF1
:10D9F000686801230022D0F804C029466846E04741
:10DA00000028F4D1297A3E4401EB080000F0FF0819
:10DA100028680568002DE6D102A8FAF79DFA214989
:10DA200005464A461231F8F7C6FD85F804806E8037
:10DA3000FAF760F918B1E87940F02000E871FAF7D8
:10DA40002DF90146184880E82202B4F80710C16099
:10DA50000020FAF747FE134980200839FAF7BEFA8A
:10DA6000040005D10F4980201039FAF7D1F9044696
:10DA70000020FAF739FE2046BDE8FE8FB4F8070013
:10DA80000028F9D0E078B4F80510FAF7EDFD0100B0
:10DA900006D00A7803B0601CBDE8F04FFAF72CBA44
:10DAA0000620E9E7D8ED0200C088012038B54A78A1
:10DAB00012F0600F36D13B4C12064FF0000533D503
:10DAC0008A7822B1062A15D0082A2BD116E00B46F7
:10DAD0006846FAF741FA01460580007840F00100F7
:10DAE000087062785208D20702D040F00200087035
:10DAF000022213E0BDE83840FFF752BF0B466846EC
:10DB0000FAF72AFA01462078052802D0042803D023
:10DB100008E00120087000E00D700122581CFAF79F
:10DB2000EBF938BD062038BD88780A28FAD2DFE83C
:10DB300000F005110506050505050520F2E7B1F819
:10DB400003000128EED1FAF7D5F880B1607840F0F3
:10DB5000020009E0B1F803000128E3D1FAF7CAF89E
:10DB600028B1607820F002006070002038BD0F20DE
:10DB700038BD2078052803D0042801D0082038BDFE
:10DB8000C87818B1012805D0072038BDF9F734FF4F
:10DB9000042002E0F9F746FF052000F0F1FB2846DB
:10DBA00038BD0000B0800120F8B50546407810F07F
:10DBB000600F3FD120486C79A978007821B1012904
:10DBC00023D0032936D111E0052801D0200727D121
:10DBD0006846FAF7C1F906462046FFF7C1FA3080D9
:10DBE00002223146681CFAF787F9F8BD04F00F01EC
:10DBF00008291FD2B5F80310E1B921071AD005286A
:10DC00000ED12046FFF7A0FA12E004F00F01082918
:10DC100010D2B5F8031069B921070BD0052801D03F
:10DC20000820F8BD2046FFF7FDF92046FFF7B0FABF
:10DC30000020F8BD0620F8BDB0800120FEB54B786D
:10DC40004FF006021D06C3F3411439D514B1012C5F
:10DC50001FD120E0054603F01F000C46012818D113
:10DC6000A078062815D10020019002A8FAF774F9CF
:10DC7000064601A80090E278217933462846F9F754
:10DC8000ADFF052805D03146601C019AFAF734F93A
:10DC9000FEBD0620FEBD0B46006889780C302129A8
:10DCA00003D1B3F80710072901D01046FEBD03B019
:10DCB0000722BDE8F04000F10C01581CFAF71CB92E
:10DCC000002CF2D0012CE4D103B0BDE8F04000F00C
:10DCD00045B80000F8B50B4651780646144611F0D9
:10DCE000600F25D11C480906A17800781ED511B116
:10DCF0000A291DD109E005281ED16846FAF72CF93A
:10DD000001460020088002220CE0052814D1684654
:10DD1000FAF722F9054619463046FAF7A2FB2870B1
:10DD200001222946601CFAF7E7F8F8BD0B2901D05B
:10DD30000620F8BD052801D00820F8BDB4F803007E
:10DD4000FF2801D90720F8BDD27819463046BDE832
:10DD5000F840FAF763BB0000B0800120F0B505463B
:10DD60000468887800260C3487B0202802D0222846
:10DD700028D124E0B1F80720072A23D12070C879E0
:10DD80006070A01C039604960290607803900020B7
:10DD9000FAF7A8FC02A90020FAF746F9040008D116
:10DDA0001D4869460068CDE900050020FAF730F803
:10DDB00004460020FAF798FC204607B0F0BDB1F801
:10DDC000070008B10620F8E7207DB1F8031000F045
:10DDD000010001F00107A182B8421AD00FB102215F
:10DDE00000E00321284600F0C7FD97B92846FBF75D
:10DDF00069FCFFF7F3F82846FBF76DFCFFF7EEF838
:10DE0000A6612662E6662667666704F12800A667B3
:10DE1000A0660020D1E700008CED02002DE9F84F4C
:10DE2000074622489146884605681E4601226946F3
:10DE30001846FAF7EBFCDFF878A060B300980021F1
:10DE40000446801C0AE000BF00EA050259F821C020
:10DE50000AEB8202401C491CC2F80CC0B142F3D349
:10DE60004FEA1749FBF740FC611C29400AEB81018E
:10DE700049EA00422C40CA600AEB8401C86867F393
:10DE8000C50066F3891068F39F2020F00300401C52
:10DE900020F00400C8609AF8000001E0FDF7BCFC27
:10DEA0000028FBD1FBF765FFBDE8F88F70810120EA
:10DEB0008C8A012070B50546FAF7FAFB124C06462B
:10DEC0002078FAF7F5FB86420AD02846FAF7F0FBED
:10DED00020B104F11C00FDF7DBF801E0FDF7C2F80A
:10DEE0002846FAF7F2FB06462078FAF7EEFB864260
:10DEF00008D02846FAF7E9FB10B1FEF7F3FF01E07E
:10DF0000FFF77CFB257070BD808001202DE9F0417A
:10DF100015460E460446FBF72BFB78B9A068FA219C
:10DF2000077D90F816802046FBF7B4FBFA212046C7
:10DF3000FBF7ECFA2046FBF71BFB10B10620BDE80F
:10DF4000F081A068007D3070A068807D28703078F6
:10DF5000C01BC1B22046FBF7F9FA2978A1EB0800F3
:10DF6000C1B22046FBF7A2FB0020E8E770B50C46E3
:10DF700005464FF48E71FEF71CF8216AA068415CDB
:10DF8000206A401C2062C5F81C1570BD1FB5002218
:10DF90008DF800200291816801914261D0E9001260
:10DFA000684690471FBD1FB500228DF800200291E2
:10DFB000816801914261D0E90012684690471FBD17
:10DFC0001FB50A4601788DF8001041680191017A69
:10DFD0008DF80810C0680390044850F822100838E3
:10DFE00050F82220684690471FBD00002C80012079
:10DFF00001490120087070475081012010B588B098
:10E00000044620220E496846F8F7D5FA062000900B
:10E01000C01F0190029003904FF0EB7006900CB17E
:10E02000084A00E0002269460748FDF7C5F808B134
:10E03000F9F7C6FC0448001F447008B010BD00008A
:10E040006CF00200F1DF0200548101202DE9FF474E
:10E050000C4605464FF40071FDF7B1FF01274FF460
:10E060000178002618B34FF4927949462846FDF707
:10E070009BFFE0B149462846FDF79BFFC5F80883A2
:10E0800094F8290000B96F6002208DF80000D5F8DF
:10E090008004C5F880040390A0690290E0680190B4
:10E0A000A661E661D4E900126846904728E00421A1
:10E0B0002846FDF784FF18B34FF484712846FDF716
:10E0C00073FFE8B121462846FFF718FC616AA06992
:10E0D000884215D1E06938B1E268616AA0612069BF
:10E0E000E6616662E06008E094F8290000B96F60BC
:10E0F000C5F80883A661E268616A2046FFF717FC4D
:10E100004FF48E7841462846FDF74EFF80B1606996
:10E11000216A814202D294F8280028B34146284659
:10E12000FDF747FF606918B161692046FFF72EFFD0
:10E130004FF4A27841462846FDF736FF002818D054
:10E1400041462846FDF735FF94F8290000B12F60BD
:10E15000A06900280DD0A661E268616A04B020467B
:10E16000BDE8F047FFF7E3BB21462846FFF7FEFE78
:10E17000DEE7BDE8FF8700001FB50A4601788DF88D
:10E18000001041680191017A8DF80810C068039071
:10E19000044850F82210083850F82220684690476A
:10E1A0001FBD00002C8001202DE9FF410C464FF4DB
:10E1B000927705463946FDF708FF0026B8B1394683
:10E1C0002846FDF707FF02208DF80000D5F88004EF
:10E1D000C5F880040390D5F83C050290E0680190F2
:10E1E000A661E661D4E900126846904723E04FF447
:10E1F000887739462846FDF7E8FEE0B139462846DB
:10E20000FDF7E8FED5F83C15A069884213D1E06916
:10E2100060B1E268D5F8000220F02000C5F80002E5
:10E22000E069A0612069E661E06001E0A661E26862
:10E230002046FFF787FB4FF4A27739462846FDF7C3
:10E24000C4FE68B139462846FDF7C4FEA06938B15E
:10E25000A661E661D5F83C152046E268FFF772FB3F
:10E260004FF4907631462846FDF7AFFE60B1314657
:10E270002846FDF7AFFE0120E860606920B1D5F8BF
:10E280004C152046FFF78FFE4FF4AC7631462846FA
:10E29000FDF79BFE00280ED031462846FDF79AFE7A
:10E2A0006069002807D0D5F84C1504B02046BDE8B9
:10E2B000F041FFF778BEBDE8FF8100002DE9F05F77
:10E2C0008346DDE90A4A994690460D4608460127ED
:10E2D00003E000BFB0FBF8F07F1C4045FAD2B9451F
:10E2E00000D94F465FEACA7012D18CB15FEA8A70DA
:10E2F00002D5B9F1000F01D0202607E0302605E055
:10E3000031465846641EFAF7C7FA0CB1A742F7D354
:10E310005FF00106B9F1010F02D9A9F1010903E08B
:10E32000B5FBF6F0404502D306FB08F6F2E7DFF84E
:10E330003C9000BFB5FBF6F000FB165519F8001035
:10E340005846FAF7A9FAB6FBF8F6002EF2D15FEAC2
:10E35000CA7009D0002C07D0A74205D22021584608
:10E36000641EFAF799FAF5E7BDE8F09F17F002008E
:10E3700002480068002800D001207047B8800120C2
:10E3800007490A78824209D00870052803D04878E6
:10E3900020F0020048700348F9F7B8BE704700004B
:10E3A000B0800120C4ED02002DE9F04F804648689E
:10E3B0008BB092464FF001090C4628B920680068DE
:10E3C000006808B9A06850B100260996FEF7A8FFBA
:10E3D000E76883465046574557D9074655E04FF002
:10E3E0000009C8F80090C8F8049052E0A068B8424C
:10E3F00001D93D4600E00546616839B10BEB0600E6
:10E400002A46F8F7D8F8002060600CE058B121687F
:10E410000BEB06022B464868D0F804C004F110004C
:10E42000E04701200990A068A7EB0507401BA0600A
:10E43000E1682E44A1EB0501E16005D1099A1AB10A
:10E44000226812681268226009B1F0B902E04FF048
:10E4500000091AE0206800284FF0000001D0009069
:10E4600009E060609EB1564511D24FF000090EE000
:10E47000A068401CA060216801230022486845680C
:10E480006846A8470028F3D12061002FAED1C8E923
:10E4900000B60BB04846BDE8F08F000010B5FEF79F
:10E4A00035FF002108B1024801600248C17010BD6B
:10E4B0001C7C0240588001202DE9F04F4D4E89B060
:10E4C000F078002840D181464FF0010A38E000BFC3
:10E4D00010F0012F01D000F0012090FAA0F0B0FA66
:10E4E00080F08046FAF78AF90446FBF70DF90546F5
:10E4F000200605D5D5E90031AA8905A8984726E068
:10E500002046FEF7D9FED5E9007183460346AA8965
:10E5100005A8B8470599D1B1069A5A4517D20220E5
:10E52000A8730AFA08F0C14332480C30FDF712FE16
:10E530003148006B00908DF802407168684688474A
:10E54000D6E902100840C3D109B0BDE8F08F08B980
:10E55000C5F80090FEF7DAFE10B128498220086065
:10E5600086F803A0B1680AFA08F08143B160A86890
:10E57000069923060844A860DDE90510204A04F046
:10E580000F030ED5082B03D31E4A1160111D0DE099
:10E5900003EB830302EB8302C2F80016C2F8040601
:10E5A0000EE0082B04D3184A1160111D086007E023
:10E5B00003EB830302EB8302C2F80017C2F80407DF
:10E5C000200601D5042100E0282104F00F0001EB12
:10E5D0008000FDF7ABFD4FF480752046FEF7ECFDA3
:10E5E000FDF77AFD0028AFD12846FDF775FD00281C
:10E5F000F3D0A9E7588001201CEC02001C7C0240EB
:10E6000000700240A0760240A077024070B5FEF78D
:10E6100071FE08B100F018F9FEF762FE1D4C1D4EA8
:10E6200049F27535143C48B10020FAF75BF82168CF
:10E63000C02031B330600020FAF756F816490120A7
:10E640000860BFF36F8FBFF34F8F144AC002116889
:10E650000142FCD0FDF758FDFEF742FE48B1002014
:10E66000FAF740F82168002079B130600020FAF70D
:10E670003BF8FEF73FFE00280BD0BDE8704000F0ED
:10E68000FDB8256030602560D5E7256030602560E5
:10E69000ECE770BD14EC06400075024000740240C7
:10E6A0002DE9F84307460020FAF71CF83846FBF737
:10E6B0002BF80646374D38064FF000084FF0030997
:10E6C0004FF001041FD43846FBF718F8E96804FA44
:10E6D00000F0884303D03846FEF79AFF10E0384632
:10E6E000C6F80080FBF70AF8E96804FA00F08143F5
:10E6F0003846E960FBF702F88440A868A043A860A8
:10E7000086F80E9040E007F00F01082916D2224B40
:10E7100040F2B472181D802F07D002EB410119603E
:10E720000168C9B241F0020104E01A600168C9B28F
:10E7300041F0040102680A43026000683846FAF7B3
:10E74000DDFFD5E9022104FA00F061EA0201084286
:10E750001AD03846FAF7D2FFE96804FA00F081438C
:10E760003846E960FAF7CAFF8440A8680443AC6001
:10E770000A48C6F8008086F80E90006800908DF870
:10E780000270696868468847BDE8F8430020F9F7D9
:10E79000ABBF000058800120007802401CEC020052
:10E7A0002DE9F041104EB068040CF06824040443D5
:10E7B000012712E094FAA4F0B0FA80F52846FAF79F
:10E7C0001DF800F00F00082804D22846FAF716F8C2
:10E7D000FFF766FF07FA05F08443002CEAD140F208
:10E7E000FF10B060BDE8F08158800120F8B5144CEE
:10E7F00005460126A0688E403043A060114F2806D0
:10E8000012D52846FEF7D8FCFDF76EFC38B1802DF6
:10E8100003D02846FDF712FC01E0FDF7E1FBE068BC
:10E8200006420BD1B86903E0E068064206D1F869F8
:10E8300000908DF80250616868468847F8BD000076
:10E84000588001201CEC020010B50020F9F74AFFA7
:10E8500008480368084A03212BB11160BDE8104045
:10E860000020F9F741BF49F275330360116003607E
:10E87000F4E7000000EC064014ED064010B500205F
:10E88000F9F730FF08480368084A00212BB11160EE
:10E89000BDE810400020F9F727BF49F27533036047
:10E8A00011600360F4E7000000EC064014ED064040
:10E8B00002498020C1F800027047000004E000E037
:10E8C0001A491B4A10B5891AC9080322801E02EB97
:10E8D00001420D2828D2DFE800F027272727272725
:10E8E0000B171F2727270700BDE81040F9F73CBB8F
:10E8F000104610A1FDF7AAF8FEF7C8FD002813D1B5
:10E90000BDE81040F9F732BB10460FA1FDF79EF8A5
:10E91000BDE81040F9F79EBE104610A1FDF796F82D
:10E92000BDE81040F9F782BE10BD000030FC0200C7
:10E9300098FB020055534220706F77657220646522
:10E94000746563746564000055534220706F776589
:10E95000722072656D6F7665640000005553422029
:10E960007265616479000000024A1268002A00D0D2
:10E970001047704774880120C269002A00D01047F0
:10E980007047000002494968002900D008477047D5
:10E99000748801201CB5002913D08268127F8A4236
:10E9A0000FD008A3D3E90023CDE9002301F12F0202
:10E9B0008DF803208268117700696A4603A1FCF78D
:10E9C0002FFC1CBD1B5B34006D0000002573000094
:10E9D0001CB5826899B1D27E8A420FD00CA2D2E9CE
:10E9E0000032CDE9003201F12F028DF80520826856
:10E9F000D17600696A4608A1FCF712FC1CBDD176ED
:10EA0000006902B0054ABDE8104003A1FCF708BC4C
:10EA10001B5B313B33006D0025730000DDEF02000E
:10EA200030B5A7B00C4605461422244915A8F7F7BF
:10EA3000C2FD22491822143103A8F7F7BCFD15A81E
:10EA40001E49089014222C311AA8F7F7B4FD1B496F
:10EA50001822403109A8F7F7AEFD1AA817490E9001
:10EA6000142258311FA8F7F7A6FD144918226C315B
:10EA70000FA8F7F7A0FD11491FA84C311490D1E958
:10EA80000F01CDE9010124A8009003A96846FBF716
:10EA900095FC002810D109A96846FBF78FFC0028D7
:10EAA0000AD10FA96846FBF789FC002804D1224649
:10EAB00029466846FBF749FC27B030BD24EB02002D
:10EAC00048656C6C6F20576F726C6421656E48618D
:10EAD0006C6C6F2056657264656E214E4F57697479
:10EAE000616A20C59A77696563696521504C0000A9
:10EAF000000006410000000000B000400B000300D1
:10EB00002082012078ED0200020001060102048249
:10EB10008101000000000101810100003591020027
:10EB20000080012000000000CCEA0200020000008A
:10EB3000C0EA02000C00000001000000000000001C
:10EB40000100000098F002008DA602000000000005
:10EB500000000000DBEA020002000000CEEA020032
:10EB60000D00000001000000000000000100000096
:10EB700098F002008DA602000000000000000000D6
:10EB8000ECEA020002000000DDEA02000F000000D3
:10EB900001000000000000000100000098F00200E9
:10EBA0008DA602000000000000000000030000002D
:10EBB0000000000000000000C1E8020000000000AA
:10EBC00000000000C8EB02004CF1020054F102000A
:10EBD000000000002D94020050F102003CF1020000
:10EBE000000000005194020000000000000000003E
:10EBF00000000000000000006CF102006CF1020057
:10EC0000C0EB020000000000000000000000005007
:10EC1000000300502DCA020099CC02000600000338
:10EC200001000000060000000600000006000000D1
:10EC300006000000060000000600000105000000BC
:10EC400002000000030000000400000006000002B3
:10EC5000219A0200A999020021970200259702003B
:10EC60002B97020031970200379702003D97020070
:10EC70004397020049970200C99802005197020089
:10EC8000B197020011980200179802001D98020027
:10EC900023980200299802002F980200359802005C
:10ECA0003D9802005D990200AD990200E5980200CE
:10ECB0008998020008010C011001140118011C01BF
:10ECC000200124012C013001340138013C014001B4
:10ECD000440148014C0150010203040506070809DC
:10ECE0000B0C0D0E0F10111213140000040000067F
:10ECF00000000000400000000000000000000000D4
:10ED000000000000100000000000000000000000F3
:10ED100000000000000008000000000000000000EB
:10ED20000000000080000000000000000000000063
:10ED300000000000800000000B8100008200000045
:10ED400083000000840D0E03030000000B00000090
:10ED50000C000000CC8601208500000008000000A7
:10ED6000090000000A0000004985020000000000C0
:10ED700000000000000000001189020099890200D3
:10ED8000000000000000000000000000FD8F0200F5
:10ED900000000000E188020000000000E18802009D
:10EDA00000000000159102000000000000000000BB
:10EDB0000000000001000000000000000A00000048
:10EDC000000000000F0000009DD9020000000000BC
:10EDD000A9E30200C08801201201000200000040E7
:10EDE00015190F5200010102030109020000000180
:10EDF00004C03200297D0200000000000000000075
:10EE00000000000000000000D8880120F4ED02009E
:10EE100001000203008000000000040309044E6F9B
:10EE2000726469632053656D69636F6E64756374A2
:10EE30006F72006E52463532205553422043444390
:10EE40002044656D6F0044656661756C7420636F66
:10EE50006E66696775726174696F6E00557365726D
:10EE60002031000000010102020303040405050033
:10EE70000000000078EE0200B8F60200A0F60200E2
:10EE800000000000C1AA0200BCF6020088F60200E1
:10EE900000000000EBAA02000000000000000000DB
:10EEA000000000000000000000000000B0EE0200C2
:10EEB000B8F60200C0F6020000000000ADAB020090
:10EEC000BCF602001CF7020000000000D7AB0200F5
:10EED0000000000000000000000000000000000032
:10EEE00000000000E8EE020088F702005CF7020074
:10EEF00000000000A1A9020090F7020030F7020014
:10EF000000000000D1A90200000000000000000085
:10EF100000000000000000000000000020EF0200E0
:10EF2000DCF70200BCF7020070EE020059AA0200F2
:10EF3000D4F7020098F70200A8EE020015AB020019
:10EF4000E4F70200ACF70200E0EE020035A902008F
:10EF500000000000000000000000000000000000B1
:10EF60000000000068EF020030F80200ECF7020039
:10EF7000000000003DAD02000000000000000000A5
:10EF8000000000000000000048F8020038F802000D
:10EF900000000000ADA8020074F8020050F8020062
:10EFA00018EF0200F1A802008CF8020078F80200C5
:10EFB0000000000001AC020034F9020094F80200E5
:10EFC00060EF020079AC02000000000000000000C9
:10EFD0001B37001B38002C20001B5B4A001B5B6D9D
:10EFE00000082008001B5B4B00202D20001B5B4805
:10EFF000001B5B366E001B5B324A00000000000005
:10F000000338FDD870471B5B3F336C002D682C2004
:10F010002D2D68656C700030313233343536373819
:10F0200039414243444546000000000030F00200F0
:10F0300060F902003CF902000000000079BE020005
:10F0400000000000000000000000000000000000C0
:10F0500068F9020070F9020028F0020079BE02008F
:10F06000B5B7020089B7020081B70200FFFFFFFFBA
:10F07000FFFFFFFFFFFFFFFFFFFFFFFF000000009C
:10F08000000000000000D60106010000F489012004
:10F090007F000000748A0120540001020304050669
:10F0A0000708090010000000188F0120500400001C
:10F0B00009C30200004040404040404040404141C0
:10F0C000414141404040404040404040404040403D
:10F0D00040404040400502020202020202020202D7
:10F0E00002020202022020202020202020202002D4
:10F0F0000202020202029090909090901010101064
:10F1000010101010101010101010101010101010FF
:10F110000202020202028888888888880808080893
:10F12000080808080808080808080808080808085F
:10F130000202020240000000B5F0020042535020DB
:10F140006576656E742069640000000062746E006C
:10F150006576740042535020627574746F6E20653A
:10F1600076656E74206B6579000000006273700034
:10F170004461746120627573206572726F72202819
:10F1800072657475726E2061646472657373206950
:10F190006E2074686520737461636B206672616DA4
:10F1A00065206973206E6F742072656C617465648C
:10F1B00020746F2074686520696E7374727563744F
:10F1C000696F6E2074686174206361757365642073
:10F1D000746865206572726F722900004461746101
:10F1E00020627573206572726F72202850432076FA
:10F1F000616C756520737461636B656420666F7202
:10F200002074686520657863657074696F6E20721C
:10F21000657475726E20706F696E747320746F20E0
:10F2200074686520696E737472756374696F6E209B
:10F230007468617420636175736564207468652007
:10F240006661756C7429000043617573653A2042EC
:10F2500075734661756C74206F6E206120766563EE
:10F26000746F72207461626C6520726561642064E1
:10F270007572696E6720657863657074696F6E205A
:10F2800070726F63657373696E672E0054686520D2
:10F2900070726F636573736F722068617320657835
:10F2A00065637574656420616E2053444956206F10
:10F2B00072205544495620696E737472756374697F
:10F2C0006F6E207769746820612064697669736F56
:10F2D00072206F66203000005468652070726F6382
:10F2E0006573736F722068617320617474656D70EB
:10F2F00074656420746F206578656375746520613A
:10F300006E20696E737472756374696F6E207468B1
:10F310006174206D616B657320696C6C6567616CED
:10F3200020757365206F66207468652045505352C0
:10F33000000000005468652070726F636573736F1E
:10F34000722068617320617474656D7074656420E7
:10F35000616E20696C6C6567616C206C6F61642004
:10F360006F66204558435F52455455524E20746F86
:10F37000207468652050432C2061732061207265E1
:10F3800073756C74206F6620616E20696E76616C97
:10F39000696420636F6E746578742C206F722061CD
:10F3A0006E20696E76616C6964204558435F5245F2
:10F3B0005455524E2076616C756500005468652086
:10F3C00070726F636573736F7220617474656D70B2
:10F3D0007465642061206C6F6164206F72207374A7
:10F3E0006F72652061742061206C6F636174696F56
:10F3F0006E207468617420646F6573206E6F742072
:10F400007065726D697420746865206F70657261D3
:10F4100074696F6E0000000041204D656D4D616E96
:10F42000616765206661756C74206F6363757272C5
:10F43000656420647572696E6720666C6F617469BB
:10F440006E672D706F696E74206C617A79207374A9
:10F4500061746520707265736572766174696F6E30
:10F46000000000004120627573206661756C742095
:10F470006F6363757272656420647572696E67206C
:10F48000666C6F6174696E672D706F696E74206C45
:10F49000617A792073746174652070726573657226
:10F4A000766174696F6E00005468652070726F63D6
:10F4B0006573736F722068617320617474656D7019
:10F4C00074656420746F2065786563757465206168
:10F4D0006E20756E646566696E656420696E73740E
:10F4E00072756374696F6E00496E737472756374BC
:10F4F000696F6E20627573206572726F7200000012
:10F500005468652070726F636573736F72206861F1
:10F510007320617474656D7074656420746F20610C
:10F520006363657373206120636F70726F636573CB
:10F53000736F7200556E737461636B20666F722017
:10F54000616E20657863657074696F6E2072657492
:10F5500075726E2068617320636175736564206FD6
:10F560006E65206F72206D6F7265206163636573D5
:10F57000732076696F6C6174696F6E7300000000B0
:10F58000537461636B696E6720666F7220616E20D1
:10F59000657863657074696F6E20656E747279202A
:10F5A00068617320636175736564206F6E65206F99
:10F5B00072206D6F72652061636365737320766975
:10F5C0006F6C6174696F6E73000000005468652091
:10F5D00070726F636573736F7220686173206D6101
:10F5E000646520616E20756E616C69676E6564206C
:10F5F0006D656D6F727920616363657373000000E0
:10F60000556E737461636B20666F7220616E206546
:10F610007863657074696F6E2072657475726E20A0
:10F6200068617320636175736564206F6E65206F18
:10F6300072206D6F7265204275734661756C7473CC
:10F6400000000000537461636B696E6720666F721F
:10F6500020616E20657863657074696F6E20656ED9
:10F660007472792068617320636175736564206FBB
:10F670006E65206F72206D6F7265204275734661F2
:10F68000756C747300000000456E61626C652063E8
:10F690006F6C6F7265642073796E7461782E0000F0
:10F6A00044697361626C6520636F6C6F726564207E
:10F6B00073796E7461782E006F6666006F6E00005D
:10F6C00044697361626C6520434C49206563686FCF
:10F6D0002E204172726F777320616E6420627574A0
:10F6E000746F6E733A204261636B73706163652C53
:10F6F0002044656C6574652C20456E642C20486F31
:10F700006D652C20496E7365727420617265206E80
:10F710006F742068616E646C65642E00456E616272
:10F720006C6520434C49206563686F2E0000000023
:10F7300047657420434C492073746174697374691C
:10F74000637320666F7220746865204C6F6767650D
:10F7500072206D6F64756C652E00000052657365D4
:10F760007420434C492073746174697374696373C2
:10F7700020666F7220746865204C6F676765722021
:10F780006D6F64756C652E007265736574000000A2
:10F7900073686F7700000000546F67676C652043E3
:10F7A0004C49206563686F2E00000000434C4920DF
:10F7B000737461746973746963732E00546F67673F
:10F7C0006C6520636F6C6F7265642073796E746111
:10F7D000782E00006563686F00000000636F6C6F37
:10F7E0007273000073746174730000004173737569
:10F7F0006D652038302063686172732073637265B1
:10F80000656E20776964746820616E642073656E2C
:10F810006420746869732073657474696E672074FA
:10F820006F20746865207465726D696E616C2E005E
:10F8300064656661756C7400436C65617220736306
:10F840007265656E2E000000636C656172000000D9
:10F8500055736566756C2C206E6F7420556E6978D3
:10F860002D6C696B6520434C4920636F6D6D616E33
:10F8700064732E00636C6900436F6D6D616E64206C
:10F88000686973746F72792E000000006869737480
:10F890006F727900436F6E736F6C65206765747368
:10F8A000207465726D696E616C2073637265656E3C
:10F8B0002073697A65206F7220617373756D65734B
:10F8C00020383020696E206361736520746865207C
:10F8D000726561646F7574206661696C732E20496E
:10F8E00074206D7573742062652065786563757426
:10F8F0006564206166746572206561636820746563
:10F90000726D696E616C20776964746820636861E8
:10F910006E676520746F20656E7375726520636F06
:10F920007272656374207465787420646973706C96
:10F9300061792E00726573697A6500005072696E94
:10F940007420737461747573206F662071756575AA
:10F950006520696E7374616E6365732E000000002C
:10F9600073746174757300007175657565000000CE
:10F97000436F6D6D616E647320666F722042414CFF
:10F980004C4F43206D616E6167656D656E7400005C
:10F9900025730D0A092D20456C656D656E74207305
:10F9A000697A653A0925640D0A092D205573616746
:10F9B000653A092575252520282575206F75742041
:10F9C0006F6620257520656C656D656E7473290DF5
:10F9D0000A092D204D6178696D756D3A09257525E7
:10F9E0002520282575206F7574206F6620257520C9
:10F9F000656C656D656E7473290D0A092D204D6F58
:10FA000064653A090925730D0A0D0A007761726E63
:10FA1000696E670064656275670000001B5B313BBF
:10FA200033306D001B5B306D000000001B5B313B11
:10FA300033316D001B5B313B33326D001B5B313B5F
:10FA400033336D001B5B313B33346D001B5B313B4B
:10FA500033356D001B5B313B33366D001B5B313B37
:10FA600033376D00696E666F00000000636C6F6372
:10FA70006B000000434C4F434B0000004750494F80
:10FA800054450000505253005541525400000000AC
:10FA900055415254450000005553424400000000B7
:10FAA000525443004E4643540000000054494D4513
:10FAB000520000006170705F627574746F6E0000B8
:10FAC0006170705F74696D65720000006170705FD5
:10FAD00075736264000000006364635F61636D00BE
:10FAE0006170705F757362645F636F7265000000C0
:10FAF000686172646661756C74000000636C695FB4
:10FB000075617274000000007077725F6D676D74CC
:10FB100000000000736F72746C6973740000000061
:10FB2000756172745F6C6F675F6261636B656E6451
:10FB300000000000617070004CFC02000080012099
:10FB4000200200009C6B020010FD020020820120B8
:10FB5000182D00000C74020000000000F8EB0200F9
:10FB60000000000088EF02000000000098EF020093
:10FB700000000000A8EF020000000000B8EF020043
:10FB80000000000050F0020060F0020000000000E1
:10FB900020FB0200688101206CFA020000000000D6
:10FBA00074FA0200000000007CFA0200000000006D
:10FBB00084FA02000000000088FA02000000000041
:10FBC00090FA02000000000098FA02000000000015
:10FBD000A0FA020000000000A4FA020000000000E9
:10FBE000ACFA020000000000B4FA020000000000BD
:10FBF000C0FA020000000000CCFA02000000000081
:10FC0000D8FA020000000000E0FA02000000000044
:10FC1000F0FA020000000303FCFA020000000000FA
:10FC200008FB02000000000014FB020000000000BE
:10FC300034FB0200000003037C8101207481012059
:10FC40007C81012034890120180000000274101406
:10FC5000B00140022606041D8D83021418EE021A1C
:10FC60001E041A33041EE488012046081A5C0401AD
:10FC70001014A8F4024BBCF3181434F5021A8004D3
:10FC80001A1814811AE80C14DCF1021A700411130A
:10FC9000F6021A44049A6420294014D8F2022A3445
:10FCA00044193C01101ACC141A8C20911220BA402D
:10FCB00008315AFF04011C1AF8681B0CFA7C19045D
:10FCC0001A14041A24041A1C041A2C041A34041AD0
:10FCD0003C041A44041A4C041A54041A5C04911883
:10FCE0001B90D00304060504080304090205070459
:10FCF000050803050902030504030925100A01018B
:10FD00000102020403020A1A020929120124000056
:040000050002620192
:00000001FF
