:020000040000FA
:10000000382F0020D9040000E1040000F9020000AC
:10001000E5040000E7040000E9040000000000001F
:10002000000000000000000000000000EB040000E1
:10003000ED04000000000000EF040000F1040000E7
:1000400065100000F3040000C1120000F30400007A
:10005000F3040000710E0000D90B0000F30400004F
:10006000F3040000F3040000F30400007510000026
:10007000F3040000F3040000F3040000F3040000A4
:10008000F304000085100000F3040000F3040000F6
:10009000F3040000F3040000F3040000F304000084
:1000A000F3040000F3040000F304000071120000E8
:1000B000F3040000F3040000000000000000000052
:1000C000F3040000F3040000F3040000F304000054
:1000D000F3040000F3040000F3040000CD1200005C
:1000E000F3040000F3040000F3040000000000002B
:1000F00000000000F304000000000000F304000012
:1001000000000000000000000000000000000000EF
:1001100000000000000000000000000000000000DF
:1001200000000000000000000000000000000000CF
:1001300000000000000000000000000000000000BF
:1001400000000000000000000000000000000000AF
:10015000000000000000000000000000000000009F
:10016000000000000000000000000000000000008F
:10017000000000000000000000000000000000007F
:10018000000000000000000000000000000000006F
:10019000000000000000000000000000000000005F
:1001A000000000000000000000000000000000004F
:1001B000000000000000000000000000000000003F
:1001C000000000000000000000000000000000002F
:1001D000000000000000000000000000000000001F
:1001E000000000000000000000000000000000000F
:1001F00000000000000000000000000000000000FF
:10020000DFF80CD000F022FB00480047FD3D000065
:10021000382F002030B4044654E8000F0D4644E85F
:100220000053002BF8D1156030BC704730B4044641
:1002300054E8000F40EA010544E80053002BF7D1D1
:10024000156030BC704730B4044654E8000F00EA33
:10025000010544E80053002BF7D1156030BC70470E
:1002600030B4044654E8000F80EA010544E8005326
:10027000002BF7D1156030BC704730B4044654E809
:10028000000F00EB010544E80053002BF7D1156087
:1002900030BC704730B4044654E8000FA0EB0105B1
:1002A00044E80053002BF7D1156030BC704770B4A0
:1002B00004464FF0000054E8006F0D68AE4207BFDF
:1002C00044E80023012044E800630E60002B1CBFBB
:1002D0000020F0E770BC704730B4044654E8000FCB
:1002E00088422CBF451A054644E80053002BF5D13F
:1002F000156030BC70470000094B1EF0040F1CBF96
:10030000EFF309801847EFF308800649064A884250
:1003100001D8904202D88D464FF0000018470000E7
:100320007D0C0000382F0020380F002030B450E83A
:10033000012F93B2C48923448489A34228BF1B1B85
:100340000489A34202BFBFF32F8F002007E0C3EA56
:10035000020340E80134002CE9D14FF001000A60AB
:1003600030BC704750E8012FC2EA024240E8012148
:100370000029F7D1704730B450E8022F1FFAA2F3DA
:10038000C488A34202BFBFF32F8F00200DE0C489B1
:1003900023448489A34228BF1B1BC2EA034340E8CD
:1003A0000234002CE8D14FF001000A6030BC7047E5
:1003B00050E8022FC2EA224240E802210029F7D188
:1003C0007047034653E8022FD988B2EB324F4FF003
:1003D000000017BF92B241EA014142EA014104E044
:1003E0005A68B2EB324F08BF012043E80212002ADC
:1003F000E8D1704730B4044654E8000F0D4644E895
:100400000053002BF8D1156030BC704730B404465F
:1004100054E8000F40EA010544E80053002BF7D1EF
:10042000156030BC704730B4044654E8000F00EA51
:10043000010544E80053002BF7D1156030BC70472C
:1004400030B4044654E8000F80EA010544E8005344
:10045000002BF7D1156030BC704730B4044654E827
:10046000000F00EB010544E80053002BF7D11560A5
:1004700030BC704730B4044654E8000FA0EB0105CF
:1004800044E80053002BF7D1156030BC704770B4BE
:1004900004464FF0000054E8006F0D68AE4207BFFD
:1004A00044E80023012044E800630E60002B1CBFD9
:1004B0000020F0E770BC704730B4044654E8000FE9
:1004C00088422CBF451A054644E80053002BF5D15D
:1004D000156030BC7047000006488047064800475A
:1004E000FEE7FEE7FEE7FEE7FEE7FEE7FEE7FEE7E4
:1004F000FEE7FEE795100000010200002DE9F05F25
:100500000546002092469B46884606468146402482
:100510001BE0284641464746224600F02FF8534646
:100520005A46C01A914110D311461846224600F08F
:1005300016F82D1A67EB01084F46224601200021CC
:1005400000F00DF817EB00094E41201EA4F1010444
:10055000DFDC484631462A464346BDE8F09F202A64
:1005600004DB203A00FA02F1002070479140C2F10A
:10057000200320FA03F3194390407047202A04DB3C
:10058000203A21FA02F00021704721FA02F3D0400C
:10059000C2F1200291400843194670470048704755
:1005A0001891000010B50446FFF7F8FF0068005DE1
:1005B00000F0010010BD10B5431A934209D2831810
:1005C000881803E010F8011D03F8011D521EF9D22E
:1005D00010BD40EA01039B0703D009E008C9121FC0
:1005E00008C0042AFAD203E011F8013B00F8013BED
:1005F000521EF9D210BDD2B201E000F8012B491E03
:10060000FBD270470022F6E710B513460A460446AF
:100610001946FFF7F0FF204610BD421C10F8011BE1
:100620000029FBD1801A704710B5002200E0521C4F
:10063000835C8C5CA34201D1002BF8D1D8B2E1B22B
:10064000401A10BD0FB400B58DB010A909900B90E1
:1006500000914FF0FF300A9000200C900548069062
:10066000054807906A4609A80F9900F0C1F80DB037
:100670005DF814FB0D0800002B0800002DE9FF5F5A
:100680001D464FF0FF3BD5E9014691465F464FF0CE
:100690000008A9697F1C01988847296A8246884713
:1006A0000028F6D1BAF1FF3F0CD024F4C064002E2C
:1006B00019DD600614D5BAF12B0F09D0BAF12D0F50
:1006C0000ED103E0584604B0BDE8F09F44F48064C6
:1006D000A9697F1C01988847761E8246002E02DD9C
:1006E000BAF1300F03D0B9F1000F26D032E0A9697A
:1006F000761E44F400747F1C019888478246002EC1
:1007000005DDBAF1780F06D0BAF1580F03D0B9F170
:10071000000F10D01EE0B9F1000F02D0B9F1100F98
:1007200018D1A969761E24F400747F1C01988847AB
:100730008246102002E0082000E00A20814609E0FD
:1007400008FB0908A969761E44F400747F1C01980F
:1007500088478246002E05DD4946504600F034F8B1
:100760000028EDDAE96901988847A00502D46FF006
:100770000100A8E7E00725D1600613D5600502D582
:10078000C8F1000000E0404629680A1D2A60096897
:10079000220501D5087015E0220701D5088011E077
:1007A00008600FE02868011D29600068210502D556
:1007B00080F8008006E0210702D5A0F8008001E063
:1007C000C0F8008038467EE73A2800D2303820F062
:1007D0002002412A01D3A2F13700884201D34FF011
:1007E000FF30704702681144137801601846704763
:1007F000D16004495161044911620021116111461F
:1008000000F036B8E5070000A5050000426842B1D7
:10081000016811F8013B23B1521EC0E900121846CD
:1008200070470121C160881E704742685AB1C36891
:10083000016843B983688B4205D0491E521CC0E948
:100840000012002070474FF0FF307047064C074DF4
:1008500006E0E06840F0010394E807009847103490
:10086000AC42F6D3FFF7D0FC189B0000389B000089
:100870002DE9F34F8BB04FF0000801F10C000C464E
:100880004FF0010B46460DF1080A01906269012103
:1008900001989047051E2DD0252D2CD0216A884720
:1008A000C0B16269012101989047216A88470028F8
:1008B000F7D1411E62690198904700E0761CA1695A
:1008C0000B988847216A88470028F7D1E1690B987F
:1008D0008847DBE7A1690B9888470746A84201D102
:1008E000761CD3E7E1690B9888477F1C02D1B8F1E9
:1008F000000F6FD046E1002762693D4639460198F6
:1009000090472A2804D16269012101989047012566
:10091000DFF884926269012101989047A0F13001CB
:100920000A290AD24F45E5DC07EB870100EB4107B6
:10093000303FDFD445F01005ECE7E90601D46FF055
:1009400000476C280AD04C2814D0682815D06A2893
:100950000DD074281CD07A281AD01DE062690121BC
:10096000019890476C2802D045F0040514E045F04A
:1009700002050DE045F020050AE0626901210198B9
:100980009047682802D045F0080505E045F4006569
:100990006269012101989047C4E9015765283DD05B
:1009A00019DC58287AD00CDC452837D004DC2528FF
:1009B00026D0412831D131E046282FD047282CD1EC
:1009C0002CE05B2877D0612828D063287CD064286D
:1009D00023D15AE0D0E06F2848D008DC66281DD02B
:1009E00067281BD0692821D06E2816D127E07028EF
:1009F00045D0732868D0752847D078280DD14DE0B0
:100A0000A1690B988847054625283FF469AFE1693D
:100A10000B9888476D1C3FF46AAFB3E023466A46E3
:100A20006FF001000B99AFF300809EE045F04000AD
:100A30006060A80723464FF0000236D43EE0E80786
:100A40007FF447AF2068011D21600068290501D5AA
:100A500006701BE7290701D5068017E7A90703D50C
:100A6000F117C0E9006111E706600FE745F04000AB
:100A70006060A80723464FF0080216D41EE040F637
:100A80000E0125EA0100606016E045F0400060605C
:100A9000A80723464FF00A0207D40FE045F04000B4
:100AA0006060A80708D5234610226FF001000B995B
:100AB000AFF3008059E007E0234610226FF00100F9
:100AC0000B99FFF7DBFD50E04FF000094F464B4616
:100AD000632802D05B2806D040E0E80601D401205C
:100AE000A06001273AE062690121019890475E28E1
:100AF00005D14FF001096269494601989047216983
:100B000039B900210A46534643F82120491C0829D7
:100B1000FADBB0B3216969B9C11700EBD162531197
:100B20000AEB830122F01F02821A01200B68904019
:100B300003430B6062690121019890475D28E8D169
:100B4000B9F1000F09D00020514651F82020D243BE
:100B500041F82020401C0828F7DB02AB2246009712
:100B60006FF001000B99AFF3008000280CDA401CF5
:100B700008D1BBF1000F05D04FF0FF300DB0BDE83C
:100B8000F08FFFE74046F9E7E90701D108F10108D6
:100B900006444FF0000B79E6CCCCCC0C30B58C1869
:100BA00010F8012B12F00F0301D110F8013B1209CC
:100BB00006D110F8012B03E010F8015B01F8015B8E
:100BC0005B1EF9D101E001F8013B521EFBD1A142AD
:100BD000E6D3002030BD00002DE9FC410025DFF800
:100BE000948000954FF4807601242F46019530467D
:100BF00004F01EFD38B1D8F80403204203D030467B
:100C000004F00CFD2543361D64007F1CB6B2082F8E
:100C1000EDD34FF4BE74204604F00AFD48B12046DF
:100C200004F0FCFC45F000456A460221002004F077
:100C30007DFC15F0FF0F16D0012600242E420ED0A9
:100C400008EB8401D1F81005D1F81015C0F3052088
:100C5000094AC1F3014152F8242002B190477600BD
:100C6000641C082CEAD3002D02DA684606F026FD43
:100C7000BDE8FC8100600040BC0300201CB581463B
:100C800004F078FF04F0BAFD0028FBD12D485FEA9C
:100C9000090507682C482D494FF00106A0EB01001B
:100CA0004FEAD00006EB004417D0204628A1AA69DD
:100CB00004F0C2FED5E90201CDE90001D5E9002327
:100CC000204629A104F0C8FEE8690090D5E9042374
:100CD000204633A104F0B7FE03E020463AA104F019
:100CE000A7FE1848001D0068800703D52046434929
:100CF00004F09EFEDFF80881002500BF06FA05F02B
:100D0000384206D058F825201AB120463DA104F0FB
:100D100093FE6D1C1A2DF1D3380606D509480C3008
:100D2000026820463AA104F087FE380406D505483B
:100D30001030026820463EA104F07EFE484600F0D6
:100D400085F8000028ED00E0F09B0000789B000093
:100D500048415244204641554C542061742030781B
:100D60002530385800000000202052303A20203032
:100D70007825303858202052313A202030782530DC
:100D80003858202052323A202030782530385820E8
:100D90002052333A202030782530385800000000A7
:100DA00020205231323A2030782530385820204CDB
:100DB000523A202030782530385820205053523A6B
:100DC0002030782530385800537461636B20766981
:100DD0006F6C6174696F6E3A20737461636B20701D
:100DE0006F696E746572206F7574736964652073C2
:100DF0007461636B20617265612E000028920000AF
:100E0000E800002043617573653A2025732E0000C9
:100E10004D656D4D616E616765204661756C74202E
:100E2000416464726573733A203078253038580015
:100E3000427573204661756C7420416464726573F9
:100E4000733A20307825303858000000BFF34F8FB8
:100E500005480168054A01F4E06111430160BFF3F0
:100E60004F8F00BFFDE700000CED00E00400FA0525
:100E70002DE9FF5F4FF482750024284604F058FFE7
:100E800038B1022004F064FF18B1284604F058FF7E
:100E900002244FF48475284604F04AFF58B1042018
:100EA00004F056FF38B1284604F04AFF0CB1032481
:100EB00002E0012400E014B1204605F063FA4FF48B
:100EC0008C7004F035FFDFF88891624F624E634CFE
:100ED0004FF000084FF4947A4FF4867B78B34020AB
:100EE00004F036FF58B34FF48C7004F029FFB0685B
:100EF000CDE90008D9F80000039055481430006887
:100F00005546C0F30B001038C0F3CC000290504699
:100F100004F00EFF60B1381504F01AFF40B13868D4
:100F200000F00D000190284604F00AFF0D20386003
:100F3000616809B168468847584604F001FF4FF4DC
:100F4000887004F0F5FEA0B1102004F001FF80B11C
:100F50004FF4887004F0F4FE06F118000FC88DE815
:100F60000F003F491820C1F80803616809B16846BD
:100F700088474FF4A67004F0DBFE364D083D30B3D1
:100F80004FF4002004F0E4FE08B34FF4A67004F020
:100F9000D7FE4FF48C7004F0D3FE504604F0D0FE20
:100FA000584604F0CDFE4FF4887004F0C9FE0020CE
:100FB00005F044FA0D2038600120286006F1280071
:100FC0000FC88DE80F00616809B1684688474FF483
:100FD0008E7A504604F0ACFEC0B1802004F0B8FE1A
:100FE000A0B12F68504604F0ABFE383696E80F00EB
:100FF0008DE80F00F80707D0012028608DF80480E5
:10100000616809B168468847012028605D465846F6
:1010100004F08EFE002819D0082004F099FE002864
:1010200014D0284604F08CFE616800290ED00820F8
:101030000090D9F80000029005480C30006840F29A
:10104000FF1202EAD000019068468847BDE8FF9F82
:10105000105500400C540040D08C0000B006002019
:101060000050004010B505F033FBBDE8104005F01E
:10107000BDB8000003220021014802F011BE0000AB
:1010800000B0004002490248091F0968006808478B
:10109000E000002030B54FF080520023D2E94C1020
:1010A000082906D1CC06C4F80C31C4F81031624CC2
:1010B0002360082955D1614B1B68614C23605F4B4D
:1010C0001B1D1B68241D23605C4B08331B68241DFB
:1010D00023605A4B0C331B68241D2360574B10337D
:1010E0001B68241D2360554B14331B68241D23608B
:1010F000524B18331B68524C203423604F4B1C3327
:101100001B68241D23604D4B20331B68241D236066
:101110004A4B24331B68241D2360484B28331B682B
:10112000241D2360454B2C331B68241D2360434B37
:1011300030331B68424C40342360404B34331B68CF
:10114000241D23603D4B38331B68241D23603B4B1B
:101150003C331B68241D2360384B40331B68241D1F
:101160002360082904D1030002D1374C354B23609A
:10117000082904D1030002D1344CFB232360082941
:1011800008D1030006D1324B92F858521C6865F31F
:1011900003041C60082904D1030002D12D4C8B01EB
:1011A0002360082906D12C480168C90702D06FF0D6
:1011B000010101602948016841F470010160BFF339
:1011C0004F8FBFF36F8FD2E94C104FF010220829D8
:1011D00006D1032804D9D2F8080217492031086043
:1011E000D2F80002002803DBD2F8040200281FDA3C
:1011F000012006F057FA1221C2F8001218480368BD
:10120000002BFCD0C2F8041201680029FCD0002099
:1012100006F048FABFF34F8F10487C380168114A36
:1012200001F4E06111430160BFF34F8F00BFFDE7A0
:101230000E490D48086030BD380500400404001018
:1012400020C50040488103008C56004018F500403E
:10125000E40E0040409602400004004088ED00E0AB
:1012600000E401400400FA050090D003CC01002006
:101270002DE9F047104E062700244FF4A0784FF4D4
:10128000803900BF08EB840509FA04F0715961B197
:10129000D6F80413014208D02946304604F070FE07
:1012A0000648D0E9002128469047641CE4B2BC42BD
:1012B000E8D3BDE8F087000000B00140C006002080
:1012C0000148006800470000500000202DE9F0416F
:1012D0001A48D0F80453002601240FE095FAA5F02F
:1012E000B0FA80F7B80000F5807004F0EFFE10B19E
:1012F00004FA07F0064304FA07F08543002DEDD108
:10130000C6F3C05726F40005DFF834800AE000BFBA
:1013100095FAA5F0B0FA80F658F82600804704FA4E
:1013200006F08543002DF3D107F0B8F8002F03D065
:10133000BDE8F04102F0C8BABDE8F081007002409B
:10134000348C0000C11700EBD161074B4A1153F8F0
:10135000222021F01F01411A01208840024201D0C1
:10136000012070470020704700E100E0002809DB01
:1013700000F01F02012191404009800000F1E020AF
:10138000C0F88012704700000FB41CB50246002060
:1013900007AC00290BD0491ECDE90021054B6A4658
:1013A0002146069800F02CF8009A002111701CBC10
:1013B0005DF814FB631800000FB4084B10B504A9C6
:1013C00002AA039800F01CF8044602A9002000F0CD
:1013D00053FA204610BC5DF814FB00007918000099
:1013E00002E008C8121F08C1002AFAD170477047EE
:1013F000002001E001C1121F002AFBD1704700004C
:101400002DE9FF4F8DB00F460546002606E0252842
:101410000BD0DDE90F1290476D1C761C2878002850
:10142000F5D111B03046BDE8F08F0024A246A146A8
:101430000122EC4900E0044315F8013F203B02FA89
:1014400003F00842F7D128782A2810D06FF02F0235
:101450002878A0F13001092914D80AEB8A0102EB9F
:10146000410144F0020400EB010A6D1CF0E701CFDA
:101470005FEA000A03D544F40054CAF1000A44F0BC
:1014800002046D1C28782E2817D115F8010F44F09E
:1014900004042A280ED06FF02F022878A0F1300122
:1014A00009290AD809EB890102EB410100EB010986
:1014B0006D1CF2E757F8049B6D1C28786C280FD040
:1014C00006DC4C2817D068280DD06A2814D104E017
:1014D000742810D07A280FD10DE044F400140AE0EB
:1014E00044F4801401E044F440146978814202D14C
:1014F00004F580146D1C6D1C2A786E2A1FD00CDC3C
:10150000632A31D004DC002A8BD0582A11D1A3E001
:10151000642A68D0692A0CD165E0732A2ED004DCD5
:101520006F2A73D0702A04D19BE0752A6FD0782A75
:101530006ED01046DDE90F129047761C50E1C4F3DF
:101540000250022806D0032809D0042801CF09D070
:10155000066045E101CFF117C0E9006140E101CF2C
:1015600006803DE106703BE117F8040B8DF80000A2
:1015700000208DF80100EB46012003E057F804BB82
:101580004FF0FF3061074FF0000102D40DE008F189
:101590000101884649450FDA8045F8DB1BF8081041
:1015A0000029F4D108E008F1010188468142FADB04
:1015B0001BF808100029F6D1DDE90F23AAEB08007B
:1015C0008146214600F036F9304400EB080604E07D
:1015D000DDE90F121BF8010B9047B8F10108F7D2B3
:1015E00021464846F7E00A21C4F302534FF0000BAE
:1015F0000891022B04D001CFC117032B09D00AE0B8
:10160000FF1D27F00707F7E8020108E032E01FE0BE
:1016100020E000B2C117042B01D140B2C117031E54
:1016200071F1000307DA4FF0000CD0EB0C006CEB0B
:1016300001012D2302E0230504D52B238DF824304E
:10164000012303E0E30701D02023F7E7984658E0A1
:101650000A2110E010210EE010204FF0000B08903E
:101660000CE010214FF0000B44F004044FF0080987
:10167000089103E008214FF0000B0891C4F30253D6
:10168000022B04D001CF0021032B06D006E0FF1D62
:1016900027F00707F7E8020103E080B2042B00D12E
:1016A000C0B24FF0000823072BD5702A07D0DDF811
:1016B00020C08CF0100C5CEA0B0C05D00EE040232F
:1016C0008DF82430012308E050EA010306D03023CE
:1016D0008DF824308DF8252002239846DDF820C0AF
:1016E0008CF0080C5CEA0B0C0BD150EA010301D121
:1016F000630706D530238DF824304FF00108A9F197
:101700000109582A04D038A20B9208AA0A920BE0C9
:101710003AA2F9E75B46089AFEF7F0FE0B9B9B5C4A
:101720000A9A521E0A92137050EA0102F2D10A98E4
:10173000ADEB000000F1200B600702D524F48034EB
:1017400001E04FF00109D94502DDA9EB0B0000E0F3
:10175000002000EB0B0141440890AAEB010AE003D2
:1017600006D4DDE90F232146504600F063F8064415
:101770004FF0000908E009A911F80900DDE90F128E
:10178000904709F10109761CC145F4DBE0030CD553
:10179000DDE90F232146504600F04CF8064404E0F2
:1017A000DDE90F1230209047761C0899481E0890FA
:1017B0000029F5DC08E00A980A990078491C0A918A
:1017C000DDE90F129047761CBBF10001ABF1010B74
:1017D000F1DC21465046DDE90F2300F019F80644FC
:1017E0006D1C1BE6092801003031323334353637A1
:1017F000383961626364656600000000303132335D
:1018000034353637383941424344454600000000FC
:101810002DE9F041044600251E461746880404D4ED
:1018200005E039462020B0476D1C641EF9D52846D6
:10183000BDE8F0812DE9F041044600251E469046A2
:10184000C80301D5302700E02027880404D505E02F
:1018500041463846B0476D1C641EF9D52846BDE8A0
:10186000F0814A68002A06D00A68531C0B60107089
:101870004868401E486070470A68531C0B6010702F
:101880007047000070B5254CA0421ED1F1B101296E
:1018900036D0022928D0032917D1072002F020FCD6
:1018A000002812D194F8680094F8691088420CD18D
:1018B00094F86A00002808D10023D4E901501A46A0
:1018C0000321A847012084F86A0070BD052002F0BA
:1018D00007FC0028F9D1A06864680023A446BDE88D
:1018E00070401A460121604710461900EDD00028CB
:1018F000EBD00278302AE8D1BDE8704002F010BC8D
:10190000082002F0EDFB28B9A068002364681A469D
:101910000221A047BDE8704002F0B6BCAC0E00202A
:1019200072B604F027F900BF03F068FF0028FBD16E
:1019300011481249401AC408012000EB044010A1CC
:1019400004F076F811480068C00700D000BE0220FD
:1019500000EB04400EA104F06BF8BFF34F8F0B486F
:10196000E43801680E4A01F4E06111430160BFF3FD
:101970004F8F00BFFDE70000109C0000789B000027
:10198000466174616C206572726F7200F0ED00E068
:1019900053797374656D207265736574000000007F
:1019A0000400FA050EB500210091CDE901106A4648
:1019B00044F20100FFF7B4FF0EBD000070B505460C
:1019C0000548046905E02946204601F099FC206895
:1019D0000468002CF7D170BD8000002070B5094864
:1019E00004690CE0267A002505E02946204600F02F
:1019F000C9FC6D1CEDB2B542F7D320680468002C19
:101A0000F0D170BD8000002070B50A4804690DE077
:101A1000267A002506E000222946204600F0F0FC48
:101A20006D1CEDB2B542F6D320680468002CEFD1EE
:101A300070BD00008000002070B5084905460620F2
:101A40000C6907E02946204601F05AFC062803D11C
:101A500021680C68002CF5D170BD000080000020CA
:101A60000068806F704700007CB504680B4615461F
:101A700094F820100C34C90705D0A16929B1206A57
:101A8000A0B311207CBD08207CBDE16EA9420CD31F
:101A90001846A16EFEF78FFDE06E401BE066A06E5B
:101AA00065672844A06600207CBDC4E9063201F0C9
:101AB00004FE05460F480069CDE90004E26E6AB1F4
:101AC000A16EA069FEF777FDE16EE069401AE06162
:101AD000A0690844A0610020C4E91B0169462846AA
:101AE00000F06EFA0028DFD192207CBDFFE7C4E948
:101AF0000832F9E7708D00003EB50D4601681446C6
:101B000091F8201011F0010F0BD001F0CDFDA106CE
:101B100009D000210095CDE90141694600F076FA2F
:101B20003EBD08203EBD0149896AF3E7708D000083
:101B3000F8B5044600250FE0002705E0007800F026
:101B400053FA08B11120F8BD3946781CC7B23046A7
:101B500000F09CF80028F1D12946681CC5B2204647
:101B600000F0A6F80600E7D100250DE0002703E00D
:101B70000078214600F03DFA3946781CC7B230465D
:101B800000F084F80028F3D12946681CC5B220462D
:101B900000F08EF80600E9D1074800E00868016807
:101BA0000029FBD10460054869468069009060689F
:101BB000026820469047F8BD90000020188D000074
:101BC0002DE9F04F87B04FF000081D469346894637
:101BD0000446DDF840A04646CDF80C8000E0761CB7
:101BE0006068012300224768214603A8B8470028FF
:101BF000F5D140468DF800800027B84601903BE0C3
:101C0000606801236A46D0F804C0214601A8E04775
:101C10006068012305AAD0F804C0214601A8E04766
:101C20009DF8141049451AD1D84514D19DF80000EB
:101C3000CAF8000005F8010B6A1C85F8009060687E
:101C40009DF800302146456801A89B1EA84700204A
:101C500007B0BDE8F08F08F1010000F0FF086068F0
:101C60009DF800300022D0F804C0214601A89B1E38
:101C7000E0479DF800000744B742C1D30520E7E7DD
:101C800001480069704700008000002042788A42C5
:101C900001D8002070478278104408447047427889
:101CA0008A4201D800207047827810440844704767
:101CB000027A8A4201D80020704701EB41010930C5
:101CC00008447047027A8A4201D80020704701EB2D
:101CD000410109300844704702484078002800D08C
:101CE000012070478000002010B5002000F054F95A
:101CF000BDE81040802000F04FB910B5002000F082
:101D00004DF9BDE81040802000F048B970B50D468F
:101D10000146287806240B2813D007DC07284CD26C
:101D2000DFE800F04B0D0F114B2739000C2825D0B0
:101D30000D2825D00E282CD085283ED110E0032078
:101D400014E0002439E0244802F000FD0028F8D017
:101D5000224801210160BFF36F8FBFF34F8FF0E77F
:101D60001D48001F0078032827D1042006F0FAFA46
:101D700023E0084600F050F804461EE0002005E08D
:101D80001748006810F0010F03D0022006F0EAFAAD
:101D9000D7E70120FAE7EB78032B0ED00E48001DA1
:101DA00002683AB10021016041681846904704007A
:101DB00005D000E00E2405F0A1FB204670BD06F022
:101DC000C9FA28B1A8780028F7D105F06CFBF4E730
:101DD00005F066FBF1E70000B40000205C700240F3
:101DE00038040040024A0146D2E9000210470000D0
:101DF0002C08002070B50C46054605F04BFBA842A8
:101E000001D0102070BD0348D4E90012C0E90212CD
:101E1000002070BDB00000207FB5054605208DF87C
:101E2000000006240DF1010005F040FB06F092FAD7
:101E30002949002008609DF8010010F01F0006D01D
:101E400001280FD0022826D0032833D106E06946A6
:101E5000284605F01DFE044606282AD16846FFF7ED
:101E6000EBFD25E09DF8050003A900F0A7FA0500A9
:101E700008D06A469DF80C1000F080FA0446062847
:101E800002D016E0102415E06A469DF80C10284692
:101E900005F012FF0CE09DF80500010705D069462A
:101EA00000F058F80446062803D1684605F06EFE97
:101EB000044624B105F022FB04B0204670BD06F0B4
:101EC00049FA30B105F0E6FA0028F5D105F0EBFA51
:101ED000F2E705F0E5FAEFE7B8000020FEB5C088AC
:101EE00014460E46A04201D2054600E01546844243
:101EF00007D2802005F00EF9B4FBF0F100FB114091
:101F000068B100200096CDE90150002000F0DCFB14
:101F10006946802000F07AF8040002D006E0012033
:101F2000F0E705498020FFF765FF0446002000F038
:101F3000CDFB2046FEBD0000AC8D000008B1402165
:101F400001600148704700008008002004F0DEBFF7
:101F500004F0F8BF10B50C46010600F00F02092A84
:101F600009D200F00BF8006828B141680A682146E0
:101F7000BDE810401047102010BD0000010600F021
:101F80000F0001D5034901E00249483101EBC000CF
:101F900070470000E407002005F014B810B50446AF
:101FA00000F00F00082805D2204605F02DF8204645
:101FB00005F0E0F82046BDE8104005F033B8000019
:101FC00070B50C46054605F06DF818B10548007867
:101FD000022801D0082070BD21462846BDE8704087
:101FE00005F062B88000002010B5FFF7C7FF006859
:101FF00010BD10B50C46FFF7C1FF04601CB161684D
:102000000968416010BD0021FBE7000070B50C4677
:10201000054605F047F818B105480078022801D0B8
:10202000082070BD21462846BDE8704005F0D2B8B2
:1020300080000020F8B5044600782A4D05280BD111
:10204000294800682849C0B2091F096811F0FF0F2C
:1020500004D1052802D1254C207818B3234F6946B6
:10206000243F386A02F046FB06001AD02068306030
:10207000002000F029FB6888E968401A401CF080C5
:10208000184800210C3002F072FBB080002000F0F4
:102090001DFB6946386A02F04EFB0146204606F0F9
:1020A00055FCF8BDAE6905E03168608889688847ED
:1020B00030684668002EF7D1002000F005FBE86884
:1020C00008B960886880074801210C3002F044FBA1
:1020D000002000F0FBFA0121204606F037FCE868FA
:1020E000F8BD000080000020847402403C8D000098
:1020F00070B5774C05460178207809297BD008DC3B
:10210000092979D2DFE801F06A84B28D9FBBC283CE
:10211000D700822927D017DC0A296ED00F296DD06D
:1021200080293BD0812972D16A48FFF75BFE69485C
:10213000FFF744FC0D2006F017FCFFF74FFCFFF7FC
:10214000D3FD606950B906E0832931D0842937D0A6
:1021500085295CD193E06048007A00B1012005F048
:10216000D1F901207EE0FFF739FC05F0F1F90020FC
:1021700005F092FE5748401CFFF720FC5548401CD4
:10218000FFF730FE0E2006F0EFFB207800F082FA19
:1021900000283CD0BDE8704002F056BF052803D0AF
:1021A000062803D0072832D102205BE0082059E03E
:1021B00003282CD105F0F0F9002828D0042051E0A4
:1021C000032805D105F0E8F910B1042005F064FEFC
:1021D00005F03EFA00281AD0062043E0032801D07B
:1021E000082803D13B48801CFFF782FF002006F03F
:1021F000BBFB646909E060E009E060E044E0294677
:10220000204601F07DF820684468002CF7D170BDAD
:10221000FFF7E4FBFFF771FD022005F03DFE012012
:1022200005E0082809D0052005F036FE032006F059
:102230009BFB2846FFF7D6FD44E0022005F02CFE6C
:1022400005F0D2F8F2E7032006F08EFB2148C01C0F
:10225000FFF7C8FD1F48C01CFFF7B0FB2078062819
:10226000A2D10720BDE8704005F016BE032005F09E
:1022700013FE022006F078FB2846FFF79FFB284656
:10228000BDE87040FFF7AEBD0F2019E0A878FFF75A
:1022900075FED0E900232946104698470028B6D09D
:1022A000A8780107B3D000F00F010829AFD2BDE82C
:1022B000704004F03BBF082002E0092000E00A2043
:1022C00006F052FB2846BDE87040FFF777BB0000E0
:1022D00080000020298D000074080020FFF7AABEAE
:1022E000F8B5214C00250095204EA0684FF40067FA
:1022F00028B9211D306A02F013FAA060C0B18188AC
:1023000069B1C188B94200D3C580C188ADF8021057
:10231000C188491CC1808188491E81801FE0FFF768
:10232000E7FE1149306A091D02F0EFF9A56019E0D6
:10233000E068002817D0002000F0C6F96088B84295
:1023400000D365806088ADF80200401C60800648BC
:1023500001210C3002F01CFA002000F0B7F96846A9
:10236000FFF7C6FE0120F8BD80000020188D000098
:102370000148FFF75FBE0000188D0000114642685B
:102380001368184770B5044640680D46C2680AB124
:102390002046904720462946FFF78AFC05464678A6
:1023A000002408E021462846FFF770FC007804F07E
:1023B00009FE641CE4B2B442F4D370BD2DE9F041CF
:1023C00080460E480E46056914E02F7A00240DE081
:1023D00021462846FFF76CFC0178414504D106B13F
:1023E00034702846BDE8F081641CE4B2BC42EFD3EF
:1023F00028680568002DE8D10020F3E78000002060
:1024000070B50446406815460E4683681BB12046E9
:102410009847062803D1204631460DB1072070BDEC
:10242000FFF746FC05464678002408E0214628468A
:10243000FFF72CFC0078FFF7B1FD641CE4B2B44256
:10244000F4D3002070BD034600205A681269002AA8
:1024500001D01846104770472DE9F8432E4C054629
:1024600008234FF484722B49206A02F030F910B12E
:102470000320BDE8F883294804F0BCFF0028F8D108
:10248000274908700861486148212648FEF7BAF8D4
:10249000244848214830FEF7B5F8224878307DB10D
:1024A00095E80E00183080E80E00002002F050FE83
:1024B00018B1852801D0FFF775FA1B4D002611E0F1
:1024C00004F138010EC9EDE7002703E00078294642
:1024D000FFF78FFD3946781CC7B24046FFF7D6FBA1
:1024E0000028F3D13146701CC6B22846FFF7E0FB46
:1024F0005FEA0008E8D1606800906946284600F06D
:10250000FFFE040003D005F09BF82046B1E7002051
:10251000AFE70000DC060020188D0000DD2200007F
:1025200080000020E4070020EC8D000030B101287D
:1025300007D0022808D10548FFF77CBD03480838BA
:10254000FAE70248001FF7E770470000488D0000D7
:1025500010B504F097FF10B104F08AFF08B108200D
:1025600010BD044802F008FE08B1FFF71BFA002076
:1025700010BD00004C8D000070B50C460F4901EBFA
:10258000800555F82400017831B10020FFF7D6FC12
:10259000002255F8241006E0801C70BD521CD2B2F7
:1025A000491C20F812300B78002BF7D1022101EBE7
:1025B0004201C9B241F44071018070BDC0000020E9
:1025C00070B54FF0805086B0D0F8A810D0F8A400B5
:1025D00089B241F44043009009A20D2101A8FEF701
:1025E000D3FE01AD0024094E02E0285D3055641C85
:1025F0002846FEF712F8A042F7D806B070BD0000DA
:10260000253034582530385800000000E4080020F8
:10261000074803E0016811F0010F07D00168C1F31A
:1026200040010029F6D00348FFF704BD70470000C1
:10263000380400401D8D0000034808B580680090F4
:102640006846FFF7F7FC08BD188D000030B44FF066
:10265000000180B10D4B002213F8124084420ED1CC
:1026600003EB4200407870B1094A02EB800252F855
:10267000212042B100E0002030BCFFF77DBF521C9A
:10268000D2B2062AE8D330BC00207047478E000043
:10269000C0000020092808D2DFE800F0070705077E
:1026A000070505050500012070470020704709282F
:1026B00008D2DFE800F0070705070707070705004E
:1026C000012070470020704700F002B800F008B801
:1026D00072B602480168491C01607047D8000020AA
:1026E00003490868401E086000D162B670470000C8
:1026F000D800002070B5054608680C46411C04D07F
:1027000002F078FF206802F0E5FE6068411C02D00C
:10271000002102F0C1FE2968A069C1F82405607D8E
:10272000227D29681043C1F86C05D4E9001228689D
:10273000C0F81425C0F80C15207D012814D1A0681C
:10274000411C02D0002102F0A7FEE068411C04D029
:1027500002F050FFE06802F0BDFED4E902122868E2
:10276000C0F80825C0F8101570BD70B5054608689A
:102770000C46411C04D002F047FF206802F0B4FE72
:102780006068411C02D0002102F08FFE2968A06918
:10279000C1F82405607D217D2A680843C2F86C05D4
:1027A000D4E900122868C0F80C15C0F81425207D63
:1027B000012814D1A068411C02D0002102F075FE4E
:1027C000E068411C04D002F01FFFE06802F08CFEBC
:1027D000D4E902122868C0F80825C0F8101570BDA9
:1027E000102802D31038C0B2704740F08000704704
:1027F0002DE9F0470546861C91460F464FF0010A29
:102800000020FFF761FF1B4C04F21C486068386031
:10281000D4E90101184F401A3968081A0EE0012165
:10282000404601F099FF01F097FA0146404601F059
:1028300093FFD4E90101401A3968081A401C864206
:10284000EDD8B9F1000F03D0052065F3891002E03F
:10285000062065F39F5061683A68114004EB8101DE
:10286000C8606068304460600020FFF72FFF50466A
:10287000BDE8F0878C0A00207001002070B50D467D
:1028800004460A2902D10D21FFF7F8FFA06822684B
:10289000411CA1601554D4E90101814204D32046B2
:1028A000BDE8704002F0BBBC70BD00000448816808
:1028B0004068814201D1012070470020704700002C
:1028C0008C0A00204360CA699A420DD38A6902606B
:1028D000886918448861086F18440867C869C01A75
:1028E000C86100D00120704701F128020260002079
:1028F0008B67704770B50646087800240D460F2890
:1029000038D2DFE800F038083838370C1137373262
:10291000373838383800304600F075FB2BE0294650
:10292000304605F07DF90FE0304600F0D7FD014656
:10293000A878002481421ED00106E9784FF00300F8
:1029400004D531B901210CE0044614E021B101297C
:1029500011D00329F8D10EE0304600F063FB0446A5
:102960000021304605F0FAFF05E00321304605F06E
:10297000F5FFD0E70624204670BD00002DE9F05F8A
:10298000DFF858960C7A054689F80040006816462C
:1029900088464FF0000A40F2463254461F46A0F2E5
:1029A00046314FF0020B904273D056DCB0F54A7FAF
:1029B00070D02BDC4FF4467290426CD013DC40F2A6
:1029C0001531A0F21533884273D007DCA8B3A0F507
:1029D000407013386ED0012871D18BE0012B6BD081
:1029E000022B6CD1ACE040F22131A0F221328842BE
:1029F00071D006DCA0F5407019386DD001285ED189
:102A0000C5E0012A69D0062A59D1EBE040F23632FE
:102A1000A0F23631904278D015DC40F22F31A0F28E
:102A20002F32884271D009DCA0F5407029386DD072
:102A300004286CD0052842D11AE145E0052A67D068
:102A4000062A3CD141E1C91F092938D2DFE801F04B
:102A5000F837373737F7F6F5F40013296FD00DDC68
:102A6000A1F1030110292AD2DFE801F0F6F5F4F311
:102A7000F22929F1F0EFEE2929EDECEB37290FD0FF
:102A80000FDC292973D007DC142971D0282916D12D
:102A900017E263E1B1E05EE02D296AD032290ED160
:102AA0003FE2442971D008DC3E296FD03F2906D18E
:102AB00058E22EE012E002E036E04929F2D0002090
:102AC000C5F800A0BDE8F09F08202871002F05D8A8
:102AD00040F213300CE068E04CE071E00EB1287970
:102AE00030700B2001242871012F03D84FF445705A
:102AF00028602EE00EB12879305598F81400641C37
:102B00002871BC4205D3296023E0BDE082E0A4E047
:102B1000D0E00EB128793055641C85F804B0BC4271
:102B200002D340F21630E3E70EB128793055641C29
:102B300085F804B0BC4203D340F21730D8E79FE1D8
:102B40000EB128793055641C85F804B0BC4202D31C
:102B50002A600120B6E70EB12879305598F819009F
:102B6000641C2871BC4205D340F21930C0E7B3E1C0
:102B700092E1C4E10EB128793055641C85F804A0B7
:102B8000BC4204D340F21A30B2E7FFE1DFE10EB1FC
:102B90002879305589F801A0641C09E209202871C0
:102BA000BC4202D340F22130A2E70EB12879305561
:102BB0000420641C2871BC4202D340F2223097E703
:102BC0000EB12879305599F801104046641CFFF782
:102BD00079F8C9F8040000782871BC4202D340F2A9
:102BE000273085E70EB128793055641C85F804A09C
:102BF000BC4202D34FF44A707AE70EB128793055BF
:102C0000D9F80400641CBC424078287102D340F219
:102C100029306DE70EB128793055D9F8040098F8BD
:102C20001410641C0078814239D185F804B0BC428C
:102C300013D340F22D305BE785E079E06DE061E091
:102C40004EE011E105E1F9E0EDE0E1E0D5E0C9E0B9
:102C5000BCE0AFE0A3E097E08BE00EB128793055FF
:102C6000641C85F804B0BC4202D340F22E303FE72A
:102C70000EB12879305598F81900641C2871BC42AF
:102C800002D340F22F3033E70EB128793055641C5F
:102C900085F804A0BC4223D340F23D3028E798F8E1
:102CA00016108142F4D10A202871BC4202D34FF49D
:102CB0004D701DE70EB128793055641C85F804A0CD
:102CC000BC4202D340F2353012E70EB128793055BC
:102CD000641C85F804A0BC42D6D340F2363007E726
:102CE0000EB128793055D9F8040098F81410641CF6
:102CF0000078814275D105202871BC4202D340F290
:102D00004230F5E60EB1287930552420641C287134
:102D1000BC4202D340F24330EAE60EB12879305586
:102D2000641C85F804A0BC4202D34FF45170DFE666
:102D30000EB1287930551020641C2871BC4202D392
:102D400040F24530D4E60EB1287930550120641C9C
:102D50002871BC4202D340F24630C9E60EB1287950
:102D600030550520641C2871BC4202D340F2493022
:102D7000BEE60EB1287930552420641C2871BC426F
:102D800002D340F24A30B3E60EB128793055012023
:102D9000641C2871BC4202D340F24B30A8E60EB14D
:102DA000287930550320641C2871BC4202D34FF4AB
:102DB00053709DE60EB12879305598F81600641CC2
:102DC0002871BC4202D340F24D3091E60EB1287911
:102DD00030550420641C2871BC4203D34FF4547056
:102DE00086E65DE00EB1287930552420641C2871F8
:102DF000BC4202D340F251307AE60EB12879305508
:102E0000641C85F804B0BC4202D340F252306FE635
:102E10000EB128793055641C85F804B0BC4202D349
:102E200040F2533064E60EB1287930550520641C19
:102E30002871BC4202D340F2563059E60EB12879CF
:102E400030552420641C2871BC4202D340F2573014
:102E50004EE60EB1287930550620641C2871BC421C
:102E600002D34FF4567043E60EB12879305598F8E6
:102E70001400641C2871BC4202D340F2593037E67A
:102E80000EB12879305598F81600641C2871BC42A0
:102E900002D340F25A302BE60EB128793055641C2B
:102EA000D9F804104846497889F80210514689F843
:102EB00003A075E007202871BC4202D340F26E30B7
:102EC00016E60EB1287930550520641C2871BC42E5
:102ED00002D340F26F300BE60EB12879305599F8E5
:102EE0000310641CD9F80400FEF7D9FEC9F80800E5
:102EF00000782871BC4202D340F27330F8E50EB17D
:102F000028793055D9F8040098F81410641C00781A
:102F1000814211D103202871BC4202D34FF45E706C
:102F2000E6E50EB128793055641C40202871BC427A
:102F30000DD34FF46170DBE598F816108142F4D19F
:102F400085F804B0BC42ECD340F27D30D0E50EB140
:102F500028793055641C85F804A0BC4202D340F2A5
:102F60008530C5E50EB128793055D9F8040098F8B8
:102F70001410641C0078814224D1D8F82000BC428F
:102F80000078287102D340F28A30B1E50EB1287979
:102F90003055641C99F803104846491C89F8031001
:102FA0008278C9B2914285D34178491C89F80110D1
:102FB00099F8011099F800008142FFF4EFAD40F25A
:102FC0009A3095E598F816108142E3D185F804A06F
:102FD000BC42DBD340F28F308AE50000A400002021
:102FE00008B103207047086810F80C1F202901D091
:102FF00006207047D0F80210C160C1880182017AB2
:103000008174002070470268002102F10C001184D5
:103010005162D1629167D1674167343282668167BC
:10302000704700002DE9FC47046881460C3400F02D
:1030300044FB07462F4800268068CDE90004E0697C
:10304000B0B1D4F878804546404500D205462A46BE
:1030500004F12801A069FDF7AEFA206F2844C4E905
:103060001C60A8EB0500E06660192830A06627E028
:10307000206F60672667E666216A304621B1626A82
:10308000A161C4E907202CE0A06130E004F118023E
:10309000616A82E84300E26E1AB38A4215D3A36ED6
:1030A0000A461946FDF787FAE16EE069091AE166FA
:1030B000A16E0144A16660670021484605F04EFC00
:1030C000206A0028E2D1A66111E0A16EFDF773FA33
:1030D000E06E2067E169091AE161A1690818A06141
:1030E00005D069463846FEF76BFFBDE8FC87002037
:1030F000FBE70000708D00004360CA699A4204D368
:103100008A6902600B67CB6103E001F1280202606B
:103110008B6700207047000010B5A1B1012910D0C5
:10312000022932D1032219491948FEF79DFC17489C
:10313000FDF773FA0246BDE8104014491448FEF743
:10314000DBBC27201DE0FEF78BFC0246114812492C
:10315000401AC008032101EB004010A102F06CFCF2
:1031600003220A490A48FEF77FFC04460748FDF798
:1031700054FA024605490648FEF7BEFC002CEFD083
:103180002520BDE8104002F0E9B910BD070000207D
:10319000E48A0000109C0000789B0000427974656E
:1031A000732077616974696E673A202564000000B6
:1031B0000249084490F9300070470000BC03002029
:1031C0002DE9F041044680680F46D0F84811C27FCF
:1031D00011F00106817FA1EB0203DDB20BD07F2944
:1031E00001D3002D7ED0A068C17F0844002180F863
:1031F000207066B113E07F297CD2002DF3D08318B4
:1032000003F120012A46481CFDF7D5F9EBE7A06839
:10321000827F521CD2B28277A068203281544DB393
:10322000204600F005FF8178C07881420ED1A06869
:1032300031A2C17F431808212046203301F08EFDC2
:10324000A81BC1B2204600F073F921E0204600F02F
:103250006FF8A06828A2C17F4318082120462033B8
:1032600001F07CFD204600F059F80121204600F0D5
:1032700003FA0DE03EB1A068827F521CD2B2827781
:10328000A068203281543A461CA1206901F0BAFF9F
:10329000A168C87F401CC877204600F035F9002897
:1032A000204603D0BDE8F04100F04EB900F033FCF9
:1032B00000281FD0204600F0BBFE0546C078A97844
:1032C000401A401EC1B2204600F012F9204600F01C
:1032D0003BF9E878A978401AC1B2204600F0D8F945
:1032E000287800E006E0401EC1B22046BDE8F0416B
:1032F00000F0C2B9BDE8F08125730000256300002D
:1033000042681268104700000069024A02A101F0F9
:1033100079BF0000B98F0000257300000069024AE0
:10332000024901F06FBF0000B38F000018330000A6
:103330000069024A024901F065BF0000B08F000039
:10334000183300008068D0F84801C0F3C00070470F
:1033500030B4406804682469A44630BC6047002843
:1033600001D0FDF75AB970472DE9F8431E461546BE
:103370008846074600241BE0786808EB04016B468A
:103380000268D2F80CC02A46E047009804442D1A7F
:1033900070B9B868017803290AD000BFD0F8481185
:1033A0008906FBD5D0F8481121F02001C0F848115A
:1033B000002DE1D1002E01D000983060BDE8F883E7
:1033C00070B5084C050009D010342168002907D0D9
:1033D00008682060496828468847F6E70834F4E71B
:1033E00070BD0000A8030020002801D103F0F4B84C
:1033F00070470000054A012120B1012805D19170D4
:10340000FFF7DEBF51700020FAE77047A8030020E5
:1034100008B550686A4605A1FDF714F904490098FB
:103420000E300968C0B2884708BD0000257500004D
:103430001800002008B550686A4604A1FDF702F99B
:10344000034900980968C0B2884708BD2575000087
:10345000180000202DE9F05F1C460A9E15464FF02B
:10346000000959B180B3017839B342683146284622
:1034700090473068D8B12660BDE8F09F14491548E0
:10348000A1EB0008B5EBD80F11D2DFF84CA0002655
:10349000834609E00BEBC607786801685AF82500F7
:1034A000FDF7C2F830B1761CB6EBD80FF2D3C4F8F2
:1034B0000090E1E778682060DEE7406800EB0210EA
:1034C000016809B11860D7E7FFE7C3F80090D3E7B8
:1034D000689B0000389B00000802002010B5002106
:1034E000FEF7F0FB0021FEF7DAFB007810BD0000CC
:1034F000002904D00A46006901A101F083BE70478B
:103500001B5B25644200000010B504460068FFF70D
:1035100026FF0146A068C27F407E1144B1FBF0F255
:1035200000FB121008B1002010BD012010BD0000EA
:10353000002904D00A46006901A101F063BE70476A
:103540001B5B256444000000006901A101F05ABE24
:103550000A0000002DE9FC47002604468DF80460AF
:1035600080683546B146B0468021A030FDF74AF864
:103570004049206901F046FE206901F050FE002715
:103580006B46012201A92046FFF7E2FE0098D8B160
:103590009DF804001B2806D0A16891F8A0101B29F3
:1035A000EED152281FD0A26808F1A001505408F1B2
:1035B000010000F0FF08B8F1090F0AD9A168042042
:1035C00081F8A090BDE8FC872A494FF6C010103161
:1035D000884700980028D3D17F1CBFB2B7F57A7F07
:1035E000CED30D20EEE7A16808F1A0004A4601F80D
:1035F0000090A16891F8A1005B2803D081F8A02079
:103600000B20DFE702206FF02F0309E005EB8505B3
:1036100003EB4505401C3D44C0B2ADB2802808D242
:1036200000F1A007CF5D3B2FF0D1401CC0B2802835
:1036300009D30C20C6E700BF06EB860603EB46065F
:103640003E44B6B2F1E700F1A007CF5D002FF3D101
:10365000FA20FA2E01D9087500E00E75FA2D02D96C
:10366000A168887501E0A0688575A06880F8A02031
:103670000020A7E7D18F0000002904D00A46006986
:1036800001A101F0BFBD70471B5B25644300000032
:10369000002904D00A46006901A101F0B3BD7047BA
:1036A0001B5B25644100000010B50121FEF70AFBF9
:1036B0000021FEF7F4FA007810BD10B50121FEF7E5
:1036C00001FB0121FEF7EBFA007810BD10B50021D7
:1036D000024801F04CF880F3100010BDA80E002045
:1036E0006FEA0061C90F61F31F10704701060449BA
:1036F00000D5903100F00F0001EB00107047000082
:103700007804002002F05EBC812002F089BC822097
:1037100002F086BC832002F083BC842002F080BCCF
:10372000852002F07DBC862002F07ABC872002F062
:1037300077BC000038B5882504F0A2FE2846FFF7C4
:10374000D5FF817B0124032915D00068002811D101
:103750002846FFF7C5FF8440E1430C4802F0ECFC2B
:103760000B480A49806800900C398DF8025049686E
:103770006846884738BD2846FFF7B2FF8440E143DA
:10378000BDE83840014802F0D7BC000064000020CA
:10379000008C000038B504F073FE0020FFF7A6FF90
:1037A000817B0124032906D0006870B1BDE8384050
:1037B0004C2002F0ADBC0020FFF792FF8440E143B3
:1037C000BDE83840094802F0B7BC0020FFF788FF89
:1037D0008440E143054802F0AFFC05480349C06856
:1037E0000C39009049686846884738BD640000205D
:1037F000008C0000012002F02FBC022002F02CBC43
:10380000032002F029BC042002F026BC052002F0AF
:1038100023BC062002F020BC072002F01DBC0000E3
:1038200038B5082404F02CFE2046FFF75FFF817BAB
:10383000032915D00068002812D12046FFF750FF59
:1038400001218140C943074802F076FC064805493A
:10385000406900900C398DF80240496868468847F5
:1038600038BD000064000020008C000070B50E48D8
:1038700004680460BFF36F8FBFF34F8F01260CE025
:1038800094FAA4F0B0FA80F52846FEF7A9FF06FAEC
:1038900005F18C43294604F09BFF002CF0D1BDE8D4
:1038A000704004F0FBBD00006C74024010B5054C84
:1038B000A078FFF715FF0146A078BDE8104004F09E
:1038C00087BF000058000020F8B51A4800681A4D5C
:1038D000C6B2A878FFF704FF012404FA00F1288992
:1038E000EA68C04380B21043014202D0A87804F0D5
:1038F000C9FE06F08000A8700020FFF7F1FE04FA70
:1039000000F68020FFF7ECFE04FA00F006430A48B8
:10391000F1430C3002F010FC8020FFF7E1FE844000
:10392000A86804430548AC60006A0090696868466E
:103930008847F8BD8074024058000020008C0000C9
:1039400038B5002000900F480068ADF802008820CC
:10395000FFF7C6FE012505FA00F40A486038006842
:1039600040B1C10301D4401C04D00820FFF7B8FEC9
:1039700085402C430449886820438860496868462C
:10398000884738BD2075024058000020704700006D
:10399000F8B518480568284602F0A8FBBFF36F8FFA
:1039A000BFF34F8F144E154CE80506D5012060700B
:1039B000706A0090616868468847A8054FF0000764
:1039C00005D56770B06A00906168684688476805E9
:1039D0000ED5607800280BD0677009490120086077
:1039E000582002F095FBF06A0090616868468847AD
:1039F000F8BD000000740240008C00005800002058
:103A000008750240054908B50020487088700448D0
:103A10004068009049686846884708BD5800002003
:103A2000008C00002DE9F05F17460E00814670D033
:103A300013B1F9B2FFF720FE0024FCF7AFFD824678
:103A4000006800E0641C315D415CC907FAD10025C3
:103A50003046FFF784FCD9F80810001B4A7ED11BC2
:103A6000814228D306EB040805E000BF18F80510D2
:103A70000A290CD06D1C8542F8D33119D9F81000F1
:103A800001F0C0FB4846BDE8F05FFFF75DBDD9F827
:103A9000100001F0C4FB414600232A464846FFF7C8
:103AA00063FC2C444846641CFFF74EFDF9B24846BF
:103AB000FFF7E2FDE1E78B46DAF8001006EB0408B9
:103AC00018F805000B5CDB0702D0AB460A2804D0CF
:103AD000E819904201D26D1CF2E7D9F8100001F00C
:103AE0009EFB414600235A464846FFF73DFC5C4496
:103AF000DAF8000000E0641C315D415CC907FAD1CE
:103B00004846FFF721FDF9B24846FFF7B5FD9EE7AD
:103B1000FFE7BDE8F09F10B504460068FFF71FFC03
:103B20000146A068827F407E1144B1FBF0F200FBA9
:103B3000121008B1002010BD012010BD2DE9FC5F5E
:103B40000E008346DDE90C47C6F100009846924618
:103B5000814600D40846012503E000BF90FBFAF03F
:103B60006D1C5045FADAA84500D9454624B1002E0F
:103B700001DB780700D5641EB80702D5B8F1000F45
:103B80000AD0F80708D13CB1A54205D220215846F9
:103B9000641EFEF773FEF6E7002E02DA4E462D2174
:103BA00002E0780703D52B215846FEF767FE07F0A1
:103BB000030002280BD1B8F1000F08D13CB1A54297
:103BC00005D230215846641EFEF758FEF6E7CDE9CF
:103BD0000047434652463146584604F061FBBDE873
:103BE000FC9F000070B50D46044600684FF48871D4
:103BF00002F0E2F94FF49071206802F0DDF94FF421
:103C00009271206802F0D8F94FF4A271206802F096
:103C1000D3F94FF4AC71206802F0CEF92068124954
:103C2000C0F804132068690740F30730090E002824
:103C300004DB00F1E02080F8001405E000F00F0044
:103C400000F1E02080F8141D206840F307300028C0
:103C500009DB00F01F02012191404009800000F1C2
:103C6000E020C0F8001170BD1003420002460020A1
:103C70001268530713D502F00300012802D002286E
:103C80000CD105E0C2F383100B68801C184404E0DB
:103C90000223086803EB9252104408600120704729
:103CA0002DE9F0479146884604464FF480354FF49D
:103CB000A0760027DFF884A016E000BFD4F8040344
:103CC00028420DD0A05958B1C4F84853C4F808533D
:103CD0003146204602F04EF95AF82810F8B28847CB
:103CE000361D6D00B6B27F1C4F45E7D3D4F80403F0
:103CF0004FF4807110F0010F09D0D4F8000130B1F9
:103D0000204602F037F95AF8281004208847D4F8E2
:103D100004034FF4827110F0020F0CD0D4F80401A8
:103D2000002808D0204602F025F95AF82810BDE8EE
:103D3000F04705200847BDE8F08700006C00002030
:103D40000268134602E08A4204D01268002AFAD1BF
:103D50000B600160704770472DE9FF410026244841
:103D600000F0F7FC2248001F074600F0F2FC214C4F
:103D70002149A06800900D6800E00098694628403D
:103D800004EB80000C30FFF771FF0028F5D101AA89
:103D9000009901EA050304EB8303491CDB6842F840
:103DA0002030401C00910228F2D3019800F003005B
:103DB00001280BD0022810D10198032101EB90506B
:103DC0000099BDF80A6001EB900005E00198BDF88C
:103DD0000A60C0F3831008440090384600F0B6FC37
:103DE00008B10098A06004B03046BDE8F081000042
:103DF000A40E00208C0A00207001002092B04FF425
:103E000080442146002001F089FE08B1FDF7CAFD7B
:103E100001F054F908B1FDF7C5FD002001F074F977
:103E200001F06AF90028FBD0252001F047FB27208C
:103E300001F044FB252001F0D3FB272001F0D0FB4B
:103E40003E493F4AD1E90001CDE900011F20ADF80C
:103E500000003A486946083002F0CEFC08B1FDF790
:103E6000A1FD36480121083002F00CFD334808302E
:103E700002F0B6FCFEF7A4FB3048C430FEF7ECFAC3
:103E800008B1FDF78FFD2F482F49401AC0080321C4
:103E900001EB00402DA101F0CBFD28481030FDF7CB
:103EA00047FE08B1FDF77EFDFEF752FB08B1FDF7B6
:103EB00079FD4FF4807010902146002001F02EFE15
:103EC00008B1FDF76FFD01F08BFC0021274800F0E1
:103ED000A5FB08B1FDF766FD10A9254804F092FD89
:103EE00008B1FDF75FFD2248109900F077FB08B19B
:103EF000FDF758FD00F0E0FA08B1FDF753FD1D4C49
:103F0000002500BFFEF7ECF9207801280AD12570C2
:103F100019A16846FDF750FA024608486946103074
:103F2000FDF7EAFDA0780128ECD1A570252001F06D
:103F300057FB272001F054FBE4E70000D48A00007F
:103F4000A1780000109C0000789B0000555342446B
:103F5000204344432041434D206578616D706C657A
:103F600020737461727465642E0000002D4300009C
:103F7000A8020020040000204369616C6C6F0A00F5
:103F80002DE9F047C5881E1DB6FBF5F78946B6FB3F
:103F9000F5F1044605FB176C407916686843DDF8B7
:103FA00020A0F718001F874200D9C61A166001E04A
:103FB0002468491E0029FBD1A5EB0C078846B742AF
:103FC00016D818E004EB0C00001D09EB0803BAF149
:103FD000000F3A4602D00146184600E01946FCF7A9
:103FE000EAFA2468F61B4FF0000CB844B54201D938
:103FF000374600E02F46002EE4D1BDE8F0870000F0
:1040000030B5024651B101F09DFD0021074C08E09A
:1040100034F821301568AB4202D11160002030BD68
:10402000491C8142F4D3052030BD0000000000008F
:1040300070B58468006804F11405FFF790F9C1B207
:10404000A971E07F6A790844B0FBF2F302FB130325
:104050005B1C2B70E07F0844B0FBF2F35B1CAB7081
:10406000A07F0844B0FBF2F35B1CEB70A07F084418
:10407000B0FBF2F102FB1101491C6970284670BDCA
:1040800010B51C46934200D914462246FCF793FA19
:10409000204610BD10B51C46934200D914460A466E
:1040A0002146FCF7A8FA204610BD00000B4900F19C
:1040B000100213464A610A6913448B6128B14FF418
:1040C0007C73CB614FF4806301E00023CB61C01CA3
:1040D000104480080B6281F869007047AC0E002024
:1040E00070B50D4D0D4A00212C7800BF01EB410346
:1040F000D65CA6420AD113445B78834206D101EB19
:104100004100104480782870002070BD491C0E29A1
:10411000ECD3082070BD0000AC0E0020D0010020C0
:1041200070B50446022920D10620FFF7D9FF0028E8
:104130001BD10E4964784B69A2002046934208D8EF
:104140008D69103D954204D3C968C3EB84000844CF
:1041500003E000F017F805483830102100F010FA9D
:104160002046BDE8704000F0B3B870BDAC0E002032
:10417000034902684A6242688A62008988857047FA
:10418000AC0E00202DE9F041334E84001025294665
:104190003046FCF737FAA6F138077869A0420BD908
:1041A000021B39192B4630462431FFF769FFD0F145
:1041B0001005044406444CD0B869A0420CD9786973
:1041C0003969201A0A1AF9682B4601443046FFF76C
:1041D00057FF2D1A04440644002D3AD0B869A04276
:1041E0000ED1396A61B1F969884209D02B460122A2
:1041F000FE213046FFF74EFF2D1A0444064428D016
:10420000F869A04209D9021B2B4600213046FFF76E
:1042100041FF2D1A044406441BD0386AA04210D92D
:10422000021B2B46FF213046FFF734FFF969611A64
:10423000C1F10E01A94201D83F2272542D1A064441
:1042400007D02B463046BDE8F0411A460021FFF763
:1042500021BFBDE8F0810000E40E002070B50C46DF
:104260000546914201D90C2070BD0120FFF738FFAF
:1042700008B1082070BD05B900240248C0E9035404
:10428000002070BDAC0E002070B5002103230A464B
:104290000C460E4801260CE006FA03F50D43E9B280
:1042A0005B1E05D5831883F8481007230021521C94
:1042B000641C90F86950A542EEDC024482F8481074
:1042C000002100F8681F817070BD0000AC0E002056
:1042D000F0B5C208514200EBC1010024124BC1F1FC
:1042E00007010125042813D305FA01F603EB020C9C
:1042F000F7B29CF848603E4204D0BE438CF8486058
:104300002E4600E0002693F868703E4483F868600B
:10431000491E01D50721521C401C10F0FF0002D09D
:10432000641C042CDEDBF0BDAC0E002070472DE9D0
:10433000F8439046894607004FF0000606D0B8F1D2
:10434000000F03D03D680DB1002422E00E20BDE82F
:10435000F88324B1611C884207D1402106E001287E
:1043600001D0802102E0C02100E00021D8F8000047
:104370006B46801B00904A46286800F01FF8002812
:10438000E5D10098B9F1000F064400D08144641CC7
:104390002D1DB868A042DCD80020C8F80060D6E720
:1043A000D0E901329A4201D304207047036843F8F0
:1043B00022108168491C8160002070472DE9F84374
:1043C000144698460A4605004FF000074FD068781B
:1043D000297A4618B61D00B1761C8CB332F0C000A5
:1043E00002D00720BDE8F883D8F80000B04201D21F
:1043F0000420F7E722702B78601C1A4322702A7A77
:1044000000F8012B21460746041D687828B104F8FE
:10441000010B087840F0080008702A7A2046E96805
:10442000FCF7C9F8287A6A7804442AB120466968FA
:10443000FCF7C1F868780444D8F80000801B0090AD
:10444000287840B12B6993B16A462146686998473C
:104450000028C7D101E00020009014B1009800BAF4
:104460003860009831180020C8F80010BAE70E2014
:10447000B8E700000068022803D0042804D100F047
:10448000E3BD024800F0F6BD70470000C401002003
:10449000084810B5064941600021016000F00EFE99
:1044A000852803D0002800D0032010BD002010BDB7
:1044B000E9330000C401002010B50420FFF710FE0E
:1044C00008B1082010BD00F087F8002010BD0000E2
:1044D00010B518B10A2902D00C2010BD0248FFF710
:1044E00047FE002010BD000079900000FEB5224874
:1044F00047780A2F23D0214A0324072F16785578AE
:104500009378D1788DF800608DF8015086EA050027
:104510008DF802301AD04B4058408DF803108DF8BA
:104520000400FF2204210DF10500FCF764F800BF30
:104530008DF809400A216846FFF7CAFFFEBD03B0A7
:104540000A21BDE8F0400D48FFF7C2BF83F08803A1
:1045500058408DF803008DF8041013798DF805305C
:1045600050798DF8060092795940504041408DF8BD
:1045700007208DF80810DBE7FC010020280F002041
:104580001CB5CDE900100321684602F033F81CBDCC
:104590001CB50E4BD3E90223CDE900230C4AC2E936
:1045A0000101507838B9072050700A21094801F0FC
:1045B000C9FF002808D1FFF799FFFFF769FF00281E
:1045C00002D1684601F048FF1CBD00008490000045
:1045D000FC010020280F002001F072BE10B54FF43E
:1045E0007772FFF73BFE040013D10B4803220169E9
:1045F00000F8342FFE2902D84170022005E0FF2286
:1046000042700A0A8270C1700420FFF74FFDFFF765
:104610003BFE204610BD0000AC0E002070B50E46DB
:10462000050005D00020FFF75BFD18B1082070BD24
:10463000072070BD0B4C0C48C4E901561434FFF739
:1046400097FDFF20A076E076E120207710206077AC
:104650007C20A0770F20E077BDE870400149034837
:10466000FFF796BFAC0E002079900000851800007F
:104670002DE9F0410446007A164698B1420611D45D
:1046800002060FD462686AB122695AB1E3684BB17D
:1046900046B185186D1CB9B13268AA4204D2042013
:1046A000BDE8F0810720FBE722784F1C00EBC21029
:1046B0000870227A38466168FBF77DFF207AD4E9DA
:1046C00003123844FBF777FF00203560E8E710B5A8
:1046D00031B1B2FBF3F403FB14241CB1092010BD6B
:1046E0000E2010BD01600021416081608281C38184
:1046F000084610BD70B50C460546FBF717FE0028AE
:1047000002D021882868084470BD10B50A884988FD
:104710008A4203D1FBF74CFE012010BD002010BDE2
:1047200070B50C460546FBF726FE002802D06188CE
:104730002868084470BD10B50A8849888A4203D1A8
:10474000FBF710FE012010BD002010BD002100F07D
:1047500009B8012100F010B808B56A46FBF77DFEE4
:10476000009808BD08B56A46FBF75DFE08BD08B5B0
:104770006A46FBF73FFE08BD08B56A46FBF746FEF2
:10478000009808BD08B56A46FBF774FE009808BD9E
:1047900008B56A46FBF790FE009808BD70B5044660
:1047A00000252846FDF790FF21686268086890425E
:1047B0000ED9401E08600178238AE26801FB0325B8
:1047C000227A2168101AC0B20A79824200D2087196
:1047D0000020FDF77BFF284670BD70B505460C46EE
:1047E0000020FDF771FFE868298A201AB0FBF1F17B
:1047F0002A681068431C13600170BDE870400020F7
:10480000FDF764BF10B530B1017A42680368891AB8
:10481000C9B21A6006E00E2010BD03681A68541C65
:104820001C601170491EC9B2F7D2006800210171E5
:10483000084610BDC20800F007030120895C9840BB
:104840000840704770B515468268D2F84841C4F3F5
:10485000400424B11A46294600F0A8FA05E031B117
:10486000536804A2022100F079FA012070BD0020F3
:1048700070BD000025733A2077726F6E67207061FB
:1048800072616D6574657220636F756E740A0000E5
:1048900010B5044602290CD1A068D0F84801C0F335
:1048A000400030B120460022BDE81040114600F023
:1048B0007DBA064A06A1206900F0A4FC034A2069DB
:1048C000BDE81040093202A100F09CBCCD8F000071
:1048D00025730000012907D0022909D18168D1F888
:1048E0004811C1F3400119B10022114600F05EBA2F
:1048F00001A2022100F032BA506C65617365207329
:10490000706563696679206120737562636F6D6D90
:10491000616E642E0A0000001CB5012905D0022931
:104920000BD014D94FF0010112E002B04FF0000299
:10493000BDE81040114600F039BA536808A1CDE92E
:10494000001313680CA2022100F008FA1CBD00211C
:1049500002B00023BDE810401A46FFF773BF000005
:1049600020756E6B6E6F776E20706172616D65740D
:1049700065723A200000000025733A257325730AFA
:104980000000000010B50446012901D0012100E01B
:10499000002100231A46FFF755FF002809D1A1681E
:1049A000C1F83801E06840680068BDE8104001F0D7
:1049B00050BA10BD3EB50546012901D0012100E0E5
:1049C000002100231A46FFF73DFF002818D1E868B0
:1049D00040680468204601F039FAC0B2642110FB37
:1049E00001F2A168B2FBF1F2D2B20092CDE901016D
:1049F000A86804A20021D0F83831284600F0AEF9AA
:104A00003EBD00004C6F7374206C6F67733A2025B5
:104A1000750A4D6178206C6F67207175657565202A
:104A20007574696C697A6174696F6E3A20257525B1
:104A300025205B25752F25755D0A00007CB5144681
:104A40000546012903D0022908D0012107E002B060
:104A50000022BDE87040114600F0A8B900210023F3
:104A60001A46FFF7EFFE002809D1616804A0CDE9DE
:104A7000000109A202212846236800F06FF97CBDDD
:104A800020756E6B6E6F776E20706172616D6574EC
:104A900065723A200000000025733A257325730AD9
:104AA0000000000010B50446012901D0012100E0FA
:104AB000002100231A46FFF7C5FE002806D1A06892
:104AC000D0F8481121F00401C0F8481110BD10B50C
:104AD0000446012901D0012100E0002100231A46EB
:104AE000FFF7B0FE002806D1A068D0F8481141F0C9
:104AF0000401C0F8481110BD7CB514460D460646A9
:104B0000022901D9012100E0002100231A46FFF704
:104B100099FE002811D1022D05D03046FEF712FC77
:104B200060B10BA30BE061680AA0CDE900010FA200
:104B300002213046236800F011F97CBD0EA302B0BB
:104B40003046BDE870400DA2002100F007B900001A
:104B50006F6E000020756E6B6E6F776E20706172E5
:104B6000616D657465723A200000000025733A2576
:104B70007325730A000000006F6666004563686F66
:104B8000207374617475733A2025730A0000000065
:104B900010B50446012901D0012100E000210023C5
:104BA0001A46FFF74FFE002806D1A068D0F848113A
:104BB00021F00801C0F8481110BD10B504460129C4
:104BC00001D0012100E0002100231A46FFF73AFE40
:104BD000002806D1A068D0F8481141F00801C0F8BB
:104BE000481110BD7FB50446012901D0012100E024
:104BF000002100231A46FFF725FE002827D1A068D0
:104C00000026D0F84051F5B101E0082E1BD2002358
:104C1000092201A9284601F07AF89DF80C20A16824
:104C200009232846A031521C01F071F8A0683346D0
:104C3000A0300090029D761C05A20021204600F0C5
:104C40008DF8002DE1D1A168002081F8A0007FBD82
:104C50005B2533645D2025730A0000007CB5154692
:104C60000446012903D0022917D9012116E0A168C1
:104C700001F11802193103F03BF900281ED0A16898
:104C800050200FA24876A1681820087602B020466E
:104C9000BDE87040042100F061B8002100231A46ED
:104CA000FFF7D0FD002809D1696814A0CDE9000103
:104CB00018A2022120462B6800F050F87CBD0000AD
:104CC0004E6F20726573706F6E73652066726F6DC4
:104CD00020746865207465726D696E616C2C20614A
:104CE0007373756D65642038307832342073637265
:104CF00065656E2073697A650A00000020756E6B29
:104D00006E6F776E20706172616D657465723A20A6
:104D10000000000025733A257325730A0000000087
:104D200010B50446012901D0012100E00021002333
:104D30001A46FFF787FD00280AD1064A06A1206916
:104D400000F060FAA16850204876A1681820087623
:104D500010BD0000E68F0000257300000FB438B5C9
:104D6000044607A80090A068D0F84821520717D53C
:104D7000C27E8A4214D0B0F81B50204603F01AFEBF
:104D80006A462069069900F056FAE9B2204603F017
:104D900011FE290A204603F0EFFD38BC5DF814FB34
:104DA0006A462069069900F046FAF6E72DE9F04FC9
:104DB000804689B017460C468648FEF7D0FA05466D
:104DC00084483638FEF7CBFA281A1FFA80F9814852
:104DD00081A223380090D8F8080008214368404693
:104DE000FFF7BCFFD8F808004068FEF7B8FA0546A0
:104DF00078482338FEF7B3FA284482B2D8F808007E
:104E0000002381684046FEF70DFE75A20021404652
:104E1000FFF7A4FF0FB304B300251CE005EB450A20
:104E200004EB8A0BDBF80400FEF799FA064654F807
:104E30002A00FEF794FA311849450BD9DBF8040033
:104E4000FEF78DFA064654F82A00FEF788FA304439
:104E50001FFA80F96D1CBD42E0D35E483638FEF77C
:104E60007EFA4844801C1FFA80F95A4800904B464D
:104E70005EA208214046FFF771FF09F1030086B2E8
:104E80000790002332465BA14046FEF7CBFD002C85
:104E900052D000254EE000BF05EB450A04EB8A0B1B
:104EA00054F82A00DBF804306BB350B3494956A2DA
:104EB0003639CDE9001008214046FFF74FFF09F1D0
:104EC00002000090DBF80400FEF749FA064654F8A9
:104ED0002A00FEF744FA06443E483638FEF73FFA09
:104EE00031180098401A801EC1B24046FEF7C4FB3C
:104EF0003A224849D8F8100000F084F90098401C84
:104F00000AE0009301E040B100904B4637A208212F
:104F10004046FFF723FF079886B2DBF8081029B157
:104F2000002332464046FEF77DFD02E04046FEF794
:104F30000BFB6D1CBD42AFD3D8F80800C068002839
:104F400045D0814600200446064603AD0290324615
:104F5000761C02AB012148460095FEF77BFA0298C9
:104F600050B10068FEF7FBF9A042F0D90298006842
:104F7000FEF7F5F984B2EAE7012E28D026A2002137
:104F80004046FFF7EBFE00263246761C02AB0121BD
:104F900048460095FEF75EFA0298002817D0A11C3B
:104FA0008FB2006800903B4610A208214046FFF7F0
:104FB000D5FE0298FF1CBAB2416821B100234046D9
:104FC000FEF730FDE0E74046FEF7BEFADCE709B049
:104FD000BDE8F08FEC8F0000257325730000000002
:104FE0004F7074696F6E733A0A0000002020252DFF
:104FF0002A733A0053686F7720636F6D6D616E643A
:105000002068656C702E00002020257325732573A1
:1050100000000000FC320000537562636F6D6D612B
:105020006E64733A0A00000000F1804000680028B6
:1050300000D00120704708B500F1804000210160D8
:105040000068009008BD000010B50020FDF73CFB93
:10505000074C6068401E6060606818B901F098F8FD
:1050600000206070BDE810400020FDF72FBB00005D
:10507000A803002070B5104D0446687838B114B10B
:105080006168002088470020FDF71EFB0CE000202F
:10509000FDF71AFB24B1084821460830FEF750FE00
:1050A000686808B901F068F86868401C6860BDE885
:1050B00070400020FDF70ABBA803002070B50C4C1F
:1050C0000125207808B185260BE00020A0606060F3
:1050D0002061E060074801F079F8064601F032F8F7
:1050E000257001F021F800B1A570304670BD0000B8
:1050F000A8030020F533000002480068C0F3004018
:10510000704700001804004070B5104D0446A878A0
:1051100038B114B16168012088470020FDF7D4FA46
:105120000CE00020FDF7D0FA24B1084821461030E9
:10513000FEF706FEE86808B901F084F8E868401C4C
:10514000E860BDE870400020FDF7C0BAA803002069
:1051500010B5074C217809B1852010BD00B905486C
:1051600001F090FA0028F8D10121217010BD000053
:105170001C000020EC8B000010B5044600F007F87E
:10518000204601F0FBFA01F0F2FA002010BD10B544
:1051900001F0E6FABDE8104001F0FABAF0B50546B4
:1051A0000478154889B0164640F82420124A086948
:1051B0000832A2F10C0742F82400487F385520221B
:1051C0006846FBF7F8F904942878385C48B10EB1CA
:1051D0000A4A00E000226946281D01F057FD09B087
:1051E000F0BD0EB1064A00E00022694605F10C0050
:1051F00001F016FCF3E70000240000205D810000B0
:10520000A57F00000FB408B50399002904D004AAB3
:1052100000926A4600F00FF801B05DF814FB10B57B
:1052200082680446002A05D0D4E90403216898471F
:105230000020A06010BD2DE9FC4791460C0080467F
:1052400076D014F8011B39B125290ED04046FDF760
:1052500015FB20780028F4D198F80C00002867D0BE
:105260004046BDE8FC47FFF7DABF00200122217865
:105270002B291BD02D2902D0302908D102E040F083
:10528000010001E040F00200641C002AEFD100257B
:105290002A290ED02178A1F130020A2A11D205EB79
:1052A000850201EB4205641C303DF1E740F004004B
:1052B000EAE7D9F800100B1DC9F800300968641C32
:1052C0000D44217800232E290BD114F8011FA1F1E0
:1052D00030020A2A05D203EB830201EB4203303B82
:1052E000F3E76C290DD068290BD0692921D00BDC9C
:1052F000252918D0582931D063290ED0642915D119
:1053000017E014F8011FECE7702969D0732932D037
:1053100075291BD0782909D120E0D9F80000011D9A
:10532000C9F8001001784046FDF7A8FA641C90E720
:105330006CE0D9F800100A1DC9F800200968CDE911
:1053400000500A224046FEF7F9FBEFE7D9F80010BB
:105350000A1DC9F8002009680A2206E0D9F80010E1
:105360000A1DC9F8002009681022CDE90050404606
:1053700002F096FFDAE7D9F8001000270A1DC9F8F5
:1053800000200E68C00705D112E04046761C7F1C45
:10539000FDF774FA31780029F7D104E02021404666
:1053A0006D1EFDF76BFABD42C0D9002DF6D1BDE7E9
:1053B0004EB13046FBF731F9074604E02021404664
:1053C0006D1EFDF75BFABD4206D9002DF6D103E054
:1053D0004046761CFDF752FA31780029F8D1A5E74E
:1053E000D9F80000011DC9F80010056830214046B9
:1053F000FDF744FA78214046FDF740FA08200021E5
:10540000CDE90001034610222946B0E7BDE8FC873C
:105410002DE9FF411C46DDE90A7815460E4668462F
:1054200000F0C2F846EA450141EA840141EA072258
:1054300042EA0841009A00EB8200C0F80017BDE87C
:10544000FF812DE9FF411C46DDE90A7815460E462D
:10545000684600F0B7F846EA450141EA840141EAAE
:10546000072242EA0841009A00EB8200C0F80017C8
:10547000BDE8FF811CB5002100910B46012201917E
:10548000FFF7C6FF1CBD1CB5002100910B46012291
:105490000191FFF7D6FF1CBD1CB500220B46009200
:1054A00011460192FFF7B4FF1CBD1CB500220B464C
:1054B000009211460192FFF7C4FF1CBD08B5009091
:1054C000684600F055F8009A032100EB8200C0F80E
:1054D000001708BD1CB5002100910B460122019167
:1054E0001146FFF795FF1CBD1CB5002100910B462E
:1054F000012201911146FFF7A4FF1CBD13B50C4614
:10550000684600F043F8009900EB8101D1F80027CC
:1055100022F44032C1F80027009900EB8100D0F856
:10552000001741EA0441C0F800171CBD3CB50A4C05
:10553000D4E90034CDE900346B46441808E000BFDC
:1055400053F82010D1F8205520C2C1F82055401C36
:105550008442F5D83CBD0000F08B000001B56846E0
:1055600000F006F8009A01219140C0F80C1508BD22
:105570000168202902D24FF0A040704701F01F01BE
:1055800001600148704700000003005001682029B5
:1055900002D24FF0A040704701F01F0101600148A6
:1055A00070470000000300500168202902D24FF02C
:1055B000A040704701F01F010160014870470000E2
:1055C000000300500168202902D24FF0A04070472C
:1055D00001F01F0101600148704700000003005006
:1055E00001B56846FFF7C4FF009A01219140C0F859
:1055F000081508BD01B56846FFF7D6FF009A0121DE
:105600009140C0F8081508BD01B56846FFF7DAFFFC
:10561000009A01219140C0F8081508BD034908B55A
:105620000844002101600068009008BD006000404F
:1056300002494058012800D0002070470060004017
:1056400030B5154A01460020D2F8104423460AE03E
:10565000DB681D79854205D1401C0A28F6DB4FF036
:10566000FF3030BD1B68002BF2D1431CF9D0CB6852
:105670001871D2F8103443B1DB68CC681B68236022
:10568000D2F81024D268116030BDC2F81014C96875
:1056900000220A6030BD00008C0A0020F0B595B0F1
:1056A0001C4615460F4608461A9E00F01BFB1821A3
:1056B00009A8FAF7A7FF0E96CDE90954002308229E
:1056C00003A9384600F023FB05980690BDF81000AA
:1056D000ADF81C00BDF81200ADF81E0000208DF8DA
:1056E00021000398082600F00300012802D00228B8
:1056F00018D032E003983346850AC0F3C2008DF813
:10570000200003980FA9C0F38314A200384600F0CC
:10571000FEFA09A8009006AB22460FA9284600F021
:105720003DFA1AE00398840DC0F3C2008DF8200002
:10573000082C01D2254600E0082533462A460FA949
:10574000384600F0E4FA2E44641B09AB06AA294649
:105750000FA800F08BF9002CEAD1384600F0C8FA07
:1057600015B0F0BD7047012002F03ABC084810B5F2
:105770000178084A515C19B1001D01F021FB02E0DB
:105780000C3001F01BFABDE81040002002F028BCEC
:10579000540100202000002008B5034A0092402355
:1057A000024AFFF77BFF08BD41790000F1080020A5
:1057B0000A4A012902EBC00007D0022907D00329B9
:1057C00007D0042907D0002070470220704704202A
:1057D000704700797047407970470000789B00005F
:1057E00010B5FFF7C0FF04210348FFF729FF024966
:1057F0000120C968487110BD689B00002DE9F04781
:105800008CB0FDF753F818B100200CB0BDE8F0875C
:105810007D4C0020C4F81804BFF34F8F7B49A0686B
:1058200002900D684FF00008284004EB80000BE068
:10583000D4F8180470B961680298814201D8A16057
:10584000E2E7284004EB80000C3002A9FEF70EFAD4
:105850000028EDD1002003AA029901EA050304EB18
:105860008303491CDB6842F82030401C0291022867
:10587000F2D3039800F00300022802D001284DD093
:10588000A7E003985022810D8946B2EB905F00D8C3
:1058900050210E4666F39F50039008315C4800F09B
:1058A000D8F9070078D000F01DFA4346082203A972
:1058B000384600F034FA029908F1080A2940681ABB
:1058C0008000001D864222D94F4D0C3530B1C2B246
:1058D00004EB8101301A90460C3104E02946F2B203
:1058E000002590462846C6B25346384600F017FABF
:1058F0000AEB080325B132462946384600F00FFA74
:10590000029909F1030001EB900002903BE004EBE7
:1059100081015346324638460C31EFE70398C0F315
:105920008310062800D30620039960F38911C1F380
:105930008310801C03918100354800F08AF907002C
:1059400047D000F0CFF94346082203A9384600F0BB
:10595000E6F908F1080800260FE00298434600EA3D
:105960000501401C04EB81010290042238460C31F1
:1059700000F0D5F908F10408761C0398C0F38310F1
:10598000B042EAD847B1D4F81054D4F8180478B12A
:10599000384600F0ADF931E01BE0E86840790128B5
:1059A00004D12A682846394612689047E868056895
:1059B000002DF2D1384600F09BF90020FCF784FE60
:1059C000D4F8180408B90298A0600020FCF77EFE05
:1059D00014E0D4F8104405E021682046896888471F
:1059E000E0680468002CF7D10A480B49401AC00847
:1059F000022101EB004009A100F01AF8FCF756FF64
:105A000080F0010001E700008C0A002070010020F6
:105A1000189C0000109C0000789B00004261636BA2
:105A2000656E647320666C757368656400000000C1
:105A300000231A4602F0E4B908B5012300926A4631
:105A400002F0DEF908BD3EB5069C8DE81C0003237C
:105A50006A4602F0D5F93EBD7FB5DDE908458DE81F
:105A60003C0004236A4602F0CBF97FBD2DE9F047E4
:105A70000E4680461C469246082940D894F80C9061
:105A8000002020731946104601F0A6FE0025B542FD
:105A900006D218F805201BA12046FFF7B3FB03E050
:105AA0001AA12046FFF7AEFB6D1C082DEFD318A1FD
:105AB0002046FFF7A7FB0025B54212D218F8057063
:105AC0007E2F08D8FAF76AFD0068C05D10F03E0F1F
:105AD00001D03A4600E02E220EA12046FFF792FBAD
:105AE00003E00DA12046FFF78DFB6D1C082DE3D3CD
:105AF00001222146504601F051FE84F80C90BDE889
:105B0000F08700002025303278000000202020009F
:105B10007C0000002563000020000000064910B54D
:105B200000200870054800F0E1F8002803D104487F
:105B300000F012FA002010BD8C0A0020189C000012
:105B40006C90000002480349401AC00870470000EA
:105B5000189C0000789B000013B56846FEF750FAC9
:105B600008B100201CBD0248009950F831001CBD4E
:105B7000789B000070B508480125D0F810440570E6
:105B800007E0E06845712168204649688847E06879
:105B90000468002CF5D170BD8C0A00202DE9FF4768
:105BA00081460C9D00200C462F7B28739846164694
:105BB0002946184601F010FE072E42D2DFE806F013
:105BC00004090F161F2A360049462846FFF71AFB1C
:105BD00037E0494628462268FFF714FB31E0D4E954
:105BE000002349462846FFF70DFB2AE0A0680090F5
:105BF000D4E9002349462846FFF704FB21E0D4E915
:105C00000201CDE90001D4E9002349462846FFF707
:105C1000F9FA16E004F1080007C88DE80700D4E996
:105C2000002349462846FFF7EDFA0AE004F1080090
:105C30000FC88DE80F00D4E9002349462846FFF736
:105C4000E1FA00222946404601F0A8FD2F73BDE885
:105C5000FF872DE9F041058A80462D1F4819C01C99
:105C6000B0FBF5F0C6B24046FEF798FD041E19D011
:105C70000020207101206071E58000272546761EF6
:105C8000C4F800800BE04046FEF788FD60B1617902
:105C9000491C6171286005467F1CC0F80080B7422E
:105CA000F1D32046BDE8F081204600F002F8002044
:105CB000F8E72DE9F041457901466B1E002201E02D
:105CC0000968521C9A42FBD30F680146002605E082
:105CD00038460C68FEF781FD2146761CAE42F7D3AC
:105CE000BDE8F0810121001DFEF736BDFEF78ABD3B
:105CF00010B504460121001DFEF744FD10F0FF0F12
:105D000004D12046BDE81040FFF7D3BF10BD1CB53D
:105D100001920122009201AAFEF732F91CBD1CB5C6
:105D200001920022009201AAFEF72AF91CBD000090
:105D300002494058002800D0012070470050004020
:105D4000024A00218150BFF34F8F7047005000403E
:105D50000449D1F80413014201D00120704700200A
:105D60007047000000500040C02903D0E9B18029ED
:105D700002D00DE040210BE010F8012B10F8013BA0
:105D8000120442EA032210F8013B1A430F4B1A6037
:105D900010F8012B10F8013B120442EA032210F81C
:105DA000013B1A43094B1B1F1A600268C07812BAE4
:105DB00022F0FF0202430548083802600348083019
:105DC000026822F0C0020A43026070479855004002
:105DD00030B4016809B129201BE012490A78124C3D
:105DE000302A03D00A78A22A0AD00CE06568002D78
:105DF00016D04368A068AC4630BC0A4A022160470E
:105E00004068062808D008785028E4D10120207086
:105E1000282030BC00F078BB30BC044800F0C2BB86
:105E200030BC7047180F0020FC0100208490000057
:105E300008B500F1804001460068002220B1012031
:105E40000A600968009108BD104608BD00688068B6
:105E50007047006800218160704700002DE9F04F15
:105E60008146806889B0D0F84801C0F3400038B15D
:105E700009B04846BDE8F04F00221146FEF796BF34
:105E8000012907D909B04846BDE8F04F1DA20221FB
:105E9000FEF764BF2049DFF884B0A1EB0B001821A6
:105EA000B0FBF1F8002526E005EB45010BEBC10442
:105EB0002068D4E9026A8768204600F03FF8642130
:105EC000794364224243B1FBF6F1B2FBF6F2636917
:105ED000247CACB112A400BFCDE90664CDF800A0CB
:105EE0000597CDE90120CDE90361104A0821484614
:105EF000FEF734FF6D1C4545D6D309B0BDE8F08FE1
:105F00000BA4E9E742616420617267756D656E7488
:105F100020636F756E740000000000000000000038
:105F20004E6F206F766572666C6F77007099000017
:105F30004F766572666C6F770000000010B50446FE
:105F40000020FCF7C1FB204601F09EFC0446002027
:105F5000FCF7BCFB204610BD82680021916082687E
:105F60001161826851618268D16082685160806885
:105F70000160704708B5002242504058009008BDAB
:105F800008B5002242504058009008BD40580028F3
:105F900000D00120704708B50022425040580090C0
:105FA00008BDD0F80403084000D0012070474058D5
:105FB000002800D00120704708B500224250405808
:105FC000009008BD10B502F05BFA8020FDF78EFB53
:105FD000817B0124032902D00068002809D1802098
:105FE000FDF77EFB8440E143BDE81040014800F02E
:105FF000A3B810BD6400002002064FF0010100F0BC
:106000000F0001FA00F101D5044801E00348001D2A
:106010000068084000D00120704700001075024061
:1060200070B5054602F02CFA2846FDF75FFB817B30
:106030000124032902D00068002809D12846FDF771
:106040004FFB8440E143BDE87040024800F074B863
:1060500070BD00006400002038B5054602F010FA5B
:106060002846FDF743FB817B0124032902D0006809
:1060700048B11AE02846FDF733FB8440E1430D4860
:1060800000F05AF811E02846FDF72AFB8440E1436E
:10609000084800F051F808480649006900900C399A
:1060A0008DF80250496868468847BDE8384002F0DC
:1060B000F5B9000064000020008C0000024940583F
:1060C000002800D0012070470070024010B504463F
:1060D000FFF7F4FF002806D0034900226250BFF307
:1060E0006F8FBFF34F8F10BD0070024003490860EF
:1060F000BFF36F8FBFF34F8F7047000000740240F3
:1061000002480068002800D0012070472C7502402A
:106110000449084401210160BFF36F8FBFF34F8F23
:10612000704700000070024002480068002800D05C
:10613000012070470004014008B56A46FAF783F869
:1061400008BD000009480168012011F0010F06D1C7
:106150004FF0E021C02281F800248431C867044A4E
:1061600001211160034908707047000000E100E060
:10617000180500403400002010B54FF48070FEF781
:106180005AFF01208107C1F80403086010BD000018
:10619000012010B58107C1F808030002FEF74BFF8C
:1061A00007490120086007494FF001100A6802F012
:1061B00001128242FAD004490020487110BD00004B
:1061C000040000400C04004038000020064902464C
:1061D00000200B790BB1852070470A6001220A71FB
:1061E00000224A71704700003800002070B54FF45B
:1061F00080763046FEF718FF114CB50560B1304689
:10620000FEF719FF0120C5F80803607920B90120C5
:1062100060712168002088474FF482763046FEF78F
:1062200003FF00280AD03046FEF705FF0220C5F81C
:1062300008032168BDE870400120084770BD0000D8
:106240003800002010B54FF48270FEF7F4FE0220F3
:106250004107C1F8040302490120086010BD000095
:10626000080000400121B1EB507F01D101207047AF
:1062700000207047104810B503780021021D33B18B
:1062800001701172BDE81040032000F07BB8517A14
:10629000002910D0917A00290DD0084A01211160FF
:1062A00001700548001D00F0FFFA0348BDE81040EA
:1062B000001D00F029BB10BD700000200050004000
:1062C000074901200860074A014608320548116065
:1062D0000549C0F804130421C0F8041370470000F6
:1062E00004540040005000408200080070B505468C
:1062F000FEF7C0F828681D4C40281DD00DDC04288E
:106300001FD0102830D11A4800F04CF96568002DD4
:106310002AD000231A46032119E080281CD0B0F5AA
:10632000002F21D1124800F03DF96568002D1BD0E7
:1063300000231A4619460AE0281DBDE87040FFF701
:1063400047BD6568002D0FD000231A460121A068C3
:10635000AC46BDE8704060472879002804D1207819
:10636000002801D00020207070BD0000FC0100203A
:106370008490000002480068800700D00120704728
:106380003C54004031B5214984B0087A002826D118
:106390009DF81000032807D1FFF7ECFF08B1022099
:1063A00000E001208DF810009DF81020002001254C
:1063B000174C012A15D0022A11D1627A002A0ED177
:1063C000487288720D72114800F06EFA0F4800F0A2
:1063D0009BFA65720220009014E06846884705B079
:1063E00030BD617A0029FAD00A4A0A49083215609C
:1063F0004FF48F62C1F808236072042000900120DE
:1064000000F01CF861680029E7D1E8E7740000207B
:10641000B00600200050004010B5B0F5A07F09D1B3
:10642000054901208872084600F060FABDE8104076
:10643000FFF720BF10BD000074000020044908B120
:10644000881403E00348C068C0F313000860704775
:1064500008550040B0060020FEB5254C217A09B150
:106460000820FEBDD0E900102160606021490320B2
:10647000086020489430016821F01F0141F00401B8
:1064800001600520FAF772FF1B49C02081F8000463
:1064900001252020491FC1F800011849184AD1E9F7
:1064A0000001CDE9010101A9164800F051FA0028C8
:1064B000D7D114480068D0F810050021C2B24FF4BB
:1064C0007A50FAF75BF80246012300210D48009547
:1064D00000F028FA0721684600F034F80646C0218B
:1064E0006846FFF741FC25722803E0603046FEBD98
:1064F000B00600200C55004005E000E0D08C000004
:10650000196400007400002010B501210B4C2928EB
:1065100001D0204409E00A48006810F0010F02D0C1
:106520000648283001E00548243001600120FFF7CB
:1065300085FF4FF48F60C4F8080310BD0050004081
:106540002054004030B5042905D0072903D00A297A
:1065500001D0092030BD124A1468121D1268104B78
:1065600008331B680470250A240C45708470D4B26B
:10657000C470042912D0150A0571150C120E45714C
:1065800082710A2902D0882C06D007E0C371190A4B
:106590000172190C417201E09921C170002030BDD7
:1065A00050040010094A416800881160111DC0F3B1
:1065B0000800086006480749008800F48C60C1F8AC
:1065C0000403044901201C31086070471055004045
:1065D000B006002000500040012110B1034A815054
:1065E000704703484172FFF745BE0000005000406D
:1065F000740000202DE9F04104460068884600251B
:1066000068B10020FCF760F84FF48670FFF790FB4C
:1066100040B10820FFF79CFB20B1112526E009209E
:10662000BDE8F081144F01263E61144A208861685C
:106630001160111DC0F30800086020884FF6FF713B
:1066400001EAC0000D49C0F30B000C310860111FB6
:10665000C1F800800020FFF7F1FE0948007800F043
:106660001800C7F8040304480C3006600020FCF74B
:106670002DF82846D4E70000005000401055004097
:10668000B00600200F490A780AB1852070470278C9
:106690000D4BC2F340021A600B4A0078083A00F032
:1066A0000100106009480068012210F0010F06D1B6
:1066B0004FF0E020C02380F800348430C2670A70B5
:1066C00000207047400000208005004000E100E00D
:1066D00070B54FF08040D0F80443204D600706D5D8
:1066E0004FF48470FFF7A4FB08B168688047A006E8
:1066F00007D54FF48A70FFF79BFB10B1A968002003
:106700008847600607D54FF48C70FFF791FB10B1F6
:10671000A96801208847200607D54FF48E70FFF73F
:1067200087FB10B1E96800208847E00507D54FF4E2
:106730009070FFF77DFB10B1E96801208847A00544
:106740000AD54FF49270FFF773FB002804D0E96874
:10675000BDE870400220084770BD000040000020E6
:106760004FF080414FF46070C1F8080370474FF05C
:1067700080414FF46070C1F8040370470349002260
:10678000CA600068002800D0C86070474000002040
:1067900001490020C86070474000002070B50D46D8
:1067A00001F066F804000FD00020FBF78DFF207980
:1067B00020B10020FBF78AFF112070BD0120256069
:1067C00020710020FBF782FF002070BD10B501F0A2
:1067D0004FF8002802D000210160017110BD0000B7
:1067E000016801220A604079024A00EB4000022160
:1067F000115470476800002030B54379204C44F8AC
:1068000023204279231F02EB42029A5C0AB108203E
:1068100030BD90F904208C78002A4FEA441404DB40
:1068200002F1E02282F8004405E002F00F0202F1DA
:10683000E02282F8144D90F904200124002A09DB9B
:1068400002F01F0504FA05F55209920002F1E02258
:10685000C2F8005102680D88C2F8085545790A79D6
:1068600005EB45051D446A704279C97802EB420286
:106870001A449170407900EB40001C54002030BD58
:106880006C00002070B50E4605464FF4807101245F
:106890000068FFF76FFB2868C0F84443002E02D061
:1068A0002868C0F8044370BD00680121C1607047CA
:1068B0002DE9F04106460D464FF480340068174636
:1068C000AC404BB14FF4A07101EB8501FFF758FBD1
:1068D0003068C0F8044301E0C0F80843306800EBBA
:1068E0008500C0F84075BDE8F08100000268012114
:1068F00011610079034A00EB400002EB8000017255
:1069000070470000C0060020016801220A6000797B
:10691000034A00EB400002EB800002210172704745
:10692000C0060020F0B40468049E40F20115D4F8BB
:1069300000728D40AF43C4F800720468D4F800526E
:106940001D43C4F800523346F0BCFFF7B1BF00004E
:106950002DE9F04104460E4600792C4900EB400039
:1069600001EB8007387A10B10820BDE8F0813A6069
:10697000706800254FF4A078786006E008EB850188
:106980002068FFF7FDFA6D1CEDB26079A842F5D8DA
:106990002068F17840F3073000284FEA411104DB0A
:1069A00000F1E02080F8001405E000F00F0000F195
:1069B000E02080F8141D2068012140F307300028F2
:1069C00009DB00F01F0201FA02F24009800000F129
:1069D000E020C0F8002120687278D0F8043562F316
:1069E0000103C0F804352068B278D0F8083562F3A6
:1069F0000103C0F8083520683278D0F8103562F30A
:106A00000303C0F8103539720020AEE7C00600203D
:106A10000149024801F00CBB28040020002000407E
:106A20002DE9F0410546007916460F4600EB40017E
:106A30002D4A01EBC00102EB810494F82A1011B138
:106A40000820BDE8F081294951F820102868FFF797
:106A5000A5FE08B11120F4E739462846FBF74AFEA7
:106A600066603869206030004FF001062FD03F7F0C
:106A70004FF48E712868FFF78EFA4FF4A2712868E0
:106A8000FFF789FA28681A49C0F8041328684FEA02
:106A9000471140F30730002804DB00F1E02080F8C4
:106AA000001405E000F00F0000F1E02080F8141D54
:106AB000286840F30730002809DB00F01F0106FAC0
:106AC00001F14009800000F1E020C0F800112868C1
:106AD0000421C0F800150020A061E06184F82900BD
:106AE00044F8140FA675ACE728040020F88B0000CA
:106AF000800002002DE9F05F054600790B4600EBAF
:106B0000400101EBC000244901EB8004284600F05D
:106B100045F810B11120BDE8F09F62614FF0000907
:106B2000C4F82090A36084F828904FF48E784E46E5
:106B300041462868FFF72FFA28684FF0010AC0F88D
:106B400008A02146286801F003FA606808BBD5F860
:106B500000B067690FE000BF94F8280008B10F2665
:106B600015E041465846FFF711FA0028F4D02146B7
:106B7000584601F0EDF9206AB842F2D35746414633
:106B80002868FFF703FA0028F9D02868C760C4F81E
:106B900014903046BFE7000028040020007900EB85
:106BA000400101EBC000044901EB8000406900286E
:106BB00000D0012070470000280400202DE9F04794
:106BC000044600794FF0000900EB400101EBC000E2
:106BD000284901EB80072068C0F800957868B0B1BB
:106BE00020682549C0F80813206840F307300028C2
:106BF0000DDB00F01F02012191404009800000F1EF
:106C0000E020C0F88011BFF34F8FBFF36F8F206873
:106C1000D0F80C25D0F81485D0F80865D0F81055B8
:106C20004FF0FF31C0F81415C0F80C152068C0F8FB
:106C30000815C0F81015501C02D01046FEF71AFCBB
:106C4000B8F1FF3F02D04046FEF714FC681C02D0AA
:106C50002846FEF70FFC701C02D03046FEF70AFCF7
:106C60002068FFF7B3FD87F82A90C7F80490BDE8C5
:106C7000F087000028040020840202000149024835
:106C800001F084BA54040020002000402DE9F041B6
:106C90000546164600790F46154A00EBC00102EB87
:106CA000810494F8201011B10820BDE8F081114949
:106CB00051F820102868FFF771FD08B11120F4E7A2
:106CC00039462846FBF751FD6660386920601EB1E1
:106CD000397F2846FCF786FF28680821C0F8001590
:106CE0000020A061E0616061012184F82010DCE7F0
:106CF00054040020FC8B00002DE9F04704460E46AA
:106D00000079274900EBC00001EB800517463046AB
:106D1000FFF7A8FA30B1204600F044F820B1112066
:106D2000BDE8F0871020FBE76F61AE604FF490770D
:106D30004FF0000839462068FFF73EF94FF4AC7673
:106D400031462068FFF738F92068AA686969C0F8F9
:106D50004425C0F8481520684FF00109C0F8089094
:106D60006868D0B9BA4651462068FFF720F907464F
:106D700031462068FFF71BF90743F4D010B14FF0FC
:106D80000F0808E02068C0F80C9031462068FFF733
:106D90000EF90028F9D0002068614046C0E70000E5
:106DA000540400200079054900EBC00001EB80008D
:106DB0004069002800D001207047000054040020E2
:106DC0002DE9F047064600793D4900EBC00001EB94
:106DD0008005346868680127A8B13A49C4F80813E7
:106DE000306840F3073000280DDB00F01F0107FA80
:106DF00001F14009800000F1E020C0F88011BFF3EC
:106E00004F8FBFF36F8FD4F8000220F02000C4F83A
:106E10000002A8694FF4A27820B141462046FFF74E
:106E2000CBF867604FF4AC7949462046FFF7C4F8C9
:106E3000E760474649462046FFF7B9F80028F9D0F1
:106E4000A86928B139462046FFF7B1F80028F1D0EB
:106E50004FF0000AC4F800A53068D0F80C25D0F82F
:106E60001495D0F80885D0F810754FF0FF31C0F8B0
:106E70000C15C0F814153068C0F80815C0F81015C6
:106E8000501C02D01046FEF7FEFAB9F1FF3F02D0C7
:106E90004846FEF7F8FA781C02D03846FEF7F3FAB7
:106EA000B8F1FF3F02D04046FEF7EDFA2046FFF76B
:106EB0008DFC85F820A0C5F804A0BDE8F08700008F
:106EC000540400201003420003490248C1F804039F
:106ED00070470000041480010070024030B54C6817
:106EE0009C4204D2002545600968016007E04360C8
:106EF0000D68E41A05604C600868184408609A42FE
:106F000002D10CB1012030BD002030BD10B500F021
:106F10001FFB0949D1F80403C1F808030749002001
:106F20000860BFF36F8FBFF34F8F01F0A9FA0449D8
:106F30000120087010BD0000007002400075024082
:106F40005800002070B54FF40060FFF7CFF801F053
:106F50004FFB00F0C1F908B101F068FC4FF0805020
:106F60000025D0E94C1008290AD1124940F2E370FB
:106F700008604020091D0860BFF36F8FBFF34F8F7B
:106F80000D49802008600C490020143108600B4C2A
:106F900040F2FF10C4E9020501F072FAA570022068
:106FA000207000F099F9002803D0BDE8704001F08E
:106FB00057BC70BD007802401C750240580000208C
:106FC00001F060BB10B5044601F05CFB21064FF0F8
:106FD000010004F00F0200FA02F001D5084901E0B7
:106FE0000749091D0A6882430A60BFF36F8FBFF328
:106FF0004F8F204600F0E0F80249C1F8080310BDA9
:10700000107502400070024005490860BFF34F8FC1
:1070100040F480700860BFF36F8FBFF34F8F7047ED
:107020000C75024070B5044600F0C6F81A49C1F864
:1070300004032046FEF7E0FF00282BD104F00F01E7
:1070400022064FF0010505FA01F001D5134A01E0CF
:10705000124A121D136803431360BFF36F8FBFF30F
:107060004F8F200716D0200614D4082912D20020F2
:10707000FBF72AFB204600F0BDFA2046FCF730FB68
:1070800085400748C168A943C160BDE87040002041
:10709000FBF71CBB70BD0000007002401075024081
:1070A00058000020FEF7A8BF2DE9F0410E46074624
:1070B000FCF716FB05460020FBF706FB144C3807CF
:1070C00004D1A078874201D010241BE02089E16818
:1070D000C04380B20843012101FA05F5284201D0DE
:1070E00011240FE03846FCF701FB00218160326873
:1070F0000260726842608173E0680543E5600C4697
:1071000001F0C8FB0020FBF7E1FA2046BDE8F08162
:107110005800002010B5FCF7E9FA808910BD10B5C1
:107120000C46FCF7E3FA848110BD0000044940F4EA
:1071300080700860BFF36F8FBFF34F8F7047000000
:107140001875024000F00F01082901D30020704794
:10715000020607494FEA007001EB906002D5D0F8B3
:10716000200401E0D0F844040128EFD1704700006A
:107170000070024010B50446000606D42046FFF712
:10718000E1FF10B1204600F035FA03480460BFF378
:107190006F8FBFF34F8F10BD18750240010601D5E8
:1071A000044901E00349123100F00F0031F81000EA
:1071B00070470000988C0000010601D5044901E0E9
:1071C0000349093100F00F00095C01208840704735
:1071D000BC8C00002DE9F0470D460646FCF780FA0E
:1071E00080460020FBF770FA254C300704D1A078C8
:1071F000864201D0102433E02089E168C04380B288
:107200004FF00109084309FA08F7384201D0112468
:1072100026E03046FCF76AFA06F00F01330601EB70
:1072200041014FF0000225D5164B03EB81012B687D
:10723000B9EB537F2B7A4FEAC37302D1B3B1124B30
:1072400001E0ABB1114B036068CD81E86800C0E993
:1072500001128273E0680743E760002401F01AFB23
:107260000020FBF733FA2046BDE8F087084BEAE739
:10727000084BE8E7034B6C3303EB8101064BE2E775
:107280005800002098050020B173000049730000E9
:107290008D7300000D730000DD6E000000F00F0024
:1072A000082805D305480068C10300D500207047B1
:1072B000034901EB8000D0F8A0047047C07402407D
:1072C000007002404FF08051D1E94C01082801D0F4
:1072D00000207047012070474FF08050D0E94C21CA
:1072E0000020082A03D10122002900D91046704746
:1072F0004FF08051D1E94C01082801D0002070479F
:107300000120704700487047700600202DE9F041C9
:107310004D680C4E07460C46954200D915462A4644
:1073200030462168F9F747F9C7E900656068401BF6
:1073300060602068284420606068002800D0012038
:10734000BDE8F081700600202DE9F0414C680E4F39
:1073500006460D46944200D9144634B122463846BA
:107360002968F9F728F9376001E00020306074607F
:107370006868001B686028682044286014B10120F8
:10738000BDE8F0810020FBE7700600204B689342C7
:1073900000D913460A68C0E900234868C01A48604B
:1073A0000868184408604868002800D00120704729
:1073B0004B68934200D91346002B0ED0D1F8002021
:1073C000C0E900234868A0EB03004860086818443F
:1073D000086005D04FF0010070474FF00002EFE762
:1073E0004FF00000704700000149002048707047CE
:1073F000580000202DE9F0411C490A7812B10820FC
:10740000BDE8F0814860012000240870460225464E
:1074100044F0800707F00F00082801D3314600E050
:1074200040213846FFF77BFE3846FCF75FF985734D
:10743000641C0560E4B28560092CE9D35FF00004A8
:1074400004F00F00082801D3314600E04021204617
:10745000FFF765FE2046FCF749F98573641C05605B
:10746000E4B28560092CEBD30020C9E75800002066
:1074700003480078022801D301207047002070479C
:107480005800002002480078002800D001207047F2
:107490005800002001488078704700005800002004
:1074A0005020FEF735BE4C20FEF732BE00210160B1
:1074B00041601149096801700F49091D096841704F
:1074C0000D49083109680C4A0C32126841EA022160
:1074D0004180094910310968074A1432126841EAAB
:1074E00002218180044918310968034A1C3212685C
:1074F00041EA0221C1807047807402405420FEF7A7
:1075000007BE00000C4A002151700C4900B10C4923
:107510000C48C0F804130C49C02081F800040A4A42
:1075200001208021233AC2F8001108490860BFF306
:107530006F8FBFF34F8F7047580000200714C001B2
:107540000714E0010070024027E000E004750240EB
:1075500070B50E4D8024C5F880422720F9F7F2FE61
:10756000002812D001F00EF9094900200860BFF38D
:107570006F8FBFF34F8FC5F88041BFF34F8FBFF3BD
:107580006F8F0449401EC1F8080370BD04E000E09D
:10759000047502400070024010B500242046FBF73D
:1075A00093F80C48407878B101F0ECF80A4801688B
:1075B000890509D4094901220A600068800502D5BD
:1075C0000020086000E001240020FBF77FF820463F
:1075D00010BD000058000020007402402C750240CD
:1075E00003490248C1F808037047000004148001F1
:1075F0000070024010B504460020FBF765F82046F5
:10760000FCF76EF8012181400B4882688A43826052
:1076100004F00F00082809D2084A002102EB80007C
:10762000C0F8A014BFF36F8FBFF34F8FBDE81040B9
:107630000020FBF74BB8000058000020007002400B
:10764000024800214160017070470000580000208E
:1076500010B500242046FBF737F80F48407880B17A
:10766000FEF74EFD68B10D49002008600124FFF7C8
:1076700029FE30B10A490B68094AC02014322BB1E7
:1076800010600020FBF722F8204610BD49F2753348
:107690000B6010600B60F4E7580000202C7502406E
:1076A00000EC064003490860034801680029FCD04B
:1076B0007047000004E5014000E401402DE9F84F67
:1076C000314F05464FF001090024381990F9601038
:1076D000491C46D090F86000294620F0C00630468C
:1076E000FDF7A8F870B3204600F050F882466846CF
:1076F0000096FDF74BFF009900EB8100D0F80007E2
:10770000C0F30148B8F1020F1DD002213046FDF749
:10771000F5FE68460096FDF739FF009A09FA02F176
:10772000C0F820153046FBF743FD57F820204AB13A
:107730005046BAF1030F11D0B8F1020F05D0B8F1DD
:10774000030F07D00DE00321E0E75046BAF1010F27
:1077500004D006E05046BAF1020F02D1014630468D
:107760009047641C042CB0D32A4602210020FDF768
:10777000DDFE002055F820100029A5D1401C02286C
:10778000F8D3BDE8F88F0000BC030020024908448C
:1077900090F8600080097047BC03002010B50C46CB
:1077A000017A052908D0407A38B1084808A1026852
:1077B0002046FDF727FD00E01AB106A12046FDF79F
:1077C00021FD2046BDE81040FDF729BDA0010020A5
:1077D000257300000D0A000038B5C3880D46044625
:1077E00033B114A0009015A216A12846FDF70AFD9A
:1077F000217A05291CD0607A48B1A088FDF7D8FF0E
:10780000164951F8202016A12846FDF7FBFCA08858
:107810000021FEF7A1F903461049207A143951F8E6
:10782000202001B02846BDE830400EA1FDF7EABC9B
:1078300038BD00001B5B306D000000001B5B313B5E
:1078400033316D0025734C6F67732064726F7070F5
:107850006564202825642925730D0A00A0010020F5
:10786000257300003C25733E2025733A200000005C
:107870000349884201D10348704700207047000047
:10788000002000405000002001680A6849689142C9
:1078900001D3881A70478068801A0844401C7047DA
:1078A00030B5042819D10D48002401228168491CF3
:1078B0008160C5686D1CC56003695B1C0361B1F51F
:1078C000806F01D384600270B5F5007F01D3C4607E
:1078D00042700A2B01D30461827030BD0400002085
:1078E00070B5054688690C4600284FF48471284617
:1078F0000AD0FEF750FBD5F81805626AE168885493
:10790000606A401C606270BDFEF745FBD5F8180543
:1079100070BD1FB501238DF80030CDE90121D0E9FC
:107920000012684690471FBD1FB501238DF8003037
:10793000CDE90121D0E90012684690471FBD000043
:1079400070B50D4C0020D2B22070201D0B4D037875
:10795000EB5C1BB1001DFFF7CFF902E00C30FFF725
:10796000C9F808B1FAF71EF86078002802D021782B
:107970000029FAD070BD0000500100202000002036
:10798000002070472DE9FE4F08790C46012804D0ED
:10799000022809D0032875D162E0B4F80700002856
:1079A0005CD01222384967E0B4F80700002855D0AF
:1079B000092800D90920814609264FF00008FAF766
:1079C0005FF905464FF0000A16E00027CDF800A049
:1079D00000E07F1C686801230022D0F804C029461B
:1079E0006846E0470028F4D1297A3E4401EB0800BC
:1079F00000F0FF0828680568002DE6D102A8FAF714
:107A00009DFA214905464A461231F8F7D4FD85F81A
:107A100004806E80FAF760F918B1E87940F0200030
:107A2000E871FAF72DF90146184880E82202B4F807
:107A30000710C1600020FAF747FE1349802008397B
:107A4000FAF7BEFA040005D10F4980201039FAF781
:107A5000D1F904460020FAF739FE2046BDE8FE8F32
:107A6000B4F807000028F9D0E078B4F80510FAF768
:107A7000EDFD010006D00A7803B0601CBDE8F04FB0
:107A8000FAF72CBA0620E9E7BC8D0000C0080020F8
:107A900038B54A7812F0600F36D13B4C12064FF0E1
:107AA000000533D58A7822B1062A15D0082A2BD1B1
:107AB00016E00B466846FAF741FA01460580007861
:107AC00040F00100087062785208D20702D040F0FE
:107AD00002000870022213E0BDE83840FFF752BFF1
:107AE0000B466846FAF72AFA01462078052802D0A4
:107AF000042803D008E00120087000E00D70012286
:107B0000581CFAF7EBF938BD062038BD88780A28EA
:107B1000FAD2DFE800F00511050605050505052088
:107B2000F2E7B1F803000128EED1FAF7D5F880B1F9
:107B3000607840F0020009E0B1F803000128E3D1C9
:107B4000FAF7CAF828B1607820F0020060700020CF
:107B500038BD0F2038BD2078052803D0042801D077
:107B6000082038BDC87818B1012805D0072038BDD5
:107B7000F9F734FF042002E0F9F746FF052000F092
:107B8000F1FB284638BD0000B0000020F8B50546DE
:107B9000407810F0600F3FD120486C79A9780078C8
:107BA00021B1012923D0032936D111E0052801D0C4
:107BB000200727D16846FAF7C1F906462046FFF7A5
:107BC000C1FA308002223146681CFAF787F9F8BD05
:107BD00004F00F0108291FD2B5F80310E1B92107FD
:107BE0001AD005280ED12046FFF7A0FA12E004F0C3
:107BF0000F01082910D2B5F8031069B921070BD07D
:107C0000052801D00820F8BD2046FFF7FDF92046E1
:107C1000FFF7B0FA0020F8BD0620F8BDB000002044
:107C2000FEB54B784FF006021D06C3F3411439D55B
:107C300014B1012C1FD120E0054603F01F000C46B3
:107C4000012818D1A078062815D10020019002A89B
:107C5000FAF774F9064601A80090E27821793346D4
:107C60002846F9F7ADFF052805D03146601C019A7A
:107C7000FAF734F9FEBD0620FEBD0B460068897890
:107C80000C30212903D1B3F80710072901D0104681
:107C9000FEBD03B00722BDE8F04000F10C01581C06
:107CA000FAF71CB9002CF2D0012CE4D103B0BDE8E6
:107CB000F04000F045B80000F8B50B465178064694
:107CC000144611F0600F25D11C480906A1780078F0
:107CD0001ED511B10A291DD109E005281ED168461B
:107CE000FAF72CF901460020088002220CE0052852
:107CF00014D16846FAF722F9054619463046FAF7D4
:107D0000A2FB287001222946601CFAF7E7F8F8BDAB
:107D10000B2901D00620F8BD052801D00820F8BDA8
:107D2000B4F80300FF2801D90720F8BDD27819461E
:107D30003046BDE8F840FAF763BB0000B000002011
:107D4000F0B505460468887800260C3487B02028F2
:107D500002D0222828D124E0B1F80720072A23D115
:107D60002070C8796070A01C039604960290607819
:107D700003900020FAF7A8FC02A90020FAF746F9C0
:107D8000040008D11D4869460068CDE900050020BF
:107D9000FAF730F804460020FAF798FC204607B0BE
:107DA000F0BDB1F8070008B10620F8E7207DB1F872
:107DB000031000F0010001F00107A182B8421AD0BF
:107DC0000FB1022100E00321284600F0C7FD97B95A
:107DD0002846FBF769FCFFF7F3F82846FBF76DFC34
:107DE000FFF7EEF8A6612662E6662667666704F18D
:107DF0002800A667A0660020D1E70000708D000073
:107E00002DE9F84F074622489146884605681E46E8
:107E1000012269461846FAF7EBFCDFF878A060B358
:107E2000009800210446801C0AE000BF00EA050219
:107E300059F821C00AEB8202401C491CC2F80CC050
:107E4000B142F3D34FEA1749FBF740FC611C2940CC
:107E50000AEB810149EA00422C40CA600AEB840126
:107E6000C86867F3C50066F3891068F39F2020F0A7
:107E70000300401C20F00400C8609AF8000001E0F4
:107E8000FDF7BCFC0028FBD1FBF765FFBDE8F88FD0
:107E9000700100208C0A002070B50546FAF7FAFB45
:107EA000124C06462078FAF7F5FB86420AD028469F
:107EB000FAF7F0FB20B104F11C00FDF7DBF801E05C
:107EC000FDF7C2F82846FAF7F2FB06462078FAF7E3
:107ED000EEFB864208D02846FAF7E9FB10B1FEF720
:107EE000F3FF01E0FFF77CFB257070BD80000020F0
:107EF0002DE9F04115460E460446FBF72BFB78B9F9
:107F0000A068FA21077D90F816802046FBF7B4FBA5
:107F1000FA212046FBF7ECFA2046FBF71BFB10B1D9
:107F20000620BDE8F081A068007D3070A068807DEB
:107F300028703078C01BC1B22046FBF7F9FA2978C7
:107F4000A1EB0800C1B22046FBF7A2FB0020E8E746
:107F500070B50C4605464FF48E71FEF71CF8216A89
:107F6000A068415C206A401C2062C5F81C1570BDE9
:107F70001FB500228DF800200291816801914261B5
:107F8000D0E90012684690471FBD1FB500228DF84A
:107F900000200291816801914261D0E90012684697
:107FA00090471FBD1FB50A4601788DF80010416843
:107FB0000191017A8DF80810C0680390044850F8C8
:107FC0002210083850F82220684690471FBD000054
:107FD0002C0000200149012008707047500100204A
:107FE00010B588B0044620220E496846F8F7E3FA37
:107FF00006200090C01F0190029003904FF0EB709C
:1080000006900CB1084A00E0002269460748FDF7D7
:10801000C5F808B1F9F7C6FC0448001F447008B061
:1080200010BD00004C900000D57F000054010020DE
:108030002DE9FF470C4605464FF40071FDF7B1FFEF
:1080400001274FF40178002618B34FF4927949467E
:108050002846FDF79BFFE0B149462846FDF79BFF08
:10806000C5F8088394F8290000B96F6002208DF8E4
:108070000000D5F88004C5F880040390A069029040
:10808000E0680190A661E661D4E900126846904775
:1080900028E004212846FDF784FF18B34FF48471CB
:1080A0002846FDF773FFE8B121462846FFF718FC84
:1080B000616AA069884215D1E06938B1E268616AF5
:1080C000A0612069E6616662E06008E094F829003A
:1080D00000B96F60C5F80883A661E268616A20464E
:1080E000FFF717FC4FF48E7841462846FDF74EFF08
:1080F00080B16069216A814202D294F8280028B3D5
:1081000041462846FDF747FF606918B1616920467E
:10811000FFF72EFF4FF4A27841462846FDF736FFC1
:10812000002818D041462846FDF735FF94F829006D
:1081300000B12F60A06900280DD0A661E268616AD5
:1081400004B02046BDE8F047FFF7E3BB21462846D0
:10815000FFF7FEFEDEE7BDE8FF8700001FB50A4619
:1081600001788DF8001041680191017A8DF80810AE
:10817000C0680390044850F82210083850F82220B4
:10818000684690471FBD00002C0000202DE9FF41EC
:108190000C464FF4927705463946FDF708FF002656
:1081A000B8B139462846FDF707FF02208DF80000D8
:1081B000D5F88004C5F880040390D5F83C050290FA
:1081C000E0680190A661E661D4E900126846904734
:1081D00023E04FF4887739462846FDF7E8FEE0B102
:1081E00039462846FDF7E8FED5F83C15A0698842D7
:1081F00013D1E06960B1E268D5F8000220F02000F8
:10820000C5F80002E069A0612069E661E06001E074
:10821000A661E2682046FFF787FB4FF4A277394654
:108220002846FDF7C4FE68B139462846FDF7C4FE6E
:10823000A06938B1A661E661D5F83C152046E26830
:10824000FFF772FB4FF4907631462846FDF7AFFEFC
:1082500060B131462846FDF7AFFE0120E860606955
:1082600020B1D5F84C152046FFF78FFE4FF4AC76C1
:1082700031462846FDF79BFE00280ED031462846A1
:10828000FDF79AFE6069002807D0D5F84C1504B0B8
:108290002046BDE8F041FFF778BEBDE8FF81000051
:1082A0002DE9F05F8346DDE90A4A994690460D467E
:1082B0000846012703E000BFB0FBF8F07F1C4045F3
:1082C000FAD2B94500D94F465FEACA7012D18CB1D3
:1082D0005FEA8A7002D5B9F1000F01D0202607E0CD
:1082E000302605E031465846641EFAF7C7FA0CB14D
:1082F000A742F7D35FF00106B9F1010F02D9A9F146
:10830000010903E0B5FBF6F0404502D306FB08F691
:10831000F2E7DFF83C9000BFB5FBF6F000FB165526
:1083200019F800105846FAF7A9FAB6FBF8F6002E2D
:10833000F2D15FEACA7009D0002C07D0A74205D25B
:1083400020215846641EFAF799FAF5E7BDE8F09F38
:10835000F78F000002480068002800D00120704715
:10836000B800002007490A78824209D00870052821
:1083700003D0487820F0020048700348F9F7B8BEEF
:1083800070470000B0000020A88D00002DE9F04FDC
:10839000804648688BB092464FF001090C4628B9D8
:1083A00020680068006808B9A06850B100260996E6
:1083B000FEF7A8FFE76883465046574557D907465A
:1083C00055E04FF00009C8F80090C8F8049052E05A
:1083D000A068B84201D93D4600E00546616839B160
:1083E0000BEB06002A46F8F7E6F8002060600CE088
:1083F00058B121680BEB06022B464868D0F804C040
:1084000004F11000E04701200990A068A7EB0507E0
:10841000401BA060E1682E44A1EB0501E16005D19D
:10842000099A1AB1226812681268226009B1F0B97B
:1084300002E04FF000091AE0206800284FF0000029
:1084400001D0009009E060609EB1564511D24FF016
:1084500000090EE0A068401CA060216801230022F2
:10846000486845686846A8470028F3D12061002F76
:10847000AED1C8E900B60BB04846BDE8F08F0000A9
:1084800010B5FEF735FF002108B10248016002482F
:10849000C17010BD1C7C0240580000202DE9F04F37
:1084A0004D4E89B0F078002840D181464FF0010A46
:1084B00038E000BF10F0012F01D000F0012090FA49
:1084C000A0F0B0FA80F08046FAF78AF90446FBF78C
:1084D0000DF90546200605D5D5E90031AA8905A87C
:1084E000984726E02046FEF7D9FED5E9007183467D
:1084F0000346AA8905A8B8470599D1B1069A5A45F5
:1085000017D20220A8730AFA08F0C14332480C308F
:10851000FDF712FE3148006B00908DF80240716843
:1085200068468847D6E902100840C3D109B0BDE8C3
:10853000F08F08B9C5F80090FEF7DAFE10B12849AF
:108540008220086086F803A0B1680AFA08F0814327
:10855000B160A868069923060844A860DDE9051003
:10856000204A04F00F030ED5082B03D31E4A1160D6
:10857000111D0DE003EB830302EB8302C2F800162A
:10858000C2F804060EE0082B04D3184A1160111D2E
:10859000086007E003EB830302EB8302C2F80017D5
:1085A000C2F80407200601D5042100E0282104F0C8
:1085B0000F0001EB8000FDF7ABFD4FF48075204606
:1085C000FEF7ECFDFDF77AFD0028AFD12846FDF758
:1085D00075FD0028F3D0A9E758000020008C0000AA
:1085E0001C7C024000700240A0760240A07702404E
:1085F00070B5FEF771FE08B100F018F9FEF762FEE3
:108600001D4C1D4E49F27535143C48B10020FAF757
:108610005BF82168C02031B330600020FAF756F8CB
:10862000164901200860BFF36F8FBFF34F8F144AC4
:10863000C00211680142FCD0FDF758FDFEF742FE72
:1086400048B10020FAF740F82168002079B1306085
:108650000020FAF73BF8FEF73FFE00280BD0BDE8FC
:10866000704000F0FDB8256030602560D5E72560DA
:1086700030602560ECE770BD14EC064000750240E8
:10868000007402402DE9F84307460020FAF71CF871
:108690003846FBF72BF80646374D38064FF00008F2
:1086A0004FF003094FF001041FD43846FBF718F8C8
:1086B000E96804FA00F0884303D03846FEF79AFFD1
:1086C00010E03846C6F80080FBF70AF8E96804FABB
:1086D00000F081433846E960FBF702F88440A8685F
:1086E000A043A86086F80E9040E007F00F0108292B
:1086F00016D2224B40F2B472181D802F07D002EB25
:10870000410119600168C9B241F0020104E01A6038
:108710000168C9B241F0040102680A4302600068BE
:108720003846FAF7DDFFD5E9022104FA00F061EAE4
:10873000020108421AD03846FAF7D2FFE96804FA73
:1087400000F081433846E960FAF7CAFF8440A86820
:108750000443AC600A48C6F8008086F80E900068B2
:1087600000908DF80270696868468847BDE8F84354
:108770000020F9F7ABBF000058000020007802404D
:10878000008C00002DE9F041104EB068040CF06838
:1087900024040443012712E094FAA4F0B0FA80F50F
:1087A0002846FAF71DF800F00F00082804D22846E2
:1087B000FAF716F8FFF766FF07FA05F08443002C76
:1087C000EAD140F2FF10B060BDE8F081580000200F
:1087D000F8B5144C05460126A0688E403043A060D1
:1087E000114F280612D52846FEF7D8FCFDF76EFC7F
:1087F00038B1802D03D02846FDF712FC01E0FDF7CB
:10880000E1FBE06806420BD1B86903E0E06806428C
:1088100006D1F86900908DF8025061686846884773
:10882000F8BD000058000020008C000010B50020AA
:10883000F9F74AFF08480368084A03212BB1116081
:10884000BDE810400020F9F741BF49F275330360DD
:1088500011600360F4E7000000EC064014ED0640F0
:1088600010B50020F9F730FF08480368084A0021D6
:108870002BB11160BDE810400020F9F727BF49F285
:108880007533036011600360F4E7000000EC0640FC
:1088900014ED064002498020C1F800027047000034
:1088A00004E000E01A491B4A10B5891AC9080322DE
:1088B000801E02EB01420D2828D2DFE800F02727B6
:1088C000272727270B171F2727270700BDE810405A
:1088D000F9F73CBB104610A1FDF7AAF8FEF7C8FD5A
:1088E000002813D1BDE81040F9F732BB10460FA1A4
:1088F000FDF79EF8BDE81040F9F79EBE104610A1A6
:10890000FDF796F8BDE81040F9F782BE10BD0000F3
:10891000109C0000789B000055534220706F7765D3
:108920007220646574656374656400005553422069
:10893000706F7765722072656D6F766564000000F8
:10894000555342207265616479000000024A126842
:10895000002A00D01047704774080020C269002A1E
:1089600000D010477047000002494968002900D034
:1089700008477047740800201CB5002913D082688E
:10898000127F8A420FD008A3D3E90023CDE9002348
:1089900001F12F028DF803208268117700696A4681
:1089A00003A1FCF72FFC1CBD1B5B34006D00000015
:1089B000257300001CB5826899B1D27E8A420FD01F
:1089C0000CA2D2E90032CDE9003201F12F028DF87C
:1089D00005208268D17600696A4608A1FCF712FC7E
:1089E0001CBDD176006902B0054ABDE8104003A164
:1089F000FCF708BC1B5B313B33006D0025730000A6
:108A0000BD8F000030B5A7B00C460546142224499E
:108A100015A8F7F7D0FD22491822143103A8F7F75B
:108A2000CAFD15A81E49089014222C311AA8F7F780
:108A3000C2FD1B491822403109A8F7F7BCFD1AA84E
:108A400017490E90142258311FA8F7F7B4FD1449A6
:108A500018226C310FA8F7F7AEFD11491FA84C3151
:108A60001490D1E90F01CDE9010124A8009003A9D8
:108A70006846FBF795FC002810D109A96846FBF76A
:108A80008FFC00280AD10FA96846FBF789FC002853
:108A900004D1224629466846FBF749FC27B030BD81
:108AA000088B000048656C6C6F20576F726C6421F6
:108AB000656E48616C6C6F2056657264656E214E00
:108AC0004F576974616A20C59A7769656369652142
:108AD000504C0000000006410000000000B00040C3
:108AE0000B000300200200205C8D00000200010644
:108AF00001020482810100000000010181010000E7
:108B0000193100000000002000000000B08A0000C1
:108B100002000000A48A00000C0000000100000018
:108B20000000000001000000789000007146000085
:108B30000000000000000000BF8A000002000000EA
:108B4000B28A00000D0000000100000000000000DB
:108B50000100000078900000714600000000000055
:108B600000000000D08A000002000000C18A00005E
:108B70000F000000010000000000000001000000E4
:108B80007890000071460000000000000000000026
:108B9000030000000000000000000000A5880000A5
:108BA0000000000000000000AC8B00002C910000D1
:108BB00034910000000000001134000030910000EA
:108BC0001C9100000000000035340000000000008F
:108BD0000000000000000000000000004C910000B8
:108BE0004C910000A48B0000000000000000000079
:108BF0000000005000030050116A00007D6C00006E
:108C0000060000030100000006000000060000004E
:108C1000060000000600000006000000060000013B
:108C20000500000002000000030000000400000036
:108C300006000002053A00008D39000005370000EB
:108C4000093700000F370000153700001B37000000
:108C500021370000273700002D370000AD38000015
:108C60003537000095370000F5370000FB3700006E
:108C700001380000073800000D38000013380000EC
:108C800019380000213800004139000091390000F6
:108C9000C93800006D38000008010C0110011401F2
:108CA00018011C01200124012C013001340138017C
:108CB0003C014001440148014C01500102030405FC
:108CC000060708090B0C0D0E0F10111213140000EB
:108CD000040000060000000040000000000000004A
:108CE0000000000000000000100000000000000074
:108CF000000000000000000000000800000000006C
:108D000000000000000000008000000000000000E3
:108D10000000000000000000800000000B81000047
:108D20008200000083000000840D0E030300000099
:108D30000B0000000C000000CC06002085000000A5
:108D400008000000090000000A0000002D250000B6
:108D5000000000000000000000000000F5280000F6
:108D60007D2900000000000000000000000000005D
:108D7000E12F000000000000C528000000000000F6
:108D8000C528000000000000F930000000000000CD
:108D900000000000000000000100000000000000D2
:108DA0000A000000000000000F00000081790000B0
:108DB000000000008D830000C008002012010002A6
:108DC0000000004015190F520001010203010902C1
:108DD0000000000104C032000D1D00000000000072
:108DE000000000000000000000000000D808002083
:108DF000D88D000001000203008000000000040381
:108E000009044E6F726469632053656D69636F6E08
:108E1000647563746F72006E52463532205553424A
:108E2000204344432044656D6F0044656661756C62
:108E30007420636F6E66696775726174696F6E0026
:108E40005573657220310000000101020203030422
:108E500004050500000000005C8E000098960000EC
:108E60008096000000000000A54A00009C960000CB
:108E70006896000000000000CF4A000000000000DB
:108E800000000000000000000000000000000000E2
:108E9000948E000098960000A0960000000000004C
:108EA000914B00009C960000FC9600000000000022
:108EB000BB4B0000000000000000000000000000AC
:108EC0000000000000000000CC8E00006897000049
:108ED0003C970000000000008549000070970000EA
:108EE0001097000000000000B549000000000000DD
:108EF0000000000000000000000000000000000072
:108F0000048F0000BC9700009C970000548E000066
:108F10003D4A0000B4970000789700008C8E000056
:108F2000F94A0000C49700008C970000C48E00002E
:108F300019490000000000000000000000000000CF
:108F400000000000000000004C8F0000109800009E
:108F5000CC97000000000000214D00000000000040
:108F60000000000000000000000000002898000041
:108F7000189800000000000091480000549800007C
:108F800030980000FC8E0000D54800006C9800006E
:108F90005898000000000000E54B00001499000004
:108FA00074980000448F00005D4C00000000000039
:108FB0001B37001B38002C20001B5B4A001B5B6D1D
:108FC00000082008001B5B4B00202D20001B5B4885
:108FD000001B5B366E001B5B324A00000000000085
:108FE0000338FDD870471B5B3F336C002D682C2085
:108FF0002D2D68656C70003031323334353637389A
:1090000039414243444546000000000010900000F2
:10901000409900001C990000000000005D5E000007
:109020000000000000000000000000000000000040
:109030004899000050990000089000005D5E000013
:10904000995700006D57000065570000FFFFFFFFB4
:10905000FFFFFFFFFFFFFFFFFFFFFFFF000000001C
:10906000000000000000D60106010000F409002005
:109070007F000000740A002054000102030405066A
:109080000708090010000000180F0020500400001D
:10909000ED620000004040404040404040404141BF
:1090A00041414140404040404040404040404040BD
:1090B0004040404040050202020202020202020257
:1090C0000202020202202020202020202020200254
:1090D00002020202020290909090909010101010E4
:1090E0001010101010101010101010101010101080
:1090F0000202020202028888888888880808080814
:1091000008080808080808080808080808080808DF
:1091100002020202400000009590000042535020DD
:109120006576656E742069640000000062746E00EC
:109130006576740042535020627574746F6E2065BA
:1091400076656E74206B65790000000062737000B4
:109150004461746120627573206572726F72202899
:1091600072657475726E20616464726573732069D0
:109170006E2074686520737461636B206672616D24
:1091800065206973206E6F742072656C617465640C
:1091900020746F2074686520696E737472756374CF
:1091A000696F6E20746861742063617573656420F3
:1091B000746865206572726F722900004461746181
:1091C00020627573206572726F722028504320767A
:1091D000616C756520737461636B656420666F7282
:1091E0002074686520657863657074696F6E20729D
:1091F000657475726E20706F696E747320746F2061
:1092000074686520696E737472756374696F6E201B
:109210007468617420636175736564207468652087
:109220006661756C7429000043617573653A20426C
:1092300075734661756C74206F6E2061207665636E
:10924000746F72207461626C652072656164206461
:109250007572696E6720657863657074696F6E20DA
:1092600070726F63657373696E672E005468652052
:1092700070726F636573736F7220686173206578B5
:1092800065637574656420616E2053444956206F90
:1092900072205544495620696E73747275637469FF
:1092A0006F6E207769746820612064697669736FD6
:1092B00072206F66203000005468652070726F6302
:1092C0006573736F722068617320617474656D706B
:1092D00074656420746F20657865637574652061BA
:1092E0006E20696E737472756374696F6E20746832
:1092F0006174206D616B657320696C6C6567616C6E
:1093000020757365206F6620746865204550535240
:10931000000000005468652070726F636573736F9E
:10932000722068617320617474656D707465642067
:10933000616E20696C6C6567616C206C6F61642084
:109340006F66204558435F52455455524E20746F06
:10935000207468652050432C206173206120726561
:1093600073756C74206F6620616E20696E76616C17
:10937000696420636F6E746578742C206F7220614D
:109380006E20696E76616C6964204558435F524572
:109390005455524E2076616C756500005468652006
:1093A00070726F636573736F7220617474656D7032
:1093B0007465642061206C6F6164206F7220737427
:1093C0006F72652061742061206C6F636174696FD6
:1093D0006E207468617420646F6573206E6F7420F2
:1093E0007065726D697420746865206F7065726154
:1093F00074696F6E0000000041204D656D4D616E17
:10940000616765206661756C74206F636375727245
:10941000656420647572696E6720666C6F6174693B
:109420006E672D706F696E74206C617A7920737429
:1094300061746520707265736572766174696F6EB0
:10944000000000004120627573206661756C742015
:109450006F6363757272656420647572696E6720EC
:10946000666C6F6174696E672D706F696E74206CC5
:10947000617A7920737461746520707265736572A6
:10948000766174696F6E00005468652070726F6356
:109490006573736F722068617320617474656D7099
:1094A00074656420746F20657865637574652061E8
:1094B0006E20756E646566696E656420696E73748E
:1094C00072756374696F6E00496E7374727563743C
:1094D000696F6E20627573206572726F7200000092
:1094E0005468652070726F636573736F7220686172
:1094F0007320617474656D7074656420746F20618D
:109500006363657373206120636F70726F6365734B
:10951000736F7200556E737461636B20666F722097
:10952000616E20657863657074696F6E2072657412
:1095300075726E2068617320636175736564206F56
:109540006E65206F72206D6F726520616363657355
:10955000732076696F6C6174696F6E730000000030
:10956000537461636B696E6720666F7220616E2051
:10957000657863657074696F6E20656E74727920AA
:1095800068617320636175736564206F6E65206F19
:1095900072206D6F726520616363657373207669F5
:1095A0006F6C6174696F6E73000000005468652011
:1095B00070726F636573736F7220686173206D6181
:1095C000646520616E20756E616C69676E656420EC
:1095D0006D656D6F72792061636365737300000060
:1095E000556E737461636B20666F7220616E2065C7
:1095F0007863657074696F6E2072657475726E2021
:1096000068617320636175736564206F6E65206F98
:1096100072206D6F7265204275734661756C74734C
:1096200000000000537461636B696E6720666F729F
:1096300020616E20657863657074696F6E20656E59
:109640007472792068617320636175736564206F3B
:109650006E65206F72206D6F726520427573466172
:10966000756C747300000000456E61626C65206368
:109670006F6C6F7265642073796E7461782E000070
:1096800044697361626C6520636F6C6F72656420FE
:1096900073796E7461782E006F6666006F6E0000DD
:1096A00044697361626C6520434C49206563686F4F
:1096B0002E204172726F777320616E642062757420
:1096C000746F6E733A204261636B73706163652CD3
:1096D0002044656C6574652C20456E642C20486FB1
:1096E0006D652C20496E7365727420617265206E01
:1096F0006F742068616E646C65642E00456E6162F3
:109700006C6520434C49206563686F2E00000000A3
:1097100047657420434C492073746174697374699C
:10972000637320666F7220746865204C6F6767658D
:1097300072206D6F64756C652E0000005265736554
:109740007420434C49207374617469737469637342
:1097500020666F7220746865204C6F6767657220A1
:109760006D6F64756C652E00726573657400000022
:1097700073686F7700000000546F67676C65204363
:109780004C49206563686F2E00000000434C49205F
:10979000737461746973746963732E00546F6767BF
:1097A0006C6520636F6C6F7265642073796E746191
:1097B000782E00006563686F00000000636F6C6FB7
:1097C00072730000737461747300000041737375E9
:1097D0006D65203830206368617273207363726531
:1097E000656E20776964746820616E642073656EAD
:1097F0006420746869732073657474696E6720747B
:109800006F20746865207465726D696E616C2E00DE
:1098100064656661756C7400436C65617220736386
:109820007265656E2E000000636C65617200000059
:1098300055736566756C2C206E6F7420556E697853
:109840002D6C696B6520434C4920636F6D6D616EB3
:1098500064732E00636C6900436F6D6D616E6420EC
:10986000686973746F72792E000000006869737400
:109870006F727900436F6E736F6C652067657473E8
:10988000207465726D696E616C2073637265656EBC
:109890002073697A65206F7220617373756D6573CB
:1098A00020383020696E20636173652074686520FC
:1098B000726561646F7574206661696C732E2049EE
:1098C00074206D75737420626520657865637574A6
:1098D00065642061667465722065616368207465E3
:1098E000726D696E616C2077696474682063686169
:1098F0006E676520746F20656E7375726520636F87
:109900007272656374207465787420646973706C16
:1099100061792E00726573697A6500005072696E14
:109920007420737461747573206F6620717565752A
:109930006520696E7374616E6365732E00000000AC
:10994000737461747573000071756575650000004E
:10995000436F6D6D616E647320666F722042414C7F
:109960004C4F43206D616E6167656D656E740000DC
:1099700025730D0A092D20456C656D656E74207385
:10998000697A653A0925640D0A092D2055736167C6
:10999000653A092575252520282575206F757420C1
:1099A0006F6620257520656C656D656E7473290D75
:1099B0000A092D204D6178696D756D3A0925752567
:1099C0002520282575206F7574206F662025752049
:1099D000656C656D656E7473290D0A092D204D6FD8
:1099E00064653A090925730D0A0D0A007761726EE4
:1099F000696E670064656275670000001B5B313B40
:109A000033306D001B5B306D000000001B5B313B91
:109A100033316D001B5B313B33326D001B5B313BDF
:109A200033336D001B5B313B33346D001B5B313BCB
:109A300033356D001B5B313B33366D001B5B313BB7
:109A400033376D00696E666F00000000636C6F63F2
:109A50006B000000434C4F434B0000004750494F00
:109A6000544500005052530055415254000000002C
:109A70005541525445000000555342440000000037
:109A8000525443004E4643540000000054494D4593
:109A9000520000006170705F627574746F6E000038
:109AA0006170705F74696D65720000006170705F55
:109AB00075736264000000006364635F61636D003E
:109AC0006170705F757362645F636F726500000040
:109AD000686172646661756C74000000636C695F34
:109AE00075617274000000007077725F6D676D744D
:109AF00000000000736F72746C69737400000000E2
:109B0000756172745F6C6F675F6261636B656E64D1
:109B100000000000617070002C9C0000000000201C
:109B2000200200009C0B0000E89C000020020020A6
:109B3000182D0000F013000000000000DC8B000076
:109B4000000000006C8F0000000000007C8F00000F
:109B5000000000008C8F0000000000009C8F0000BF
:109B60000000000030900000409000000000000065
:109B7000009B0000680100204C9A000000000000DB
:109B8000549A0000000000005C9A000000000000F1
:109B9000649A000000000000689A000000000000C5
:109BA000709A000000000000789A00000000000099
:109BB000809A000000000000849A0000000000006D
:109BC0008C9A000000000000949A00000000000041
:109BD000A09A000000000000AC9A00000000000005
:109BE000B89A000000000000C09A000000000000C9
:109BF000D09A000000000303DC9A0000000000007F
:109C0000E89A000000000000F49A00000000000044
:109C1000149B0000000003037C010020740100205D
:109C20007C01002034090020180000000275100695
:109C300027B001400006031F712333FC8D33028ED1
:109C400033178E37E40800202A8E0313408E3388A2
:109C500094739C93331495336095B3F89333C894FD
:109C600033BC9133509133E095332496B34494330D
:109C7000889433B8923314930313E09433AC95C3B0
:109C80006C92642000409420004042FF0220FF3389
:109C9000D89433EC9933449A33F49933049A33FCCF
:109CA00099330C9A33149A331C9A33249A332C9A8E
:109CB00033349AC33C9A301C90D003040605040840
:109CC0000304090205070405080305090203050446
:109CD0000309022A01010102020403020A07270202
:089CE00001020209020000006C
:0400000500000201F4
:00000001FF
