:020000022000DC
:106000000000042071670300B1670300B367030059
:10601000B5670300B7670300B9670300000000001D
:10602000000000000000000000000000ED6603001A
:10603000BD670300000000000D670300C167030097
:1060400059690300C3670300C3670300C367030004
:10605000C3670300C3670300C5420300C3670300AF
:10606000C3670300C3670300C3670300C36703007C
:10607000C3670300C3670300C3670300C36703006C
:10608000C367030071640300C3670300C3670300B1
:10609000C3670300C3670300C3670300C36703004C
:1060A000C3670300C3670300C3670300C36703003C
:1060B000C3670300C3670300000000000000000086
:1060C000C3670300C3670300C3670300456F030092
:1060D000C3670300C3670300C3670300ED6C0200DE
:1060E000C3670300C3670300C36703000000000029
:1060F00000000000C367030000000000BD6F030044
:10610000000000000000000000000000000000008F
:10611000000000000000000000000000000000007F
:10612000000000000000000000000000000000006F
:10613000000000000000000000000000000000005F
:10614000000000000000000000000000000000004F
:10615000000000000000000000000000000000003F
:10616000000000000000000000000000000000002F
:10617000000000000000000000000000000000001F
:10618000000000000000000000000000000000000F
:1061900000000000000000000000000000000000FF
:1061A00000000000000000000000000000000000EF
:1061B00000000000000000000000000000000000DF
:1061C00000000000000000000000000000000000CF
:1061D00000000000000000000000000000000000BF
:1061E00000000000000000000000000000000000AF
:1061F000000000000000000000000000000000009F
:10620000F1EE103A43F08073E1EE103A704700BFB0
:1062100010B5054C237833B9044B13B10448AFF3E0
:1062200000800123237010BD8C630020000000005B
:106230007CBD030008B5034B1BB103490348AFF312
:10624000008008BD00000000906300207CBD0300BA
:10625000154B002B08BF134B9D46A3F5803A002138
:106260008B460F461348144A121A12F053FB0F4B79
:10627000002B00D098470E4B002B00D098470020F1
:10628000002104000D000D48002802D00C48AFF397
:10629000008012F0D5FA2000290010F0BBFA12F0AD
:1062A000A9FA00BF00000800000004200000000060
:1062B000000000008C6300204885002000000000E2
:1062C000000000000146014800F08EBAC4630020BF
:1062D00038B5064B1D783DB100242046013400F04E
:1062E00047FEE0B28542F9D838BD00BFC063002048
:1062F000407DFF2806D010B500F086FD044618B199
:10630000204610BD0020704710F0D4FF204610BD7D
:10631000407DFF280ED000B583B00DF1070100F0DD
:10632000C7FD20B19DF8070003B05DF804FB4FF0F6
:10633000FF30F9E74FF0FF30704700BF407DFF2886
:1063400011D000B583B001220DF1070100F068FD06
:1063500020B94FF0FF3003B05DF804FB9DF8070053
:1063600003B05DF804FB4FF0FF307047407DFF281D
:1063700001D000F0FDBD7047407DFF2801D000F046
:106380003DBE0020704700BFF8B50646407DFF289F
:106390001CD017465AB10D46144600F00FFD294691
:1063A000224680B1707D00F08DFD241A01D138465F
:1063B000F8BD054410F07EFF707D00F0FFFC29461B
:1063C00022460028EED13F1B3846F1E70020F8BDF9
:1063D0000AB32DE9F043524991F81C6191F81D511F
:1063E00091F81E7193B0994614467B1CAA1C8046F6
:1063F000B01C81F81C0181F81D2181F81E3101A813
:106400004222002112F086FAB9F1410F05D800208E
:1064100013B0BDE8F083422070478DF806608DF818
:106420000E608DF82660721C40F20126D2B2ADF8E3
:106430001060DFF8F0C08DF81E20242640F6083EDC
:106440006B1C8DF827208DF83120ADF804E08DF815
:1064500016608DF820608DF82460CDF818C00426F1
:106460004FF0060C65F07F0540F209424FF0010E37
:1064700098F81410ADF80C208DF81CE005228DF86A
:106480001F608DF830608DF822C040F207568DF8FD
:1064900025C08DF82A5020464FF0030E63F07F048C
:1064A0004FF0080C02234FF411658DF814108DF88D
:1064B00007308DF808308DF809308DF812308DF8DE
:1064C00021308DF815208DF823208DF82BE08DF8E4
:1064D0002CC04FF00A0EADF82E504FF0400C01A921
:1064E000ADF8286007258DF833308DF840208DF801
:1064F0004140422244F20204ADF838608DF83B304E
:106500008DF83A708DF834E08DF83CC08DF83F502E
:10651000ADF8424012F0DAF9422013B0BDE8F08342
:10652000C463002020010524A0F11000FFF750BF34
:1065300070B50368184A5B6882B093428DF8071003
:1065400024D10546407DFF281DD000F037FC0DF119
:10655000070601243146224688B1687D00F0B2FC6E
:10656000241A02D1012002B070BD064410F0A2FE30
:10657000687D00F023FC314622460028EDD1C4F1AD
:10658000010002B070BD002002B070BD01220DF10B
:106590000701984702B070BD89630200437DFF2B5D
:1065A00000D07047094B1A78002AFAD110B500F1D3
:1065B000100442750649204601221A7000F0E0F9E5
:1065C00021460448BDE8104000F0F0B8C063002048
:1065D00074B10300C4630020407DFF2807D000B5DC
:1065E00083B000F0EBFB20B103B05DF804FB0020AA
:1065F0007047019010F05EFE019803B05DF804FB57
:1066000001B900B1704700B583B0694600F0ECFBFA
:10661000009BB3F5966F02D003B05DF804FB00F069
:106620007BFBF9E730B4084B084A4FF47F4102F195
:106630000805002430324FF47A7099821D60C3E956
:1066400001401A6130BC7047A863002084B1030088
:106650002DE9F0410024484E2546435D4719A3B17A
:1066600003F14002D2B2012A0AD9F42B08D81A0643
:106670000ED44FF0010EA3F55842B2F5006F56D27A
:1066800001354719435D002BEAD12046BDE8F08172
:1066900003F0E002C02A57D003F0F002E02A66D0EF
:1066A00003F0F802F02AEBD103F007024FF0040EDA
:1066B0007B7803F0C00CBCF1800FE1D197F802C0E9
:1066C0000CF0C00803F03F03B8F1800F43EA8213D7
:1066D000D6D10CF03F0CBEF1030F4CEA83132DD042
:1066E000FA7802F0C007802FCAD102F03F0242EAD6
:1066F0008313A3F58032B242C2D8A3F55847B7F549
:10670000006FBDD3B3F5803F05F1040510D31E2CF7
:10671000BBDC6300970A0B44C2F30902A7F52057BC
:10672000A2F5105221F814705A80023495E775448E
:10673000202CAAD021F8143001348EE7A3F5006292
:10674000B2F5784F97D39BE77A7802F0C007802F95
:1067500003F01F0394D102F03F0242EA8313A3F136
:106760008002B2F5F06F8BD24FF0020E83E703F098
:106770000F024FF0030E9BE7FFFF0F0090F8503120
:106780000B2B0CD871B103F1480210B45C1C80F8DB
:10679000504140F822105DF8044B18467047002322
:1067A000184670470B461846704700BF70B5044640
:1067B0000E68B4F81821B4F81A31656936689B1A66
:1067C00008469BB294F81C112A44B04758B1B4F85B
:1067D00018216369104480B2A4F81801588094F815
:1067E0001C211A71012070BD2DE9F043284DDFF8FE
:1067F000B090AC4604468846BCE80F0089B003AFB1
:106800000FC703AE0FCE05F1140E25460FC59EE847
:106810000700DCF800303B806B4636682E8003C3EF
:106820006B4603CB012504F118034FF480766361B6
:10683000A061E16184F8202004F59870C4F81891F3
:106840002022A4F81C61002184F81E5112F062F885
:1068500040F20947042240F2EF230E4E0E48C4F8DE
:1068600028010021C4F82C1184F85021A3804FF492
:10687000E131A571C4F82071C4F824610748FFF71D
:106880008DFE404600F036FA284609B0BDE8F08398
:10689000B8B10300E8B10300F0B10300A863002021
:1068A0000900000100487047C4630020014B58698B
:1068B000704700BFC46300202DE9F04F89B0F8B1E4
:1068C000032816D02B4C94F8503183424FD94830CE
:1068D00004F5AA7154F82000FFF7BAFEC0B20130E7
:1068E000400040F44070A4F85201234809B0BDE8CC
:1068F000F08F204CD4F82C0150B104F5AA71EBE7CD
:106900001C4CD4F82031A4F854314FF44170EAE71C
:10691000684600F003FA054610B300F1FF3A0DF1A6
:106920000103164FE94653FA8AFAA64604AE97E8E1
:106930000F0019F801CB86E80F000CF00F080DF1DD
:10694000200BD8440BEB1C1C18F8108C1CF8103CC6
:10695000AEF85681D145AEF854310EF1040EE6D1B1
:106960006800C0B20130400040F44070BBE7002036
:10697000BCE700BFC463002016650020D8B1030047
:1069800010B504460248FFF7F9FE207110BD00BFA4
:10699000C463002030B5144C236883B013B3186867
:1069A00051B906F081FB236893F90400012103B07B
:1069B000BDE8304010F0B2BE0C4B0093002501231F
:1069C0008DF805308DF8045002AB13E9060006F08F
:1069D00007FB236893F90400294603B0BDE8304063
:1069E00010F09CBE03B030BD5865002080BA8C0109
:1069F0000448006828B108B5006806F05BFB012078
:106A000008BD704758650020084B1B6843B141B969
:106A1000074B4022C3F88020BFF34F8FBFF36F8F27
:106A20007047034B40221A60704700BF5865002032
:106A300000E100E0024B53F8200000B1C06870474D
:106A40005C65002030B4094CBDF8085054F8204073
:106A500044B1246934B10846A44611461A462B466F
:106A600030BC6047002030BC704700BF5C65002030
:106A700030B4084CBDF8085054F8204044B1646963
:106A800034B10846A44611461A462B4630BC60472E
:106A900030BC70475C650020024B186808B190F864
:106AA00060007047646500202DE9F843234C256899
:106AB000002D3CD01E462C2303FB00531746D3F871
:106AC000209088460446B9F1000F32D0484612F0B3
:106AD00089FD2C2303FB0454D4E90954DFF864C076
:106AE000174B08280246494628BF08224046002D79
:106AF00008BF6546002C08BF1C4611F0E7FE28467B
:106B000012F070FD10280246294628BF1022384690
:106B100011F0DCFE204612F065FD042802462146F5
:106B2000304628BF0422BDE8F84311F0CFBEBDE8CF
:106B3000F883DFF814900820CBE700BF64650020DD
:106B400024B2030014B2030008B2030070B5104E63
:106B50003368D3B12C2404FB0034054662691AB1B2
:106B60009047336884F832002C2202FB053393F8F7
:106B7000324014B10124204670BD284623463A22F3
:106B8000022101F0E7F8204670BD1C46204670BD8A
:106B900064650020074B1B6853B110B42C2404FB20
:106BA0000030C46A038E0C6013805DF8044B70479C
:106BB000704700BF6465002008B52022002305212E
:106BC00001F0C8F84FF0FF3008BD00BF30B4094CE9
:106BD00024685CB10D4611462C2202FB0044E46996
:106BE00024B11A462846234630BC1847012030BC41
:106BF000704700BF6465002030B4094C029A2468D5
:106C000054B10D462C2101FB0044A46824B119465F
:106C10002846234630BC18474FF0FF3030BC704741
:106C20006465002030B4094C029A246854B10D46C2
:106C30002C2101FB0044E46824B119462846234670
:106C400030BC18474FF0FF3030BC704764650020FF
:106C5000044B1B682BB12C2202FB0030036903B1EB
:106C60001847704764650020054B1B682BB12C2228
:106C700002FB0030836903B118470120704700BF51
:106C80006465002005F0DCBB00B5164B83B04022E4
:106C9000002483F8272301A9012320468DF804301E
:106CA0008DF8054002F0DAFE4FF0804302A8D3F8D9
:106CB000385400F8084D0FF009FE0B4B019301A862
:106CC0000FF030FE0FF040FEEB0707D400214FF02D
:106CD000FF3002F04DFFFFF7FBFAF7E7204605F023
:106CE000AFFBF3E700E100E0856C0200002005F057
:106CF0001DB800BF00B5002383B00322CDE90023F7
:106D000003490448C8220EF073FB03B05DF804FB8E
:106D100028B20300896C020010F078BC4FF080525A
:106D2000536E1BBA0360136E1BBA43600820704792
:106D30000048704730B2030070B51E4C2368D3B1D1
:106D4000012901D0012070BD1578C5F34115012D31
:106D500013D0022D0FD15478012C21D0022CF1D167
:106D60009388072B07D1144C114623892246BDE88E
:106D7000704003F035BE002070BD51782229E1D16A
:106D800011465288003218BF01225A7503F010FED6
:106D90002268D369002BD5D0507D9847284670BD16
:106DA0009C69002CE7D0114623782246BDE870404C
:106DB00003F016BE686500200460002010B504468C
:106DC00002F034FE08B9002010BD02F037FE0028A2
:106DD000F9D1044B4FF4367202FB0434207900F0F1
:106DE000010010BDEC650020064A4FF4367303FB2A
:106DF00000230833186808609A889B798B718A8011
:106E0000704700BFEC65002008B5044A4FF43673A4
:106E100003FB0020103002F055FC08BDEC6500209B
:106E20002DE9F8434FF4367404FB00F41E4E4FF680
:106E3000FF73074604F110054FF6FE70824288BFCB
:106E40001A463544284692B202F066FC804602F0AB
:106E5000EDFD10B94046BDE8F88302F0EFFD814634
:106E60000028F7D13444E378002BF3D0284602F011
:106E700041FC3F28EED9E178484603F0E7FC0028C2
:106E8000E8D0284602F036FC3F2804D8E17848468E
:106E900003F0ECFCDEE7054AE178484602EBC71256
:106EA000402303F0F3FCD5E7EC6500206C6500207F
:106EB000034A4FF4367303FB0020103002F096BCF7
:106EC000EC6500202DE9F8434FF4367505FB00F51D
:106ED000244F4FF6FF73064605F124044FF6FE706B
:106EE000824288BF1A463C4492B2204602F0B8FC67
:106EF0008046204602F0E6FB3F2802D84046BDE827
:106F0000F88302F093FD0028F8D002F097FD814647
:106F10000028F3D1204602F0D5FB0028EED03D44F6
:106F20004846A97803F092FC0028E7D00E4B402297
:106F300002EBC6161E442046314602F0EDFB034626
:106F400060B13246A978484603F0A0FC0028D5D1AC
:106F5000064B1B68DB07D1D500BECFE7A97803F04D
:106F600085FCCBE7EC6500206C650020F0ED00E0CF
:106F70002DE9F041804602F059FD10B90020BDE82E
:106F8000F08102F05BFD07460028F7D14FF436741C
:106F900004FB08F4164E04F124053544284602F09B
:106FA00091FB0028EAD026443846B17803F04EFC25
:106FB0000028E3D040220F4B02EBC8189844284623
:106FC000414602F0A9FB044660B14246B17838461A
:106FD000234603F05BFC40B9074B1B68DB07CDD5AC
:106FE00000BECCE7B17803F041FC2046C7E700BF04
:106FF000EC6500206C650020F0ED00E008B5044A67
:107000004FF4367303FB0020243002F073FB08BDFD
:10701000EC65002070B5204C82B000214FF4367230
:1070200020460D4611F076FCFF234FF4E13208268E
:1070300004F138016371A26001234FF4807200955E
:1070400004F11000A67302F001FB144B1B78C3F38C
:107050008003009304F59C7101234FF4807204F1C6
:10706000240002F0F3FA04F50E7101200DF030FC5B
:1070700004F52271064601200DF02AFC06B130B954
:10708000074B1B68DB0700D500BE02B070BDC4E92A
:107090000756C4E90C05F8E7EC650020B86000204D
:1070A000F0ED00E038B5094C206A256B20B10EF0F8
:1070B00007F80023C4E907332DB128460EF000F885
:1070C0000023C4E90C33012038BD00BFEC6500206B
:1070D00010B50E4C0E482378002202600271DA07C8
:1070E00009D59B070DD521780A48C1F38001BDE879
:1070F000104002F063BC103002F040FC23789B0784
:10710000F1D4044802F03AFCEDE700BFB86000207B
:10711000EC650020106600202DE9F0414B79022B30
:1071200082B004D00025284602B0BDE8F0818B79FA
:10713000022BF7D1364EB3782BB1364B1B68DB07E9
:10714000F0D500BEEEE78B7833700C780C44074620
:107150006378242B4FF009050BD1082A02D822E0CE
:10716000AA4220D323781C441D446378242BADB25B
:10717000F6D0052B38D0042B15D163790A2B12D108
:10718000254A94F800800192022301320092384689
:1071900004EB08011A4603F095FA0028CDD00E350D
:1071A00018FA85F5ADB202F041FC0028BBD002F020
:1071B00045FC04460028B6D1F378002BB3D017481D
:1071C00002F098FA3F28AED9F178204603F03EFB52
:1071D0000028A8D0114802F08DFA3F28F17811D884
:1071E000204603F043FB9EE72146384603F00AFBA6
:1071F0000028A2D0A378737023781C441D44ADB23C
:107200006378B8E7064A2046402303F03FFB8AE74D
:10721000EC650020F0ED00E0EE650020FC6500204C
:107220006C65002038B5137803F06003202B01D083
:10723000002038BD294C938825789D42F8D1537899
:10724000203B032BF4D8DFE803F008151E020129C8
:1072500036D0032939D0012038BD01290CD00329AB
:10726000F9D11F4B002BF6D01E490020AFF3008050
:10727000012038BD0129EED111460723194A03F038
:10728000AFFB012038BD01291AD00329E3D1164BE9
:1072900055881B781548257113F004011CBFE9437C
:1072A00001F0010102F08AFB114B002BD3D0C5F392
:1072B000400205F001010020FFF7A2F9012038BDCE
:1072C000114603F075FB012038BD0A4B002BC2D0DC
:1072D00051880020AFF30080BDE700BFEC650020BF
:1072E00000000000F4650020B86000201066002057
:1072F00001660200000000002DE9F0475F4CE278D3
:107300008A420D4680461F4659D15D4E9AB231469B
:1073100004F1100002F0A4FA5A4BC3B16379FF2BB9
:1073200015D0A7B106EB070A04F1100902E0564593
:107330000DD0637916F8012B9A42F8D1484602F035
:10734000D1F90028F3D16179AFF30080EFE74E4B1C
:1073500023B14E4802F0C6F9002863D002F066FB64
:10736000002862D1A3789D4202D00120BDE8F087B9
:10737000474B13B10020AFF3008002F057FB002809
:107380002BD1444802F09EF90028EED1002FECD01A
:1073900017F03F07E9D1A178404603F057FA0028DB
:1073A000E3D0A17840463B463A4603F06FFA002806
:1073B000DBD1394B1B68DA070CD500BED6E7A378C2
:1073C0008B42D5D0344B1B68DB0703D500BE0020B1
:1073D000BDE8F0870020BDE8F08702F02FFB0546EE
:1073E0000028CED12B4802F06DF90028C9D0A17831
:1073F000284603F02BFA0028C3D04022274925480D
:1074000002F08AF9034600282CD02846234AA178A6
:1074100003F03CFA0028A8D11F4B1B68D907B0D550
:1074200000BEAEE7AFF3008098E702F007FB064628
:10743000002897D1E378002B94D0144802F05AF931
:107440003F288FD9E178304603F000FA002889D030
:107450000E4802F04FF93F28304607D8E17803F094
:1074600005FA7FE7A17803F001FA8AE74023044A8E
:10747000E17803F00BFAA37875E700BFEC65002014
:107480006C6500200000000000000000FC6500208A
:107490000000000010660020F0ED00E0AC65002068
:1074A000704700BF01207047704700BF704700BFA2
:1074B000044B0022C3E90022C3E90222C3E90422EB
:1074C000704700BF446A002001207047044B00222F
:1074D000C3E90022C3E90222C3E90422704700BFC6
:1074E000446A00202DE9F0434B79032B83B004D08C
:1074F0000024204603B0BDE8F0830B79C3EBC3043E
:107500001234A4B2944205D9254B1B68DA07EFD593
:1075100000BEEDE7234A5578002D3ED0557B002D67
:10752000F2D102F10C054FF4A0770E788A1992F887
:1075300001C0BCF1210FE7D1AA608946895D804670
:107540006E1CA81C1144CDE900061A4640460323D0
:1075500003F0B8F80028D7D099F80630A978012BA5
:1075600004BF99F80730EB700123AB7199F8022042
:10757000AB682A70B3F80730AB800029B9D00A4A4B
:1075800040463A44402303F081F90028B1D1044B2E
:107590001B68DB07ADD500BEABE715468027C4E707
:1075A000F0ED00E0446A0020C46800202DE9F047B7
:1075B000137803F01F06012E82B003D0002002B022
:1075C000BDE8F087DFF80882978898F80040FFB29E
:1075D000BC4200F0B08098F80C40BC42EED1374677
:1075E000B4464FF0C00E4FF0130A4FF0120913F0DB
:1075F00060030C460546164604D1012900F0A4801C
:107600000120DCE7202BD9D15378013B0A2BD5D8B8
:1076100001A252F823F000BFED760200E3760200EB
:10762000CD760200BD750200BD750200BD75020079
:10763000BD750200BD7502008D7602006576020000
:107640004576020001291BD00329D9D173880C2665
:1076500006FB0786DBB260461946B371FFF720FFD1
:107660000120ACE70129CBD173880C2202FB0787EC
:107670001B0A60461946FB71FFF714FF00289DD0D6
:107680003146284603F094F9012098E7012900F0DB
:1076900086800329B4D1F48871884B4B402C4FEA83
:1076A0001122204628BF402011F0FF01734407D06B
:1076B000012C05D91C788C4202D1013880B20133EB
:1076C00000906046FFF7D4F9012078E7012997D1AF
:1076D00008EB090231462846234603F081F920468B
:1076E0006DE701298CD108EB0A02F3E7012987D164
:1076F000F3887188344F402B4FEA1122184628BF77
:10770000402011F0FF01774454D0012B52D90138A9
:1077100080B239707B1C00906046FFF793F90444F7
:10772000A3B2002B49D1294A1268D2077FF546AF90
:1077300000BE184643E74FF0000E7746F4464FF080
:10774000070A4FF0060952E75378062B7FF436AF4D
:1077500053881B0A212B12D0222B7FF42FAF6046B7
:10776000FFF768F97B001F4408EB870802463146A3
:107770002846B8F8043003F033F920461FE77B00B1
:107780001F4408EB8708D8F80820002A3FF416AFFA
:107790001378314602B0BDE8F04703F021B9F38811
:1077A000402B3FF60BAF084A3146724403F018F9FC
:1077B000204604E73B460024ADE73A4631462846DA
:1077C00003F00EF90120FAE6C4680020F0ED00E0B5
:1077D000446A0020F0B52C4CA67865788E4283B0C0
:1077E000074610D0A9422CD0A07B657B88423FD0B1
:1077F000A94244D0254B1B68DA0702D4002003B00D
:10780000F0BD00BEFAE780264FF0400C0020A942F0
:107810009BB21AD01E4D3544FAB9009311462B463F
:107820000222FFF725F92A46A1783846402303F0C3
:107830002DF80028E3D1154B1B68DB07DED500BE11
:10784000DDE74FF0400C00209BB2114961444AB97A
:107850001A46FFF729FE0120D1E72A460221FFF749
:1078600025FEE0E70A460121FFF720FE0120C6E7DA
:107870000C344FF4A0764FF4807C0120C7E74FF41E
:10788000807C0120E0E700BF446A0020F0ED00E0CA
:10789000C468002070B5194C82B000210D464FF429
:1078A000EC72204611F036F804F1380101238022F1
:1078B00004F11000009501F0C9FE04F1B8010123A4
:1078C0008022009504F1240001F0C0FE04F59C71B3
:1078D00001200CF0FDFF04F5C471064601200CF0F8
:1078E000F7FF30B9064B1B68DB0700D500BE02B0BE
:1078F00070BDC4E90756C4E90C05F8E7DC6A00204E
:10790000F0ED00E038B5094C206A256B20B10DF090
:10791000D7FB0023C4E907332DB128460DF0D0FB77
:107920000023C4E90C33012038BD00BFDC6A00200D
:1079300010B5084C002304F11000C4E90033C4E979
:10794000023302F01BF804F12400BDE8104002F0FD
:1079500015B800BFDC6A00202DE9F0434B79012BFC
:1079600083B004D00025284603B0BDE8F0838B79AE
:10797000012B0C46064616D049780429F2D1002581
:10798000032BEFD1E379002BECD1DFF8FC8098F8E2
:10799000013013B998F802700FB3384B1B68DB073E
:1079A000E0D500BEDEE7CB79002BDBD10B781C44A1
:1079B0009DB2617824290BD1954202D9D2E7AA421F
:1079C000D0D323781C442B44617824299DB2F6D06F
:1079D0000429C7D16379012BC4D1A379D0E7A37857
:1079E00088F8003094F8009021794D44ADB2A1445C
:1079F00039B925E099F800308F421D44ADB2994461
:107A00001ED2AA421CD399F80130052BF2D1494667
:107A10003046019202F0F6FE019A0028BDD099F896
:107A20000230D90914BF88F8013088F8023099F87B
:107A30000030217901371D44FFB2ADB29944D9E736
:107A40000F4801F057FE3F288DD998F8021000200A
:107A500002F0FCFE002886D0094801F04BFE3F28CA
:107A600098F8021003D8002002F000FF7BE7054AD7
:107A70004023002002F00AFF75E700BFF0ED00E0B0
:107A8000EC6A00209C6A0020DC6A0020002070471D
:107A9000F8B53C4DAA788A421F4612D19AB23A49AB
:107AA00005F1100001F0DCFE384B13B10020AFF3FC
:107AB0000080374801F01EFE3F282CD801242046C4
:107AC000F8BD6B788B4208D0324B1C6814F001046F
:107AD000F5D000BE00242046F8BD064605F124007E
:107AE00001F0F0FD40BB2C4801F0ECFD0028E5D191
:107AF000002FE3D017F03F07E0D16978304602F05D
:107B0000A5FE04460028D9D0697830463B463A465F
:107B100002F0BCFED3E7A978002002F097FE0446ED
:107B20000028CBD01A4801F0E5FD3F28A9781ED8DF
:107B3000002002F09BFEC2E76978002002F086FE7A
:107B40000028D0D04022154905F1240001F0E4FDC1
:107B5000034690B1114A6978002002F097FE002890
:107B6000ACD10C4B1B68DB07BDD500BEBBE7064A9A
:107B70004023002002F08AFEA1E7697802F076FE39
:107B8000B1E700BFDC6A00209C6A00200000000012
:107B9000EC6A0020F0ED00E0006B00205C6A002041
:107BA00030B4114B9C689A6B93F83C5083F82C10BE
:107BB000A21A022183F830109A6225B942F2050117
:107BC00083F83E50998744B13AB11A7BD20906D165
:107BD00093F82F1030BC02F099BE30BC704793F878
:107BE0002E1030BC02F092BEB46E002038B5214B8E
:107BF000214C05461BB1607BFFF736F8A8B1A06B9E
:107C0000A36894F82F101D4A1B1AB3F5007F28BFF4
:107C10004FF4007328469BB202F038FE20B9184B8F
:107C20001B68DB0700D500BE38BDA268A36B84F8D3
:107C30003E0042F20771D31A0120A1870221A362FC
:107C400084F82C0084F83010002AEDD0002BEBD003
:107C5000237BDB0906D194F82F102846BDE8384075
:107C600002F054BE94F82E102846BDE8384002F0C9
:107C70004DBE00BF696C0200B46E0020B46C0020E1
:107C8000F0ED00E070B5304CE28AA36852BA92B2CF
:107C900086B0054612B1B3FBF2F292B2A66BD4F8ED
:107CA0001110607B9B1BB3F5007F28BF4FF400735E
:107CB00009BA0093B6FBF2F302FB13621944234B9B
:107CC000FEF79AFF031E20DB94F82E200DD01146FC
:107CD0009BB228461D4A02F0D9FDA0B91C4B1B6877
:107CE000DB0710D500BE06B070BD0724194603A8F7
:107CF0008DF80C508DF8102005938DF811308DF80B
:107D00000D4002F0B7FB06B070BDA268A36B43F64E
:107D100002200021D31AA08784F83E1001200221FE
:107D2000A36284F82C0084F83010002AEBD0002BDA
:107D3000E9D0237BDB0914BF94F82E1094F82F10A0
:107D4000284602F0E3FDDEE7B46E0020B46C0020AC
:107D5000F0ED00E010B4054C012084F83C1084F8EC
:107D60003D2084F83E305DF8044B7047B46E00202F
:107D700040220021014810F0CDBD00BFB46E0020AC
:107D800040220021014810F0C5BD00BFB46E0020A4
:107D90004B79082B01D0002070478B79062BFAD144
:107DA000CB79502BF7D1162A06D81C4B1B68D90764
:107DB000F1D500BE0020704770B5194D8B7885F85D
:107DC0002D300B7882B005F12F0205F12E061944F3
:107DD0000223CDE900261A46044602F073FC48B996
:107DE0000E4B1B68DA0702D500BE02B070BD002042
:107DF00002B070BD204695F82F100A4A00241F23B8
:107E000085F8304002F042FD30B9044B1B68DB07B7
:107E100002D500BE1720E8E71720E6E7F0ED00E006
:107E2000B46E0020B46C0020012901D001207047FD
:107E3000F0B5137803F07F01022985B0054606D01E
:107E400003F06003202B1AD0002005B0F0BD547859
:107E5000012CF5D15388002BF6D1434E918896F82A
:107E60003030042BC9B279D096F82E408C423DD0E8
:107E700096F82F408C4257D0012005B0F0BD5378C2
:107E8000FE2B16D0FF2BDFD15388002BDCD1D488FA
:107E9000A3B2002BD8D1344E1146284686F8303094
:107EA000C6E90D33B48786F83E3002F081FD01202B
:107EB000CBE75388002BC7D1D388012BC4D12B49E2
:107EC0008DF80F3000294DD00192FEF7E5FD019AA3
:107ED0000028B9D0431EDBB204AC114604F8013DC2
:107EE00028462246012302F07BFDC5E7022BC3D1C1
:107EF000B26BB3681E4F9B1AB36206F120030FCB1F
:107F000007C73A46214602F80C39032428460D23B8
:107F100086F8304002F0BAFC0028ADD1154B1B6842
:107F2000DB0791D500BE90E7002BA5D1214602F0DA
:107F3000DFFC0028A0D12146284602F005FD0028DC
:107F40009AD1002496F82F10094A86F83040284626
:107F50001F2302F09BFC0028E0D08DE702F0D6FC46
:107F6000204672E70B46B7E7B46E0020996A02001C
:107F7000B46C0020F0ED00E02DE9F041B44C94F831
:107F80003050012D8EB01E46074645D028D3032D14
:107F900005D0022D5FD001200EB0BDE8F08194F82D
:107FA0002E308B42F7D10D2EF5D1E37B282B00F03C
:107FB0001A812A2B40F00D81A64B13B1607BFEF78E
:107FC00047FE002594F82F10A34A84F830501F2351
:107FD000384602F05BFC002861D094F83050D8E7B6
:107FE00094F82F508D42D6D11F2B06D1DFF868822E
:107FF0009A4BD8F800209A4271D0042394F82E109E
:1080000084F83030384602F081FC384694F82F105E
:1080100002F07CFC0020BFE7B3F5007F08D9904B4D
:108020001B68D90700D500BE00200EB0BDE8F08166
:10803000E27BA36B282A00F087802A2A00F08F8039
:10804000217B626B1E44CB09A66336D096422CD3AB
:10805000022384F8303094F82E10384602F074FC75
:10806000002898D1A368A26B94F82E60934202D99D
:10807000217BC9092ED19B1A7A4AA3620FCA764D79
:1080800007C52A46314602F80C39032538460D2328
:1080900084F8305002F0FAFB00287FF47CAF704B7C
:1080A0001B68DB07C0D500BE76E76D4B1B68DA079F
:1080B00093D500BE94F830506BE793B2607B664A6C
:1080C00004F10F01FEF778FD0028C0F29F80A66B37
:1080D000626BBBE73146384602F018FC5BE7C446EA
:1080E000BCE80F0026460FC69CE80F0007C626F81E
:1080F000023B1B0C3370D4E90123E17B5A4E6262D0
:1081000001200022282963632662A26284F82C20C1
:10811000A26384F8300000F0AD802A2900F0DF80EF
:10812000002B00F0EF80227BD20940F0EB80B3F50A
:10813000007F00F26F819BB22946474A384602F021
:10814000A5FB0028ABD048E7626B1E449642A663AD
:10815000BFF47EAFFFF796FD94F8305019E7E28A3E
:1081600052BA92B21AB1A168B1FBF2F292B2D4F84B
:108170001110394DB3FBF2FC09BA02FB1C32607BD3
:10818000009661442B46FEF74DFD0028C0F2FB81AE
:10819000864230D9361A40B1A36B291813FA80F3FE
:1081A00032462846A36310F09CFB002394F82F501E
:1081B0008DF818500722194605A88DF814700796F7
:1081C0008DF819308DF8152002F054F994F83050DC
:1081D000DFE6264B002B3FF4F4AE04F10F01607B89
:1081E000AFF30080EDE6224B002B3FF4EAAE607B5C
:1081F000AFF30080E5E6D4E90D231E449642A66362
:10820000BFF426AF3846FFF7F1FCE6E6A368A66B9D
:1082100094F83C1084F82C509A1B0220A26284F837
:10822000300021B942F2050084F83E10A087002BEF
:108230003FF44EAF002A3FF44BAF237BDB0940F005
:10824000E58194F82F10384602F060FB3FE700BF4D
:10825000B46E0020516C0200B46C002055534243B0
:10826000F0ED00E0D46E00205553425300000000B2
:1082700000000000E28A52BA92B20BBB002A3FF41F
:10828000E7AE94F83C10A362022284F82C2084F814
:10829000302000297FF4DFAE42F205010022A187E1
:1082A00084F83E20002B3FF4D6AE237BDB0940F060
:1082B0009A812946384602F029FB94F8305068E646
:1082C000207BC00913D0002A00F08081B3FBF2F2BA
:1082D000002A00F0A3812829384694D13AE7E28A9F
:1082E00052BA92B2002BC9D0207BC009EBD094F8CF
:1082F0003C10A362022284F82C2084F8302000294C
:10830000CAD0D2E7667B252900F22B81DFE811F085
:10831000220129012901E500290129012901290159
:1083200029012901290129012901290129012901FD
:1083300029012901BD00290129012901290129015A
:1083400029012901990087002901290171002901CA
:108350002901290129014C0029012600304604AADF
:1083600005A9FEF717FC059B002B00F04481BDF822
:108370001020002A00F03F81013B1BBA12BAC8E965
:1083800000320820A368002B44D0984228BF18462A
:1083900083B26063A64A94F82E10384602F076FA4B
:1083A00000283FF47CAE18E605AD00230DF10E0267
:1083B000304604A96B600593AB60FEF7EBFB049AB3
:1083C000002A00F01881BDF80E30002B00F0138158
:1083D00012BA082106925BBA0222ADF81E308DF85F
:1083E00017108DF81C2095E8070088E807000C207E
:1083F000C8E7904B03B33046227DE17CAFF30080A9
:10840000D0B994F83C302BB943F602220023A2875E
:1084100084F83E3001213846FFF7C2FBDDE5864B8C
:1084200053B1E17C3046C1F3400301F00102090978
:10843000FEF7CCFB0028E4D0A368002B3FF408AE85
:10844000E8E79DF816307D49002203F0800362F3CF
:10845000C7138DF8163003238DF815208DF81720DB
:108460008DF81430002900F0E1803046FEF7FCFB67
:108470009DF8163080F0010060F3C7138DF81630B8
:10848000059BC8F8003004207CE74FF0203302251C
:108490000022CDE90522304607A909AA08934FF02A
:1084A000800C079309930D93CDE90A330C931F2693
:1084B0000DAB8DF816508DF8175005AD8DF818607E
:1084C0008DF815C0FEF7F0FA0FCD594E0FC60FCD3F
:1084D0000FC62B683360242054E794F83C2094F8AE
:1084E0003D0094F83E10DFF848C1DFF858E14FF046
:1084F00000084FF00003CDE90588CDE9078862F355
:1085000003038DF81630F0220A23ADF824808DF88D
:1085100020008DF821108DF814208DF81B3005AD4A
:108520000FCDACE80F002B68ACF80030BEF1000FA7
:1085300076D0ACF1100130464FF40072AFF30080FA
:108540000028A4F83C8084F83E800FDB00283FF42C
:1085500073AF17E73046FEF7F9FA00283FF451AF42
:108560006AE794F83C30002B7FF454AFA38E304A76
:108570003349607BFEF720FB0028FFF64BAF002855
:108580003FF45AAFFEE6A36BA2681E4443F60220F6
:108590000021931BA08784F83E1001200221A663CE
:1085A000A36284F82C0084F83010002A3FF453AD05
:1085B000002B3FF450AD237BDB0914D194F82F102E
:1085C000384602F0A3F994F83050E2E4012294F81E
:1085D0003C1084F82C200222A36284F83020002969
:1085E0003FF45AAE5EE694F82E10384602F08EF94B
:1085F00094F83050CDE494F83C30002B7FF40AAF6F
:1086000043F6022284F83E30A28703E794F82E1046
:10861000384602F07BF9D4E90D2617E50222D6E7A9
:10862000A4F83CE084F83EE01220ABE601201FE70E
:10863000B46C002000000000CD6B0200696C0200E9
:10864000C36E00200000000070B5134C134E84B0C0
:1086500020464FF4AE72002110F05CF94025002353
:1086600004F58E720092CDE901561A46194604F1BE
:10867000B000039504F068F92E4404F17002002361
:10868000CDE90025CDE90265201D1946012204F03F
:108690005BF904B070BD00BF746F0020F46E002061
:1086A00010B5054C04F1B00004F07AF9201D04F077
:1086B00077F9012010BD00BF746F002038B5074C5A
:1086C0002046002500F8B85B01F058F904F10C00D1
:1086D00001F054F984F8B150657138BD746F002011
:1086E0004B79FF2B01D0002070472DE9F04FDFF8C8
:1086F00024B19BF8B13083B04BBB9BF8053033BB42
:108700000B788A460AEB02050AEB030489788BF89A
:108710000010A542064614D91AF80320A3189D425A
:108720000FD36278042A0CD00B2A0AD0052A0BF149
:10873000B8080BF1B0070BF10C0917D09D421C468D
:1087400009D8A4EB0A0080B203B0BDE8F08F002086
:1087500003B0BDE8F08F1A7813449D42F1D36278DC
:10876000042AEED00B2AECD0052AE7D12146304668
:1087700002F048F8002843D0A378DB0905D19BF824
:10878000B1301BB32278A318D8E79BF80530002B33
:10879000F8D14846019301F0F1F8A2788BF8052052
:1087A000A2889BF804C0019B1849C2F30A02A2F5F3
:1087B0000072B2FA82F2520962F3410C18468BF849
:1087C00004C004F037F92278A318B7E7404601F057
:1087D000D5F8A3788BF8B130A3889BF8B020C3F309
:1087E0000A03A3F50073B3FA83F35B0963F3410251
:1087F000394630468BF8B02004F064F90028C1D126
:10880000034B1B68DB07A2D500BEA1E7786F0020F1
:10881000F0ED00E0746F002070B51C4C94F8B120AE
:108820008A4205461E460FD1B4F8BC20F2B9184B57
:1088300023B1B2B217490020AFF300802846164991
:1088400004F040F9012070BD63798B4201D0002013
:1088500070BD124B1BB1B1B20020AFF300801049C4
:10886000284604F0E7F848B1012070BDB2B2D4F850
:10887000B41004F1B80000F0F3FFD8E73246284600
:10888000074904F099F8012070BD00BF746F002003
:1088900000000000F46E00202470002000000000A2
:1088A000786F0020F8B50E688D88B7783544AE42F1
:1088B0000BD23B469F42344603D10BE06378042B36
:1088C00005D023781C44A542F8D80020F8BDA37831
:1088D0009F42F6D1E3789A42F3D1A542F5D9237DA0
:1088E000012B06D9144B1B68DA07EED500BE002019
:1088F000ECE723790D46DBB1012BE6D12278E38941
:10890000617A1344114423442144994204D3DCE79F
:108910000A7811448B42D8D94A78052AF8D101F057
:1089200071FF28B9044B1B68DB07CED500BEF8BD2C
:10893000A41BEC800120F8BDF0ED00E0C28832B944
:10894000654B1B68DB0700D500BE00207047F0B404
:108950000378624803EB830403EB4403C058831895
:1089600003D08E781C7BA64207D95B4B1B68D907C6
:1089700000D500BE0020F0BC70472EB9012C01D9F3
:108980000120F8E701268E7001248C60C1F80E40AA
:108990004C7700256FF03F0481F822508C766FF001
:1089A00003056FF06404CD760C774D4DC1F81E5071
:1089B000082481F82340825CB3F80D4014441C4421
:1089C0001344A342D1D2474F9D78102D0CD827FADB
:1089D00005F0C04310F0010006D1DA78964203D1C9
:1089E00007E05A78242AEFD01A7813449C42F8D82A
:1089F000BBE79C42B9D0062D06D0102D04D0042D23
:108A0000B9D1012248730A73CF781A79974218D8DE
:108A10001FB9012AB4D80127CF701A781A44A2428C
:108A20000FD2967806F0FD0CBCF1050F0FD0112E79
:108A300003D10CE05678242EF3D0167832449442B9
:108A4000F8D8254B1B68DA0794D500BE93E7D67893
:108A5000B742F2D19442F4D0D1F812408CB9062D2D
:108A600030D0102D2ED0042D09D1B2F80560B2F807
:108A700007505C7D05FB06F304FB03F4E408C1F832
:108A800012404B6863B9557E012D3FF679AFD2F89D
:108A90001A3025B9D2F81E209A427FF471AF4B608C
:108AA000114AA2FB03235A0BCBD0631E1344B3FB22
:108AB000F2F30233B3F5807F28BF4FF48073C1F81F
:108AC00016305DE7B2F80530B2F8074004FB03F456
:108AD0002401E408D3E700BFF0ED00E0D0700020EF
:108AE00003010101501001005917B7D12DE9F84FCA
:108AF0000B785D4C03EB83050E4603EB45030989B8
:108B0000E7589146804679B13944CB7803F00303A6
:108B1000012B00F09480738933B13B44DA7802F082
:108B20000302012A00F091807488B58800233C4438
:108B3000B381F38133827382B382F3823D44A2789E
:108B4000AC4238BF134609D29A4203D10CE0637895
:108B5000042B06D023781C44A542F8D80020BDE899
:108B6000F88FA3789A42F5D1E3789945F2D1A542DE
:108B7000F4D994F804A0BAF1020F15D8E31BF380DE
:108B8000B9F1000F16D023781C44BAF1000F4CD075
:108B90004FF0000B06E06378052B28D0042B03D0A0
:108BA00023781C44A542F6D8304B1B68DA07D5D58C
:108BB00000BED3E7737F012B12D006F11E03494696
:108BC00086F81D90A6F81890A6F81A90184630223C
:108BD0000FF0A0FE01463046FFF7B0FE0028BDD0E2
:108BE00023781C44BAF1000FD2D10120B7E7E37813
:108BF00003F00303B9F1000F01D0012B18D0022BB1
:108C0000ACD12146404601F0FDFD28B306EB4B03F5
:108C1000E21B1A8122780BF101039A4514444FF0AC
:108C2000010BBFD8B9F1000FDFD002237377DCE767
:108C3000A388B269C3F30A039342E2D28EE700230A
:108C40003381897801F08EFE65E700227281997880
:108C5000404601F087FE67E7044B1B68DB077FF5A2
:108C60007DAF00BE7BE700BFD0700020F0ED00E0DC
:108C700010B4064C06480023C4E900331946C4F872
:108C800007304E225DF8044B0FF044BED070002038
:108C9000DC7100200120704710B4064C0648002308
:108CA000C4E900331946C4F807304E225DF8044B7E
:108CB0000FF030BED0700020DC7100202DE9F041B3
:108CC0004B790E2B04D04FF000084046BDE8F081F0
:108CD0008B79012BF7D1CB79012BF4D13E4E336840
:108CE0002BB13E4B1B68DB07EDD500BEEBE714460E
:108CF0000F461A46314605463760B480FFF7D2FD6D
:108D00000028E0D0F2883368B97813443C44A74285
:108D100093F814C03B4605D308E05A78042A4DD096
:108D20000B2A4BD01A7813449C42F6D8BCF1000FA2
:108D30004ED02B494A88002AD3D1D81B1FFA80F87D
:108D40003272A1F802809C4293F802E00A8098BF38
:108D5000034605D80BE05A78042A2BD00B2A29D0D9
:108D60001A7813449C42F6D8DB1B1FFA83F80022C2
:108D7000BCF1010FA1F804804A77B2D117FA80F054
:108D800017FA83F3984281780AD282788A4203D113
:108D900018E04278042AF8D0027810448342F8D8C8
:108DA000284600220E49FFF7A1FE00288BD0A6F826
:108DB00004808AE79A787245D2D0D5E79A788A42B9
:108DC000B0D0B3E7C278012AE6D18342EFD1E7E71A
:108DD000DB1B1FFA83F8EAE7D0700020F0ED00E01B
:108DE000DC7100202DE9F047167806F01F04012CF5
:108DF0008CB004D0002420460CB0BDE8F087DFF82A
:108E0000F892B2F804C0D9F80070804615465FFAAF
:108E10008CF317B1BA789A422CD0B44F7C88002CCE
:108E2000E9D03A7802EB820002EB400259F802E006
:108E30007444A2789A42DDD1C6F34116F3B2002BF6
:108E400000F09C80012B12D15FEA1C2C0FD16B88A3
:108E50001B0A022B00F02E81062B00F01781012B3C
:108E600000F0F580A24B1B68DB0700D500BE07238E
:108E70003B77BFE7C6F34116F4B2002C47D0012C74
:108E800025D15FEA1C2C26D0B9F80620BB18B95CA6
:108E9000DA89114419448B420ED29A78023A052A93
:108EA00006D8DA78624503D107E05A78242AF4D04C
:108EB0001A7813449942F8D849B1002389F8093047
:108EC000012498E78A4B1B68D90700D500BE072309
:108ED00089F809308EE76B881B0A012B00F095801A
:108EE000022BEFD16B78812B00F04781862BE9D1E3
:108EF0000129E2D10B46404629467E4A01F070FD29
:108F00000028DAD1FF2389F80930002473E76B7851
:108F10000A2B4AD00B2B3ED10129CED1EB88002B56
:108F2000F0D1B9F80630FA181179A9B1F85CD189F5
:108F3000537A0144034413440A44934205D395E110
:108F400019780B449A4240F2918159780529F7D15A
:108F50009978404601F006FD0026A9F806606A8867
:108F600065494046FFF79EFC04460028CAD02946C2
:108F7000404601F01DFD89F809603CE76B780A2B3B
:108F800027D00B2B7FF46EAF012900F0BD800023AA
:108F90003B7701242FE7564B1B6813F001032FD1B9
:108FA00007221C4689F8092025E7012985D1EB888D
:108FB000012BA7D1B9F80620BF18A3D00CAAF978C5
:108FC00002F8301D294601F00BFD04460028D2D1DD
:108FD00098E70129DBD1EB88012B35D1FB889BB3C6
:108FE0001EEB030330D00CAADB7802F8303D40467C
:108FF0000B46294601F0F4FC044628B33E77FAE616
:1090000000BE072389F80930F5E66B78812B00F064
:10901000D180862B00F0BE80012B7FF453AF012955
:1090200000F0CB8002297FF448AF344B002B3FF493
:1090300044AF99F80A100020AFF30080B0FA80F432
:1090400089F809006409D6E6FF233B77D2E67B7FE7
:109050000BB187F81DC06C78842C61D8822C65D246
:10906000012C00F00A81812C7FF4FCAE01298ED105
:10907000EB883BB1294640463023214A01F0B0FC41
:10908000002884D1FF233B770024B4E66B78812B42
:1090900000F0A180862B7FF4E5AE01297FF477AF45
:1090A000294640460123134A01F09AFC00287FF428
:1090B0006EAFE7E76B78812BD8D040F2B080852B7C
:1090C00000F09780862B7FF4CDAE01297FF45FAF4F
:1090D000EB88012BD6D10B4640462946094A01F0C0
:1090E0007FFC00287FF453AFCCE700BFDC71002089
:1090F000F0ED00E069B20300D07000200000000035
:10910000FA7100206AB203006A8839464046FFF7C8
:10911000EDFC002898D02946404601F049FC36E78E
:10912000862CD2D065D3872C7FF49CAE01297FF4A6
:109130002EAFEB88002BA5D0B64EE94606F1300ADB
:1091400030687168B268F368CC46ACE80F0010363E
:109150005645E146F4D19DF80210002940F09F8069
:10916000832C00F08381872C00F06481822C00F036
:10917000618108233B7700243DE601297FF49DAE01
:10918000294640460123A44A01F02AFC00287FF426
:1091900094AEB7E601297FF490AEEB88012B7FF403
:1091A000B1AE294640469D4A01F01AFC00287FF4E2
:1091B00084AEA7E601297FF480AEEB88012B7FF413
:1091C000A1AE294640460123954A01F009FC00283A
:1091D0007FF473AE96E601297FF4D9AE0B46404684
:1091E000294607F11C0201F0FBFB00287FF4CFAEFB
:1091F00048E701297FF4CBAEEB88022B7FF442AF26
:109200000CAA302122F8301D4046294601F0E8FB27
:10921000044600283FF436AF00233B77EBE5012BF3
:109220007FF420AE01293FF425AF02297FF4AFAED1
:109230007849A1F11E00FFF781FB044660B3794B2A
:109240007A6BBA613BB1734A79783878AFF30080B2
:1092500000287FF49CAE7449002302204FF48072F2
:109260000880C7E903337B61BA83C4E56F4B1B6891
:10927000D8077FF547AE00BE44E601293FF4FAAEB9
:1092800002297FF484AE6349A1F11E00FFF756FB6B
:10929000044600287FF47BAE08233B77ABE59DF8BE
:1092A000030000287FD1FA88002A3AD01EEB02037F
:1092B00037D01EF80220B3F80D005D4E104418445C
:1092C000134498420FD99A78102A04D826FA02F249
:1092D000D20700F1D5801A7813449842F1D95A7810
:1092E000242AF8D1EDE70346832C5AD0872C4CD0A2
:1092F000822C7FF43EAF01218DF803101A781A44B6
:10930000904237D9947804F0FD06052E10D0112C28
:109310000ED0147822449042F2D95478242CF8D1FB
:10932000EEE7424B1B68D9077FF523AF00BE20E76D
:10933000D478A142EDD1997806291DD010291BD0EF
:1093400004297FF416AFB2F80510B2F807205B7D50
:1093500002FB01F203FB02F3DB08CDF812306A4690
:1093600029464046302301F03BFB044600283FF4E9
:1093700089AE51E70246DEE7B2F80510B2F80730D1
:1093800003FB01F31B01DB08E7E79A78062A06D006
:10939000102A02D0042A7FF4ECAE997DACE79979CB
:1093A000AAE71979A8E7019B002BD8D1FA88002AEF
:1093B000B7D01EEB0203B4D01EF802E0B3F80D20C4
:1093C000DFF86CC072449E1873449E420ED99A789E
:1093D000102A03D82CFA02F2D20756D41A78134472
:1093E0009E42F2D95A78242AF8D1EEE733461A7809
:1093F00013449E4264D99A7802F0FD01052948D0B1
:10940000112A46D01A7813449E42F2D95A78242A57
:10941000F8D1EEE7FA710020D97000206AB203009B
:10942000DA70002000000000DC700020F0ED00E0A9
:109430005010010001238DF8023001234FF001127A
:10944000029300230392ADF810304FF6C0428DF81E
:10945000223040F29B13ADF81A20ADF81C30404A80
:10946000CDF81E2008238DF8233078E7FB88002BE9
:10947000E3D01EEB0303E0D01B7B8DF80230DCE76A
:10948000DA7891427FF427AF2EE7DA789142A5D1BE
:10949000ADE7DA789042B5D1823C052C3FF669AE53
:1094A00001A252F824F000BF299502000D95020098
:1094B000EF9402007391020073910200C5940200C0
:1094C0003346E9E7D3F8151042F21073B1FBF3F31A
:1094D000019100293ED0DDF812208BB9931CB3F521
:1094E000807F28BF4FF48073CDF8163037E75A7E5F
:1094F00072BBD3F8221042F21073B1FBF3F3E7E72B
:10950000013A1A44B2FBF3F30233E8E75A7ECAB1D8
:10951000053203EB8202D2F80210D3F81A3042F27D
:109520001072B3FBF2F3D3E75A7E72B1053203EB4C
:109530008202D2F80220D3F81A1042F21073B2FB62
:10954000F3F3C5E7D3F81E10E7E7D3F81E20F2E7E0
:10955000002301930023ADF81630ADF81830FEE675
:10956000030101012DE9F84F334C238953B12278CF
:10957000324F02EB820502EB45057D592B449F7863
:109580008F420AD02E4B1B68DB0703D500BE00209C
:10959000BDE8F88F0020BDE8F88FD4E904369E427C
:1095A00005460BD327490023C4E90333636119B18E
:1095B00061781046AFF300800120E9E701F046F939
:1095C0000028E7D0DFF88090A36999F80000D4E97B
:1095D000042BA2EB0B0808EB00069E4228BF1E4698
:1095E000B04213D9164B1B6813F0010301D000BE23
:1095F000002339462846144A01F048F90028DBD1F7
:109600000F4B1B68DA07C5D500BEC1E7E168A6EBC2
:10961000000A5944484452460FF058F90BEB0A032C
:10962000D0456361B3B2E4D199F8012042F002025F
:1096300089F80120DDE700BFDC710020D070002038
:10964000F0ED00E000000000DC7000202DE9F041AA
:10965000B2F5004F9DF8188030D80446C0681E4609
:109660000F46154618B14FF0FF310BF073FB206920
:1096700018B14FF0FF310BF06DFBE288E068276016
:1096800066F30E02C2F30721002368F3C711E280DC
:109690006381A580E171238118B11A4619460AF049
:1096A0003DFF206938B100231A4619460AF036FFFB
:1096B0000120BDE8F0810120BDE8F0810020BDE877
:1096C000F08100BF03894289808892B29BB29342A5
:1096D00036BFC2EB40029B1A9B189BB2984228BF30
:1096E00018467047028943899BB2981AB0FA80F0F5
:1096F0004009704703894289808892B29BB29342A5
:1097000036BFC2EB40029B1A9B189BB2984286BFA1
:10971000C01A80B2002070472DE9F8430546006961
:109720000E46174618B14FF0FF310BF013FB2B8993
:109730006989A8889BB289B28B4236BFC1EB4004CD
:109740005C1AE418A4B2002C4AD0A04206D283428C
:109750002CBF191A191889B269810446BC4228BF66
:109760003C468842A4B203D8091A89B28842FBD980
:10977000EA882B68401AC2F30E0887B21FFA88F2F3
:10978000BC4202FB013125D917FB08F91FFA89F900
:109790004A4630460FF09AF8E21B12FB08F206EB3D
:1097A000090092B229680FF091F86A89A88892B2EC
:1097B00011198BB29A4215D940001B1A9BB2286925
:1097C0006B8120B100231A4619460AF0A7FE2046F5
:1097D000BDE8F88302FB04F230460FF077F8E4E7C7
:1097E00069898BB240008342E9DBE6E738B505467C
:1097F00000690C4618B14FF0FF310BF0ABFA298924
:109800006B89AA8889B29BB2994236BFC3EB4200EA
:10981000C81A401880B200B3824209D291422CBFCC
:109820008B1A8B189BB29A426B8103D89B1A9BB2FE
:109830009A42FBD9EA882968C2F30E02204602FB4D
:1098400003110FF043F80124286920B100231A46C0
:1098500019460AF063FE204638BD0446F4E700BF0F
:109860002DE9F0471446002A4FD00546C0680F4640
:1098700018B14FF0FF310BF06DFAEA792E89698942
:10988000AB88D209B6B289B242D18E4236BFC1EBA3
:109890004301711A891989B2994252D2591A89B26F
:1098A0008C42E88828BF0C46C0F30E08B34230460D
:1098B00003D8C01A80B29842FBD21B1A2A681FFA3A
:1098C00083F9A14508FB002047D219FB08FA1FFACB
:1098D0008AFA524639460EF0F9FFA4EB090212FB50
:1098E00008F207EB0A0192B228680EF0EFFFA31905
:1098F0009BB2AA88B3424FEA420201D3934201DBF2
:109900009B1A9BB2E8682B81F8B92046BDE8F08726
:10991000E8889C42C0F30E080FD28E4223D3721AFD
:1099200092B2580022448242C0DBCE18361BB6B237
:10993000B14220D9361AB6B2B8E7E41A08FB047768
:10994000B3B9E86800240028DFD000231A4619467E
:109950000AF0E4FD2046BDE8F08708FB04F2394632
:109960000EF0B4FFC3E75800421A324492B2D9E76E
:109970000E461C4698E7B04298DCDBE710B504467B
:10998000C06818B14FF0FF310BF0E4F9206918B14D
:109990004FF0FF310BF0DEF9E06800236381238193
:1099A00018B11A4619460AF0B9FD206920B1002302
:1099B0001A4619460AF0B2FD012010BD38B5C37928
:1099C000B1EBD31F1FD00446C0680D4618B14FF04D
:1099D000FF310BF0BFF9206918B14FF0FF310BF0E8
:1099E000B9F9E379E06865F3C713E37120B10023A7
:1099F0001A4619460AF092FD206920B100231A4642
:109A000019460AF08BFD012038BD00BF704700BF2A
:109A1000704700BF0020704700207047704700BFAC
:109A2000704700BF704700BF704700BF024B5878B7
:109A3000003018BF0120704784720020024B187854
:109A4000C0F38000704700BF84720020024B18787A
:109A5000FF3818BF01207047186100202DE9F0473A
:109A6000374E3378FF2B82B004D00125284602B050
:109A7000BDE8F087002946D03822884607460021F5
:109A800030480EF047FF304B3049002501201D7053
:109A90000AF01EFF2E4B1860002834D02D4C2346B0
:109AA000626833F80C0B618800950AF0C5FCA16868
:109AB00005460BF029FB284B1D6075B3274B23B1DE
:109AC0002748AFF30080274B1860254CDFF89CA097
:109AD0002278DFF8909000252B460EE0D9F8003070
:109AE00013EB45130FD05B686BB1984722780135B3
:109AF000EDB2511DA9422B4615DBAA42EED89B1AA6
:109B00000AEB4313EFE7184B1B68DA0700D500BEDA
:109B10000025284602B0BDE8F087134B1B68DB0721
:109B2000F6D500BEA2E741463846377001F050FE38
:109B300005460028F1D0384601F04CFE96E700BFFC
:109B40001861002084720020847300203472002089
:109B5000BC720020BC600020C07200200000000029
:109B6000307200202C720020F0ED00E06CB2030097
:109B7000B94B1B78FF2B00F0A1812DE9F04F044673
:109B80008BB04FF47A7200238002A10D0EF080FC9E
:109B9000B24DDFF8E4B2B24E8246671C286800F08E
:109BA0002481002C00F02181BAF1000F14BF52462D
:109BB000012207A90AF03CFFC0B19DF81D30013B0E
:109BC000072B00F21481DFE813F0F200D300CA0083
:109BD000BF00B700410014000800089B0BB10998B2
:109BE000984728680BF062FA0028D6D10BB0BDE880
:109BF000F08F9DF820109B4B01F07F0703EB47038C
:109C000003EBD11393F826006FF3000083F82600CE
:109C100093F826006FF3820083F82600002F00F0EF
:109C20004581914A1B7D12789342C0F03381501DCB
:109C30009842C0F234819B1A0BEB43139F699DF845
:109C40002120099B9DF81C00B847CAE7874A137872
:109C5000002B00F024811378013BDBB213701378E2
:109C600003F0FF00002BBCD1DFF8F8919DF81C80B9
:109C700099F8003043F0010389F8003099F8263054
:109C800060F3000389F8263099F8263060F38203E8
:109C900089F8263099F8273060F3000389F82730D7
:109CA00099F8273060F3820389F8273000F002FF2B
:109CB0009DF8203003F06002602A00F00681402AFF
:109CC00000F00A8103F01F03012B00F0D581C0F0E2
:109CD0001281022B40F0F9809DF8241001F07F07DB
:109CE000082F00F2F2807B00C80901934B44034423
:109CF00000905D481F7D03789F4280F00F8233689B
:109D000003EB4717002A00F0108257B1786900F082
:109D1000D1FE7B69404608AA0121984700287FF4BC
:109D200060AF9DF81C00002101F0BEFF80219DF86E
:109D30001C0001F0B9FF54E74A4B1B78D8077FF5A8
:109D400050AFFFF771FE4CE7464B1A78D7077FF507
:109D500048AF1878C0F3C000FFF764FE41E7414BFD
:109D6000DB78D9077FF53DAF0898FFF751FE38E75C
:109D70003D4F9DF81C903A780023984610E03368D8
:109D800013EB481300F08080DB68484698473A7828
:109D900008F101085FFA88F8511D8845434645DC03
:109DA0009045A3EB0203EAD30BEB4313ECE72E4FF2
:109DB0009DF81C903A78002398460FE0336813EB27
:109DC00048135BD0DB68484698473A7808F10108A9
:109DD0005FFA88F8511D884543460FDC9045A3EB98
:109DE0000203EBD30BEB4313ECE72246E1E6204BF7
:109DF0001B68DA077FF5F5AE00BEF2E638220021D7
:109E000018480EF087FD1B4A4FF0FF33C2E90533B7
:109E1000C2E90033C2E90233D3611384136100F055
:109E20003FFE104B9DF820209A70DAE63822002180
:109E30000C480EF06FFD0F4A4FF0FF33C2E90533B7
:109E4000C2E90033C2E90233D3611384136100F025
:109E500027FEFFF7E5FDC4E618610020C072002070
:109E60002C72002084720020307200208473002045
:109E7000F0ED00E0887200206CB20300A44B1B6878
:109E8000D907CCD500BECAE7A14B1B68DA07DED5DF
:109E900000BEDCE7326812EB43137FF4CFAE9C4B7D
:109EA0001B68DB077FF5A2AE00BE9FE6099B9DF80D
:109EB00021209DF81C0000F013FE92E67047FCF78D
:109EC000F5FC0246002840F0E981914B1B68DA0757
:109ED0007FF527AF00BE24E78E4800283FF421AF6E
:109EE00000F0E8FD404608AA0121FCF725FF002804
:109EF0007FF477AE15E7202A00F0F180002AE4D144
:109F00009DF82130092BE0D801A252F823F000BFC0
:109F100037A0020017A00200CB9E020059A0020049
:109F2000CB9E0200F99F0200A59F0200CB9E02007B
:109F30008F9F0200399F02009DF8223001931A463C
:109F400099F801309A4200F0548199F80130002BC1
:109F500040F05481019B89F80130002B00F04781CB
:109F6000581EC0B2FCF7A2FC18B14378022B00F0D7
:109F7000C181674B1B68DB0700D500BE644B1B68C3
:109F8000D80700D500BE002389F80130C9E60AAA27
:109F900099F8013002F80E3D4046012308A900F06F
:109FA0001FFD1EE6BDF82200030A5A1EC0B20E2A8B
:109FB0003FF6B7AE01A151F822F000BFAFA20200F8
:109FC0008BA202007BA20200239D0200239D0200BF
:109FD0005DA202008BA20200239D0200239D0200CD
:109FE000239D0200239D0200239D0200239D020069
:109FF000239D0200DFA2020008A800F061FD404698
:10A000009DF8221001F0ECFB99F8003043F00203B8
:10A0100089F80030E5E5BDF82230012B7FF481AEF0
:10A0200099F8003040466FF3C30308A989F800305F
:10A0300000F0BEFCD5E599F80030990801F0020166
:10A04000C3F340130AAA0B4322F80E3D40460223F5
:10A0500008A900F0C5FCC4E5BDF82230012B7FF44F
:10A0600060AE99F80030404643F0080308A989F82B
:10A07000003000F09DFCB4E59DF824300F2B3FF636
:10A0800050AE4B44244A1B791778BB4238D237680C
:10A0900017EB43173FF445AE786900F00BFD7B6981
:10A0A00008AA01214046984700287FF49AAD9DF800
:10A0B000203013F060077FF434AE9DF821300A3B66
:10A0C000012B3FF62EAE00F0F5FC9DF821300A2B57
:10A0D00000F0FC8008A9404600F06AFC81E59DF88C
:10A0E00024300F2B3FF61DAE4B440B4A1B791778DB
:10A0F000BB4260D2376817EB43173FF412AE05E658
:10A100007A1D9A42FFF60DAEDB1B0BEB4317C3E73C
:10A11000F0ED00E0396D020030720020581DB842A9
:10A1200039DA002A7FF4FDAD17469DF82130012B66
:10A1300003D036D3032B7FF4C8AEBDF822200292A1
:10A14000AAB9B84A012B10783DD001F0ADFD019BB2
:10A15000009A4B44134493F8262042F0020283F8FD
:10A16000262093F8262042F0010283F82620002FB3
:10A170003FF437AD786900F09DFC7B69012108AAA6
:10A1800040469847002000F095FC99F82730D90701
:10A190003FF527AD9EE7FB1A0BEB4317002AC4D00F
:10A1A000B4E5019B009A4B44134420330AAA9B79DF
:10A1B000C3F3400348E77A1D9A42FFF6B2ADDB1BBA
:10A1C0000BEB4317A2E501F097FD019B009A029962
:10A1D0004B44134493F8262061F3410283F8262070
:10A1E00093F8262061F3000283F82620BFE7FFF7EB
:10A1F00017FC404608A900F0DBFBF2E400214046D2
:10A2000001F000FB404601F09FFB874F99F80230B8
:10A210000293002300943A781C460CE00BEB4313A6
:10A22000DB68404698473A780134E4B2501D8442D6
:10A23000234600F3CE809442A3EB0203EED23368B0
:10A2400013EB4413ECD1794B009C1B68DB0700D562
:10A2500000BE9DF8083089F802307BE6FFF7DAFB94
:10A26000024600283FF45DAD4046137808A900F08F
:10A27000B7FB00287FF4B5AC53E5BDF82410FCF71C
:10A280001BFB02460028EFD14BE5022B3FF417AE33
:10A29000FFF7C2FB024600283FF443AD4046538817
:10A2A00008A900F09DFB00287FF49BAC39E5FCF782
:10A2B000F9FA024600283FF408AE4046122308A9E6
:10A2C00000F08EFB00287FF48CAC2AE50AAA08A9CE
:10A2D00002F80E7D4046012300F082FB81E4544BDE
:10A2E000002B3FF41EADFCF723FD024600283FF48F
:10A2F00018ADD3E7C27999F80030511161F3041316
:10A30000921162F3451389F800304388CDF810802C
:10A31000CDE900A4C318039300F10907039BBB42D6
:10A3200037D97B780B2B03BF3B7897F803A0FF1836
:10A330004FF0010A7B78042B43D1039B3A4ACDF8B6
:10A3400014A0DB1B00219BB20291127888469A462A
:10A3500017E0346814EB481433D052463946049859
:10A3600023699847082808F1010201D9824543D2A0
:10A370002D4B5FFA82F81A78CDF80880511D884578
:10A380001CDC029B9045A3EB0202E2D30BEB4214D0
:10A39000E3E7DDF81080DDE900A4FFF73FFB28E7E5
:10A3A0000246434604463946224802F0B1FA1E4BA3
:10A3B000029A1B78053393422744AFDADDE900A403
:10A3C000D7E51A4B1B68DF07DDE900A47FF5D6ADA2
:10A3D000D3E5382200211848009C0EF09BFA174A5A
:10A3E0004FF0FF33C2E90533D3611384C2E9003370
:10A3F000C2E9023313612CE7DDF814A0BAF1010FB2
:10A400001ED00021CBB2534501F10101C8D2BA7868
:10A41000134459FA83F31A79FF2AD2D183F80480BE
:10A42000F0E700BF1861002030720020F0ED00E07E
:10A43000316D020098720020847200208872002022
:10A4400023690A4A0A498B4208BF4FF0020A934225
:10A45000D7D17B79012BD4D1BB79012BD1D1FB7919
:10A46000002B08BF4FF0020ACBE700BF597902006A
:10A47000197102002DE9F0434378023B85B005468F
:10A480000E46042B0CD8DFE803F0495D037E3F0045
:10A49000844B1A78D70715D51A7842F004021A703F
:10A4A000814B18688EB933464FF0FF3229460AF0C7
:10A4B00035F8003018BF0120F0B97C4B1B68DB0772
:10A4C00000D500BE05B0BDE8F08304AA002342F821
:10A4D0000C3D29460AF032FA019B43B1744B4FF010
:10A4E00080525A6040BFBFF34F8FBFF36F8F003071
:10A4F00018BF01200028E0D0324669782878FFF79D
:10A5000085FA05B0BDE8F0836A4A13780133DBB2FF
:10A510001370654B1868002ED7D1C4E7614B1A78C9
:10A520006FF300021A701A7800216FF341021A705B
:10A5300059701A7861F382021A705B4B1868002E0A
:10A54000C3D1B0E75C4FDFF874913978DFF87081E0
:10A55000002423460AE0D8F8003013EB44130AD154
:10A560000134E4B24A1DA242234615DB8C42F2D3E9
:10A570005B1A09EB4313DB69002BF1D0696828787B
:10A5800098473978ECE7474B1A78D4079AD51A7868
:10A590006FF382021A7083E7424C237858072FD555
:10A5A000237841496FF3820323702B788DF80430B0
:10A5B00005220023CDF80A30CDF80630ADF80E3074
:10A5C00008688DF80520002E59D004AA01A942F888
:10A5D000103D0AF0B3F9009B43B1354B4FF0805268
:10A5E0005A6040BFBFF34F8FBFF36F8F003018BF6B
:10A5F000012000284DD12D4B1B68D90700D500BE86
:10A60000E378DA077FF55EAF274A2B786968106830
:10A610008DF8043003220023CDF80A30CDF806303F
:10A62000ADF80E3002918DF80520F6B104AA01A90B
:10A6300042F8103D0AF082F9009B43B11C4B4FF0E9
:10A6400080525A6040BFBFF34F8FBFF36F8F00300F
:10A6500018BF012000283FF430AF32469DF80510A6
:10A660009DF80400FFF7D2F92CE733464FF0FF3294
:10A6700001A909F053FF003018BF0120EAE7334673
:10A680004FF0FF3201A909F049FF003018BF012047
:10A69000AFE732469DF805109DF80400FFF7B6F9C4
:10A6A000AEE700BF84720020C0720020F0ED00E031
:10A6B00000ED00E084730020307200206CB20300D3
:10A6C0002C7200202DE9F84F0A9F002A4CD09046AA
:10A6D0004A78052A0C460ED1CE7806F00306B3421E
:10A6E00009D18A7802F07F02082A0DD9204B1B6815
:10A6F000DA0700D500BE1E4B1B68DB0702D4002022
:10A70000BDE8F88F00BEFAE7DFF868B0DFF868A0B0
:10A710009BF8009000250EE06278052AEBD1E278E4
:10A7200002F00302B242E6D1A27802F07F02082AC8
:10A73000DCD89BF800909AF802100022204602F024
:10A7400095F80028D2D04846214601F06FF800283D
:10A75000D1D0A278D30916BF0B9B3A701A70227819
:10A76000013545451444D7D10120BDE8F88F00BF1D
:10A77000F0ED00E0186100208472002030B51E4D1D
:10A7800085B0082400230290019303918DF80540C1
:10A790002868144682B9134601A94FF0FF3209F028
:10A7A000BDFE003018BF0120E0B9144B1B68DB0769
:10A7B00000D500BE05B030BD04AA01A942F8103D85
:10A7C0000AF0BCF8009B43B10D4B4FF080525A6029
:10A7D00040BFBFF34F8FBFF36F8F003018BF012012
:10A7E0000028E2D022469DF805109DF80400FFF7EE
:10A7F0000DF905B030BD00BFC0720020F0ED00E0E3
:10A8000000ED00E038B58B7803F07F03082B06D904
:10A810000B4B1B68DB0700D500BE002038BD094A82
:10A82000094B0C46204691781D78002202F01EF854
:10A830000028EDD021462846BDE8384000F0F6BF9C
:10A84000F0ED00E08472002018610020CB0926336F
:10A8500001F07F010348044A03EB410108441168F9
:10A8600001F0BABF84720020BC720020CB092633ED
:10A8700001F07F010348044A03EB410108441168D9
:10A8800001F0D6BF84720020BC72002038B5154C90
:10A8900001F07F0504EB450404EBD1142034A079CA
:10A8A000C00706D5104B1B68DA0700D500BE002094
:10A8B00038BDA5790D4845F001050078A57101F076
:10A8C000F1F80028F4D1A379074A60F30003A371DB
:10A8D000A37960F38203A3711368DB07E7D500BE99
:10A8E00038BD00BF84720020F0ED00E01861002048
:10A8F000054B01F07F0203EB420303EBD11191F80A
:10A90000260000F0010070478472002010B50C4B47
:10A9100018780C4601F0C8F90A4904F07F0301EBEE
:10A92000430101EBD41191F8263043F0020381F882
:10A93000263091F8263043F0010381F8263010BD0F
:10A940001861002084720020054B01F07F0203EBA8
:10A95000420303EBD11191F82600C0F34000704789
:10A960008472002010B50F4B18780C4601F036F8B1
:10A970000D4904F07F0301EB430101EBD41191F881
:10A9800026306FF3410381F8263091F826306FF3BB
:10A99000000381F8263091F826306FF3820381F8A6
:10A9A000263010BD1861002084720020704700BF5F
:10A9B0000A4630B4094C496805461068234603C36B
:10A9C0000023C4E9023392F900209A422846ACBF22
:10A9D000802119461A4630BCFFF758BFC8730020C3
:10A9E000F0B50E462B4C496807463068A2602546F4
:10A9F00003C50021E181F588AB4228BF2B4683B017
:10AA0000A381ADB13BB3002A3DD094F90000402BA7
:10AA100028BF402300282CDB1F4A3846FFF736FFAB
:10AA200098B91E4B1B68DB0712D500BE03B0F0BD02
:10AA300096F90030002BACBF8021002138462B4610
:10AA40002A46FFF723FF0028EBD0012003B0F0BD1A
:10AA5000002003B0F0BD94F90020002AACBF1946D5
:10AA600080211A463846FFF711FF0028D9D001206F
:10AA7000ECE71146084801931A460DF027FF064AF5
:10AA8000019B8021EEE7054B1B68D907E0D500BE8E
:10AA90001046CBE7C873002088730020F0ED00E07B
:10AAA000034B0022C3E90022C3E902221A61704766
:10AAB000C8730020014B1861704700BFC8730020A5
:10AAC0000346064A5968006810B41346002403C3BD
:10AAD000C2E902445DF8044B704700BFC873002010
:10AAE00070B5404C2278C909B1EBD21F82B006463E
:10AAF00015D03BB13C4B1B68DA0700D500BE0020E7
:10AB000002B070BD2146FFF751FF2369002B40D0F2
:10AB10002246304603219847012002B070BD94F9C7
:10AB20000020A068002A08DB0028E8D01A462F4938
:10AB300001930DF0CBFEA068019BE589E2881D44DE
:10AB4000ADB21844AA42A060E58101D03F2B23D8C2
:10AB5000236923B1234A02213046984788B194F9EA
:10AB6000002000239A42ACBF8021194630461A4685
:10AB7000FFF78CFE68B91C4B1B68DB07BFD500BE16
:10AB8000BEE70146304601F08FF83046802101F0E3
:10AB90008BF8012002B070BDA28994F90010531BFC
:10ABA0009BB2402B28BF402300290ADB95424FF07F
:10ABB000000112D00D4A3046FFF768FE0028DAD0B7
:10ABC000E7E795420BD001461A46084801930DF07D
:10ABD0007DFE8021054A019BEDE70A46EBE78021D7
:10ABE0000022E8E7C8730020F0ED00E08873002041
:10ABF00000B170470BF024BC00B170470BF02ABCC9
:10AC00000138C3B2042B07D856230D4A03FB00F0CA
:10AC100013181B79DB0706D40A4B1B68DB0700D52A
:10AC200000BE00207047CB09363301F07F0103EBF3
:10AC30004101054B08441044196801F0CDBD00BF27
:10AC4000DC730020F0ED00E08C7500200138C3B209
:10AC5000042B07D856230A4A03FB00F013181B796C
:10AC6000DB0701D400207047CB09363301F07F01A8
:10AC700003EB4101034B08441044196801F0D8BDAF
:10AC8000DC7300208C750020F0B5441EE5B2042D65
:10AC900083B017D8562505FB04F5174E01F07F0445
:10ACA00005EB4404344404EBD1143034A779FF0796
:10ACB0000BD5124B186810F0010001D000BE002027
:10ACC00003B0F0BD002003B0F0BD1F4613460A4696
:10ACD0000146705DA579009745F00105A57100F06A
:10ACE000BDFB0028ECD1A37960F30003A371A37925
:10ACF00060F38203A371E3E7DC730020F0ED00E072
:10AD00002DE9F047764DAF798F4284B091461E46CB
:10AD100004465BD0E2234FF0000AA9718DF80910B8
:10AD20008DF80830ADF80CA0002E00F0B3800121A2
:10AD300003AF0DF10808FBF72DFE41463A4602230A
:10AD40002046FBF755FE51462046FBF723FE9DF8B3
:10AD50000C30EB702223D9F800908DF80730002ECC
:10AD60003ED020460121FBF715FE3A460DF10701C2
:10AD700001232046FBF73CFE9DF80C30EB70494662
:10AD8000082300222046FBF733FE20460021FBF774
:10AD900001FE0026102241F2F20320460121EA7151
:10ADA000ADF80830ADF80C60FBF7F4FD3A464146CB
:10ADB00002232046FBF71CFE31462046FBF7EAFD46
:10ADC0009DF80C30EB7004B0BDE8F087222303AF90
:10ADD0000DF10808D9F800908DF80730002EC0D189
:10ADE0004FF0FF31E86D09F0B5FF31462046FBF723
:10ADF0000BFE20460121FBF7CDFD3A460DF1070180
:10AE000001232046FBF7F4FD9DF80C30EB70324631
:10AE1000082349462046FBF7EBFD31462046FBF769
:10AE2000B9FD20460121FBF7EFFD3346324631469E
:10AE3000E86D09F073FB102241F2F2034FF0FF318D
:10AE4000E86DEA71ADF80830ADF80C6009F082FFEA
:10AE500031462046FBF7D8FD20460121FBF79AFD3D
:10AE60003A46022341462046FBF7C2FD31462046C2
:10AE7000FBF790FD20460121FBF7C6FD3346324625
:10AE80003146E86D09F04AFB9DF80C30EB7004B0D8
:10AE9000BDE8F0874FF0FF31E86D09F05BFF314608
:10AEA0002046FBF7B1FD03AF204601210DF1080854
:10AEB000FBF770FD3A46022341462046FBF798FD1A
:10AEC00031462046FBF766FD20460121FBF79CFD3D
:10AED000334632463146E86D09F020FB37E700BFC4
:10AEE000907500202DE9F04F4B781D070E4685B078
:10AEF00090460978044662D1DA0600F14881B268CA
:10AF000012B1B288002A5AD1E24D03F02006AB7983
:10AF100066F07F068B42F6B200F06481E2230027E0
:10AF2000A9718DF809108DF80830ADF80C70B8F1E2
:10AF3000000F00F06C82012120460DF10C090DF18B
:10AF4000080AFBF727FD51464A4602232046FBF735
:10AF50004FFD39462046FBF71DFD9DF80C30EB7088
:10AF6000F223EE718DF8096000268DF80830ADF8F7
:10AF70000C60B8F1000F40F0D980E86D4FF0FF3160
:10AF800009F0E8FE41462046FBF73EFD2046012140
:10AF9000FBF700FD4A46022351462046FBF728FDF9
:10AFA00041462046FBF7F6FC20460121FBF72CFD2D
:10AFB000434642464146E86D09F0B0FA45E0B54DDA
:10AFC00013F02007AA7946D1914240F0BE800DF1DE
:10AFD0000C090DF1080AB37813F0100F0CBF102202
:10AFE0002022EA2300278DF809208DF80830ADF8DB
:10AFF0000C70B8F1000F00F0FA8001212046FBF739
:10B00000C9FC02234A4651462046FBF7F1FC39466B
:10B010002046FBF7BFFC9DF80C30EB707378EB71AA
:10B02000F222012120468DF809308DF80820ADF874
:10B030000C70FBF7AFFC51464A4602232046FBF753
:10B04000D7FC39462046FBF7A5FC9DF80C30EB7089
:10B0500005B0BDE8F08F914240F0A1800DF10C09E0
:10B060000DF1080AB37813F0100F0CBF40228022B4
:10B07000EA2300278DF809208DF80830ADF80C7010
:10B08000B8F1000F00F0E48001212046FBF782FCBC
:10B09000514602234A462046FBF7AAFC3946204681
:10B0A000FBF778FC9DF80C30EB7032882B899A42C4
:10B0B0002AD0B788F2887388BF1ABFB25B099F4253
:10B0C00028BF1F4617F0FF0740F008813A23AF70F2
:10B0D0008DF8097000278DF80830ADF80C70B8F1C4
:10B0E000000F00F0D98001212046FBF753FC5146A8
:10B0F00002234A462046FBF77BFC39462046FBF7F5
:10B1000049FC9DF80C30EB7033782B7273786B72BE
:10B110007378EB71F22200268DF809308DF8082043
:10B12000ADF80C60B8F1000F3FF427AF20460121C5
:10B13000FBF730FC51464A4602232046FBF758FCF9
:10B1400031462046FBF726FC7FE7E223A9718DF804
:10B150000910ADF80C708DF80830B8F1000F00F050
:10B16000DE80012120460DF10C090DF1080AFBF7E4
:10B1700011FC51464A4602232046FBF739FC39466A
:10B180002046FBF707FC9DF80C30EB7023E74346A5
:10B1900006F10802FFF7B4FD05B0BDE8F08FE22329
:10B1A0000027A9718DF809108DF80830ADF80C70E2
:10B1B000B8F1000F00F0D980012120460DF10C09F3
:10B1C0000DF1080AFBF7E6FB51464A4602232046EA
:10B1D000FBF70EFC39462046FBF7DCFB9DF80C30F4
:10B1E000EB703FE70DF10C090DF1080AB8E64FF0DE
:10B1F000FF31E86D09F0AEFD41462046FBF704FC47
:10B2000001212046FBF7C6FB02234A465146204651
:10B21000FBF7EEFB41462046FBF7BCFB0121204635
:10B22000FBF7F2FB434642464146E86D09F076F9EA
:10B230009DF80C30EB707378E86DEB71F2224FF0F3
:10B24000FF318DF80930ADF80C808DF8082097E6B5
:10B250004FF0FF31E86D09F07DFD41462046FBF7D8
:10B26000D3FB20460121FBF795FB4A4602235146BA
:10B270002046FBF7BDFB41462046FBF78BFB2046F3
:10B280000121FBF7C1FB434642464146E86D09F008
:10B2900045F907E7907500204FF0FF31E86D09F0A0
:10B2A00059FD41462046FBF7AFFB20460121FBF745
:10B2B00071FB4A46022351462046FBF799FB414663
:10B2C0002046FBF767FB20460121FBF79DFB434629
:10B2D00042464146E86D09F021F912E712238DF844
:10B2E0000730D6F808B0B8F1000F64D0204601212D
:10B2F000FBF750FB4A460DF1070101232046FBF7FF
:10B3000077FB9DF80C30EB7059463B4600222046F7
:10B31000FBF76EFB00212046FBF73CFBD6E64FF027
:10B32000FF31E86D09F016FD41462046FBF76CFB46
:10B330000DF10C09204601210DF1080AFBF72AFB4B
:10B340004A46022351462046FBF752FB414620461F
:10B35000FBF720FB20460121FBF756FB4346424604
:10B360004146E86D09F0DAF80DE74FF0FF31E86D7E
:10B3700009F0F0FC41462046FBF746FB0DF10C09B5
:10B38000204601210DF1080AFBF704FB4A4602237F
:10B3900051462046FBF72CFB41462046FBF7FAFAC4
:10B3A00020460121FBF730FB434642464146E86D0B
:10B3B00009F0B4F812E74FF0FF31E86D09F0CAFC6C
:10B3C00041462046FBF720FB20460121FBF7E2FA2D
:10B3D0004A460DF1070101232046FBF709FB9DF8C2
:10B3E0000C30EB7042463B4659462046FBF700FBCB
:10B3F00041462046FBF7CEFA20460121FBF704FB2D
:10B40000434642464146E86D09F088F85EE64FF053
:10B41000FF31E86D09F09EFC41462046FBF7F4FA47
:10B420000DF10C09204601210DF1080AFBF7B2FAD3
:10B430004A46022351462046FBF7DAFA41462046A7
:10B44000FBF7A8FA20460121FBF7DEFA4346424605
:10B450004146E86D09F062F87FE500BF2DE9F04153
:10B4600002F07F0CBDF818E0D20981BBBCF1000FDF
:10B470005ED13E4EA6F160077178B47882F0010289
:10B4800062F345110A466FF3041244F01001727022
:10B49000B170B278B360032363F3030200258046E2
:10B4A000A6F804E0B270F5802846FFF7A1FBBC7A4D
:10B4B000C4BB01252046BD72FFF79EFB22464046D5
:10B4C00031462C46FFF70EFD2046BDE8F08182F0A4
:10B4D0000108BCF1000F2ED0254F01223C4604E0AC
:10B4E0000132142A04F10C0418D094F86C508D42E7
:10B4F000F6D102EB420507EB850595F8615005F0A2
:10B500000F066645ECD1C5F34015454504F16C06C0
:10B51000BFD00132142A04F10C04E6D100242046E5
:10B52000BDE8F0812846FFF767FB2046BDE8F081C3
:10B5300082F00108D0E70E4F01243D4602E00134BD
:10B54000142CEBD095F86C608E4205F10C05F6D109
:10B5500004EB4406B60007EB060C9CF861C01CF037
:10B560000F0FECD160363E4486E700BFF075002037
:10B570009075002042DF704743DF704744DF70471B
:10B5800012DF7047F0B5334CBFF35B8F014604F513
:10B5900090730125D3E84F2FC3E8405F0028F9D10D
:10B5A000BFF35B8F12F0FF0F48D1082929D04E015D
:10B5B000A21954F806C028489388284F01F59476BC
:10B5C00001EB810E50F82660D2889A1A93B2B6B277
:10B5D00000EB8E0209B2B34228BF3346C2F800C75F
:10B5E00007EB8100C2F8043747F82150BFF36F8F93
:10B5F000BFF34F8F1A4B984218D0043B984215D096
:10B60000F0BD154BD3F8C024D1030FD494F80B111F
:10B6100061B11449D4F80001C3F8A007C3F8A42706
:10B620000D60BFF36F8FBFF34F8FF0BD0023BFF3EB
:10B630005B8F84F82031BFF35B8FF0BD0A4B0B4862
:10B640005A68C2F30802003218BF0122BDE8F04078
:10B65000FFF794B8E07600200070024028700240A6
:10B66000507002404870024000ED00E0E5B6020074
:10B67000174BBFF35B8F01460122D3E84F0FC3E89E
:10B680004C2FBCF1000FF8D1BFF35B8F10F0FF0F10
:10B6900014D10A60BFF36F8FBFF34F8F0D4B9942E8
:10B6A00003D0043B994200D070470B4BBFF35B8F34
:10B6B000002283F82021BFF35B8F7047074B0848B7
:10B6C0005A68C2F30802003218BF0122FFF756B8C9
:10B6D0000078002050700240E076002000ED00E08D
:10B6E00071B60200F0B5334CBFF35B8FC1B204F505
:10B6F00090730126D3E84F2FC3E8406F0028F9D19B
:10B70000BFF35B8F12F0FF0F47D1082928D04D01FE
:10B71000621954F805E028489388DFF8B0C001F5B5
:10B72000947550F82570D2888D009A1A93B2BFB2E2
:10B730006A1800EB8202BB4228BF3B46C2F800E712
:10B740006544C2F804374CF82160BFF36F8FBFF334
:10B750004F8F1A4B9D4218D0043B9D4215D0F0BD2F
:10B76000154BD3F8C024D1030FD494F80B1161B159
:10B770001349D4F80001C3F8A007C3F8A4270E604A
:10B78000BFF36F8FBFF34F8FF0BD0023BFF35B8F0D
:10B7900084F82031BFF35B8FF0BD0A4B0A485A682A
:10B7A000C2F30802003218BF0122BDE8F040FEF7E4
:10B7B000E5BF00BFE07600200070024050700240FC
:10B7C0004870024000ED00E0E5B60200287002403B
:10B7D00001207047014B80225A60704700E100E071
:10B7E000074BD3F80014D3F8002400200A434FF489
:10B7F0008001C3F80024C3F85801C3F8041370474C
:10B8000000700240074B4FF4001229B9C3F8082317
:10B81000054B83F821117047C3F80423024B83F8CA
:10B820002111704700700240E076002070B48A78E1
:10B830008C88414EC97802F07F03D50905EB43009F
:10B8400006EB001001F00301C4F30A04012904818E
:10B850002BD0012101FA03F4BDB1384802339940DD
:10B86000C0F80413D0F810352343C0F81035334B1B
:10B8700042F48071C3F81825C3F80C15BFF36F8F1D
:10B88000BFF34F8F012070BC70472C4803F10C06AA
:10B89000B140C0F80413D0F8141503F594730C43A9
:10B8A000C0F8144540F82350E1E7082B08D0244B9A
:10B8B000186810F00100E6D000BE002070BC704790
:10B8C000EDB9B6F818311BB11C4B8022C3F81C250A
:10B8D0001A4A0023C2F85031D2F8003313F400138F
:10B8E00008BFC2F85431154B4FF44012C3F804237B
:10B8F000D3F8142542F48072C3F81425BEE7B6F8D5
:10B9000008210E4B0021C3F82C1112B18022C3F87C
:10B910001C250A4AD2F8003313F4001308BFC2F8FA
:10B920005431064B074AC3F80423D3F8102542F4D8
:10B930008072C3F81025A1E7E07600200070024075
:10B94000F0ED00E0000820001F4B80222DE9F041BF
:10B95000C3F88420BFF34F8FBFF36F8F01241B4DBB
:10B960001B4FA0460026A30004F10C02A11C03F10A
:10B97000804303F51C3308FA01F108FA02F20A4386
:10B98000C7F8082328465E60013420229E62002109
:10B990000CF0C0FF082C05F12005E4D10D4BC7F8D1
:10B9A00008332022C7F81C6500217E620A48BE6465
:10B9B0000CF0B0FFC7F81485C7F81085024B802241
:10B9C0005A60BDE8F08100BF00E100E00077002090
:10B9D0000070024000083000E077002001F07F0294
:10B9E000082A70B44FEAD11128D0012303FA02F0DB
:10B9F000C043B1B1294C951CAB40C4F80833D4F80E
:10BA00001055274B2840C4F8100501EB420103EB09
:10BA100001110023CB72BFF36F8FBFF34F8F70BC48
:10BA200070471E4C02F10C05AB40C4F80833D4F843
:10BA300014551B4B2840C4F81405E6E7184B03EBDC
:10BA400001100024A0F808411448D1B14FF400645B
:10BA5000C0F80843D0F8104524F48074C0F81045AD
:10BA6000B3F81841B3F808510C48EC424FF0000607
:10BA700008BF4FF40014C0F81C6508BFC0F80843A5
:10BA8000C3E74FF48014C0F80843D0F8144524F4F9
:10BA90008074C0F81445C0F85011E1E7007002400E
:10BAA000E076002001F07F004FEAD11CF0B50CEBEE
:10BAB0004005744E2D01771985B0FC7A4CB1724B5C
:10BAC0001C6814F0010401D000BE0024204605B01B
:10BAD000F0BD04F0FF0E7251BB80A7F806E000280D
:10BAE00043D1002B57D0BCF1000F00F08E8006EB45
:10BAF000401100EB8003CD8A8A8A0C8B0969521BA6
:10BB00009B0092B203F1804303F51C33A24228BF8D
:10BB100022465E4DC3F8001600B2C3F804265C4B03
:10BB2000BFF35B8F05EB80010122D3E84F4FC3E8E1
:10BB3000472F002FF9D1BFF35B8FE4B2002C40F008
:10BB4000908045F82020BFF36F8FBFF34F8F514B8C
:10BB5000994202D0043B994219D1BFF35B8F002375
:10BB600086F82031BFF35B8F11E0BCF1000FBED12E
:10BB700006EB40160123F372BFF36F8FBFF34F8FB5
:10BB8000B37A23B1F37A03F0FF04002B74D10124BC
:10BB9000204605B0F0BD404AD2F88024C2F3C0125E
:10BBA0006245A0D03D4D6A688DF80810C2F30801C7
:10BBB00000314FF4E06218BF012101A803938DF812
:10BBC0000930ADF80420FEF755FCBFF35B8F06F596
:10BBD00090720123D2E84F1FC2E8403F0028F9D1FC
:10BBE000BFF35B8FCCB2002C38D12A4A1360BFF36D
:10BBF0006F8FBFF34F8F1C46BFF35B8F204686F8D5
:10BC00002011BFF35B8F05B0F0BD0123204AF37212
:10BC1000BFF35B8FD2E84F4FC2E8413F0029F9D113
:10BC2000BFF35B8FE4B26CB91D4A1360BFF36F8F33
:10BC3000BFF34F8FBFF35B8F86F820C11C46BFF365
:10BC40005B8F43E7154B16495A681648C2F3080242
:10BC5000003218BF0122FEF791FD37E76A680D49EF
:10BC6000F3E70E4B0F485A68C2F30802003218BFC0
:10BC70000122FEF783FD29E786F80AC0FFF782FC60
:10BC800024E700BFE0760020F0ED00E00470024001
:10BC900000780020507002400070024000ED00E08B
:10BCA0004C70024071B6020011F07F0008B512D04E
:10BCB00008280BD00E4B41F48072C909C3F818252F
:10BCC00004D10C4B03EB40139A7A62B9BFF36F8F28
:10BCD000BFF34F8F08BD064B01225A65BFF36F8F2C
:10BCE000BFF34F8F08BD9972FFF74CFCEEE700BF22
:10BCF00000700240E076002011F0770F12D00A4B5E
:10BD000041F48072C3F80C15C3F80C25CA09C3F8B6
:10BD1000181504BF01F5947143F82120BFF36F8F0C
:10BD2000BFF34F8F704700BF007002402DE9F04F06
:10BD3000A54BA64CD3F8000300238BB01E461F462C
:10BD4000012520FA03F11A19C9074FEA820209D521
:10BD5000116839B105FA03F117600E43BFF36F8F15
:10BD6000BFF34F8F0133192BEBD1F20700F135826E
:10BD7000974D330508D5944BD3F8A83601229BB2D2
:10BD8000A5F8163185F81C21B70206F4800424D5E5
:10BD90008D4BD3F81425D00540F1FC81002C00F028
:10BDA000A182D3F80024D20740F19C82D3F8103549
:10BDB000DA0540F1FB8195F81C3107AF002B40F00C
:10BDC000BD82814BD3F82035089338464FF4407339
:10BDD0000121ADF81C30FEF74DFB04B37A4AD2F8CE
:10BDE000004440F201732340C2F80034E30500F13F
:10BDF0005682670510D5744B0122C3F808259A6551
:10BE0000D3F8002312F4001208BFC3F854216E4B7C
:10BE10004FF40012C3F80423A00500F1358231026B
:10BE20003DD5694BD3F880C4D3F88414D3F888E4A3
:10BE3000D3F88C74D3F89084D3F89444D3F898044E
:10BE4000D3F89C245FFA8CF35FFA80FCD0B25A06D8
:10BE5000C9B25FFA8EFEFFB25FFA88F85FFA84F922
:10BE600001D105291BD00024224668F3070263F3A1
:10BE7000070461F30F2469F30F226EF317446CF388
:10BE8000174260F31F6267F31F644FF4C063012120
:10BE900007A8CDE90842ADF81C30FEF7EBFA4D4B90
:10BEA0003340002B40F09181DFF82491464F4D46FE
:10BEB000CA4609F5907800241DE02B44DA7A002A5E
:10BEC00000F0D781DA88AAF804200022DA72D98833
:10BED00009914FF4E063012107A88DF820B08DF897
:10BEE0002120ADF81C30FEF7C5FABBF1080F47D092
:10BEF00001340AF1200A04F10C0326FA03F3DB07EC
:10BF00005FFA84FBF1D504EB840307EB8303DAF8D3
:10BF10000020D3F80807630112FA80F2E918CAF882
:10BF20000020CA8880B2024492B2082CCA80C4D0D1
:10BF3000BAF808208242C0D1CA88BAF804109142E7
:10BF4000BBD9BBF1000FD0D10122BFF35B8FD8E882
:10BF50004F3FC8E8412F0029F9D1BFF35B8F13F0A1
:10BF6000FF0F40F052821C490A60BFF36F8FBFF38E
:10BF70004F8FBFF35B8F85F82031BFF35B8FB7E73F
:10BF8000164B3340002B00F002810F4BD3F86C248A
:10BF90000192C3F86C24BFF36F8FBFF34F8F16F479
:10BFA000806600F06E81D3F88024D3F8803483F06B
:10BFB0008003C3F3C0130593C2F3C0130493DFF8E7
:10BFC00008A00024A84613E000700240409C001026
:10BFD000E0760020FCFB1F004C70024000040001D2
:10BFE000002C00F0F281072E52D0013409F1200913
:10BFF0000199E14004EB8403C9070AEB830308EBD2
:10C000004412E6B2ECD5D3F80816D9F81070C9B2CC
:10C010000F44C9F81070D08A014489B2D182A8496E
:10C02000D08AB9F8145061188900854202914FF006
:10C03000010C66F07F0103914FF4E06B4FF0000EAE
:10C04000614607A840F2B480D18AB9F81820C3F835
:10C0500000766D1AADB2954228BF1546994AC3F8CD
:10C060000456BFF35B8FD2E84F3FC2E841CF0029AF
:10C07000F9D1BFF35B8F13F0FF0F40F0ED80029B0F
:10C08000C3F800C0BFF36F8FBFF34F8F072EACD143
:10C09000019BDB03454601D4059B43B1EB7A23B1F9
:10C0A000EB88AA889A4200F271810123AB72019B4E
:10C0B0009F030BD595F82B3023B1EB8CAA8C9A42B9
:10C0C00000F28881012385F82A30019B5E030DD59B
:10C0D00095F84B3033B1B5F84630B5F844209A4264
:10C0E00000F27D81012385F84A30019B1C030DD5A8
:10C0F00095F86B3033B1B5F86630B5F864209A42E4
:10C1000000F27E81012385F86A30019BD8020DD5AB
:10C1100095F88B3033B1B5F88630B5F884209A4263
:10C1200000F23881012385F88A30019B99020DD5F0
:10C1300095F8AB3033B1B5F8A630B5F8A4209A42E3
:10C1400000F22D81012385F8AA30019B5A020DD5FA
:10C1500095F8CB3033B1B5F8C630B5F8C4209A4263
:10C1600000F22281012385F8CA30019B1B020ED503
:10C1700095F8EB30002B00F0F380B5F8E630B5F819
:10C18000E4209A4240F2EC800720FFF7FBF90BB065
:10C19000BDE8F08FD3F81025D1053FF50CAE95F82A
:10C1A00021211AB94FF40012C3F8082307AF08E69B
:10C1B000D38A09939DF80C30ADF81CB08DF820306F
:10C1C0008DF821E0FEF756F90DE70023BFF35B8FF2
:10C1D00085F82031BFF35B8F66E63B4B3B4A3C4D15
:10C1E0003C4800240127C2F81475C2F81075546049
:10C1F00094625C609C629C60DC62DC601C631C611D
:10C200005C635C619C639C61DC63DC611C64546204
:10C210009464C2F85841D2F80034D2F800140B43A9
:10C22000C2F80034D2F80033C2F808332146C2F80D
:10C23000040328464FF492720CF06CFB40234FF439
:10C240008072394607A82B832B818DF82040ADF8EA
:10C250001C20FEF70FF98CE51F4B20485A68029905
:10C26000C2F30802B2EB0E0218BF0122FEF786FAF3
:10C27000B9E61B4B1B68D80789D500BE0BB0BDE8DB
:10C28000F08FCDE904669AE600220523012107A874
:10C290008DF81C208DF81D30FEF7ECF8BFE501216C
:10C2A000C2F82C150423002207A88DF81C208DF855
:10C2B0001D30FEF7DFF867057FF5AEAD9BE500BFEB
:10C2C000019C0010007800200470024000700240C1
:10C2D000E07600200514C00100ED00E071B6020018
:10C2E000F0ED00E04F4BBFF35B8F0122D3E84F1F0F
:10C2F000C3E8402F0028F9D1BFF35B8F11F0FF0F87
:10C3000032D1494BD3F8C004C70352D495F80B116E
:10C3100001F0FF07002967D04449D5F80071C3F840
:10C32000A077C3F8A4070A60BFF36F8FBFF34F8FE6
:10C33000D3F81035D8053FF53EAD37E7B5F81631DF
:10C340000993002285F81C2188234FF4E0623846C7
:10C350000121ADF81C20ADF82030FEF78BF830E558
:10C36000012385F8EA3012E7314B32485A68C2F3AC
:10C370000802003218BF01220821FEF7FFF92A4BFC
:10C38000D3F81035DB053FF516AD0FE70020FFF7BA
:10C39000F9F88CE60420FFF7F5F8019BC6E60520C6
:10C3A000FFF7F0F8019BD1E60620FFF7EBF8019BC1
:10C3B000DCE6BFF35B8F85F82011BFF35B8FD3F80A
:10C3C0001035DF053FF5F7ACF0E6049900293FF49E
:10C3D0000CAE18E60120FFF7D5F8019B76E60220A7
:10C3E000FFF7D0F8019B81E6BFF35B8F85F82071E2
:10C3F000BFF35B8FD3F81035D9053FF5DCACD5E63C
:10C400000320FFF7BFF8019B80E6094B0A485A68F2
:10C410000A49C2F30802003218BF0122FEF7AEF942
:10C4200066E500BF007800200070024048700240BE
:10C4300000ED00E0E5B6020071B602004C7002406B
:10C4400030B5012885B000F09F8057D3022840D135
:10C45000BA4BD3F80435002B40F0D780B74AD2F856
:10C4600000341C05FBD54FF40063C2F80034BFF361
:10C470006F8FBFF34F8FB24AB24B12681B68082A06
:10C4800000F0D780AD4BB04D80240122C3F81C458D
:10C49000C3F80423C5F88441FDF7D8FA002840F01A
:10C4A000F880AA4D43F204044FF080432268AA4268
:10C4B00011D0D3F80C14D3F80C24D003F6D5CA0746
:10C4C000F4D59E4B0122C3F80425BFF36F8FBFF351
:10C4D0004F8F05B030BD04AA002102F80C1D104694
:10C4E000FFF74EF89DF804000028E2D010460191B5
:10C4F000FFF744F8019A002AD8D0E2E78F4BD3F82F
:10C500000025002AE5D14FF480014FF40062C3F802
:10C510000813C3F80024BFF36F8FBFF34F8F884B0E
:10C520001B68082B00F0B780844B0122C3F800255C
:10C53000BFF36F8FBFF34F8F43F2040203F18D53AC
:10C5400003F57723126803F2DB539A4200F0CA80A6
:10C550004FF08043D3F80C24D3F80C34D90301D521
:10C56000D207B6D443F20402784B12689A4200F024
:10C570001881774B00221A601B6801934FF08043AB
:10C58000012201991A60A4E76C4BD3F80025002A18
:10C590009FD00022C3F80425BFF36F8FBFF34F8FE6
:10C5A00069498020C1F88400BFF34F8FBFF36F8FBC
:10C5B000D3F80013C3F80813C3F80025BFF36F8F37
:10C5C000BFF34F8F43F2040103F18D5303F577233B
:10C5D000096803F2DB53994200F0998001AB5D4A90
:10C5E000012111605C4A5168C1F30801003118460D
:10C5F0004FF000024FF0020318BF01218DF8042014
:10C600008DF80530FDF736FF63E743F204024F4B28
:10C6100012689A4200F0B0804FF08043D3F80C24A7
:10C62000D3F80C34DB037FF519AFD5077FF516AFD0
:10C630004FE7032B0AD8494A1168002940F0988037
:10C64000474C49F275301060216010605A1E022A72
:10C6500010D8424A1168002967D1424D3848394BF9
:10C6600000681B6849F2753414602960146008285A
:10C670007FF408AF032B3FF605AF3B493B4B40F23D
:10C68000E370402208601A60BFF36F8FBFF34F8FD3
:10C69000F8E66C6005E72B4B1B685A1E022A12D87D
:10C6A0002E4B1A68002A40F08E802E4949F27532CE
:10C6B00003201A6008601A60214A224B12681B6826
:10C6C000082A7FF431AF032B3FF62EAF234B1A68B5
:10C6D000002A74D1224949F27532C0201A600860DC
:10C6E0001A6021E704AB002203F80C2D1846FEF770
:10C6F00047FF9DF8041000293FF42AAF1846019225
:10C70000FEF73CFF019B002B7FF4E3AE2AE704AB6E
:10C7100003F80C2D1846FEF733FF9DF80420002A7D
:10C720003FF45DAFFEF728FF5CE70549054B0D4A76
:10C7300008681B680021116099E700BF0070024083
:10C74000300100103401001000E100E0DBE5B151E0
:10C75000000100400400004000ED00E000EC064055
:10C7600014EC064014ED06400078024004780240C4
:10C77000174A0021116069E704AB002203F80C2D71
:10C780001846FEF7FDFE9DF8041000293FF444AF63
:10C7900018460192FEF7F2FE019B002B7FF499AE42
:10C7A0005CE604A8002300F80C3DFEF7E9FE9DF8C6
:10C7B0000430002B3FF4DDAEFEF7DCFE89E6044BCF
:10C7C000C0221A60B0E6034B03221A6074E700BF70
:10C7D00014EC064014ED0640F8B5037813F001049C
:10C7E00005D10678C6F3800626B12046F8BD0024A0
:10C7F0002046F8BD0F4605464FF0FF31384608F099
:10C80000A9FA2A7812F001040FD12B785B0704D41F
:10C810002B7843F004032B700124002338461A467A
:10C82000194607F07BFE2046F8BD3446F5E700BF09
:10C8300070B505460E4608464FF0FF3108F08AFAFB
:10C840002878C0F3800444B90024002330461A46F7
:10C85000194607F063FE204670BD2B7813F00102E5
:10C86000F2D12B7862F382032B70EEE710B4C37819
:10C87000848803F00303022BC4F30A0426D019D8DA
:10C88000012B04D0002318465DF8044B70470229A1
:10C8900040F2FF3208BF4FF48062A242F3D21A4B3B
:10C8A0001B6813F00103EED000BE002318465DF8AC
:10C8B000044B7047022914BF40234FF48063A34206
:10C8C000EDD3012318465DF8044B704702290BD0C5
:10C8D00012B1B4F5007F11D0A4F108039BB2182B5C
:10C8E00006D9402CEDD0DAE7B4F5007FD7D1E8E7E0
:10C8F000064A22FA03F3DB07D1D5E2E70024402100
:10C90000134644710171BEE7F0ED00E00101000142
:10C910000A44914216D230B44C78052C05D00C78DC
:10C9200021448A42F8D830BC70478C7804F07F05E7
:10C9300000EB4505E4092B550C7821448A42EBD8DD
:10C9400030BC7047704700BF2DE9F04182B00678D7
:10C95000089DBDF82470009361F300060446294643
:10C9600000F8086B012316463A46BDF82C80FCF708
:10C970006DFE05B13FB90A9B63600120A4F80280F7
:10C9800002B0BDE8F08104F11C01012007F0A0FF16
:10C9900026B903463046C4E90503ECE70023FAE76D
:10C9A00010B50446406908B108F08AFBA06908B1D7
:10C9B00008F086FB012010BDF0B50B460D4613F8BC
:10C9C000081B83B011F0020F0746184640F2FF1310
:10C9D0000CBF3F241C461646FCF774FEE8B9E6B1CE
:10C9E00026421AD12B786978DA07384618D5FEF72F
:10C9F00007F990B12B78697813F0010313D0002365
:10CA00003846CDE900331A46FEF73EF930B9084BF7
:10CA10001B68DB0701D500BE00E0002003B0F0BDBD
:10CA2000FDF714FFE5E738461A46FDF72FFFEDE75F
:10CA3000F0ED00E070B501F1080582B00646284629
:10CA40000C46FCF73FFE38B123786178DB073046AF
:10CA500005D5FEF7D5F830B9002002B070BDFDF75E
:10CA6000F5FE0028F8D0284662886168FCF754FE7D
:10CA7000054690B1237862686178D80717D50023FE
:10CA8000CDE9003330462B46FEF7FEF8B0B90C4B2B
:10CA90001B68DB07E0D500BEDFE72078617810F087
:10CAA0000104304608D1FDF7E1FE2046D5E73046C7
:10CAB0002B46FDF7EBFEE9E7FEF7C8F82846CCE782
:10CAC000F0ED00E02DE9F0418A890B7882B00C4648
:10CAD0000646E2B9DD07497857D5FEF791F80028F8
:10CAE0004FD0227863886178D20751D5002B5DD072
:10CAF000626800253046CDE90055FEF7C5F80028EC
:10CB00004DD1374B1B68DB073BD500BE3AE003F045
:10CB1000020301F10808002B40460CBF40274FF4E8
:10CB20000077304D08BF6FF03F05FCF7E3FD87420B
:10CB300027D823786178DB07304634D5FEF760F8D4
:10CB4000F8B14046FCF7D6FD874233D805EA00022B
:10CB500065882378617890B2854228BF0546DA0758
:10CB600032D5002D37D062680023CDE9003330463E
:10CB70002B46FEF789F80028C3D0284602E0FEF7CE
:10CB800065F8002002B0BDE8F081FDF75FFEA6E782
:10CB900073B162683046FDF779FE0028B1D0608835
:10CBA00002B0BDE8F081FDF751FEC9E71A46A0E7E3
:10CBB0001A46EFE72078617810F001043046DED1A4
:10CBC000FDF754FE2046DDE73DB1626830462B4656
:10CBD000FDF75CFECFE72A46C6E72A46F6E700BF28
:10CBE000F0ED00E000FEFFFF08B505460C460B48DF
:10CBF0000B4906F073FF2946084806F06FFF094904
:10CC0000064806F06BFF21460A22044806F0C6FFDC
:10CC10004FF47A7007F0A6FBFAE700BFA863002084
:10CC200038B3030044B3030070B54A4884B04FF4EE
:10CC3000E1310446F9F7B2FC07F088FB40F6B7365D
:10CC4000054607E007F082FB401BB04207D80A20E8
:10CC500007F088FB2046F9F7BFFC0028F2D001213D
:10CC60001E200AF0D7FC01211E200AF057FD642087
:10CC700007F078FB00211E200AF050FD642007F029
:10CC800071FB01211E200AF049FD642007F06AFBB8
:10CC9000314800F059F90721102200238DE80E00D9
:10CCA000B0EE081AAB2308220C21DFED2C0A9FED11
:10CCB0002C0A2C4801F000FE002840D121211B2223
:10CCC000284804F051FE9FED280A264804F070FA27
:10CCD000014600283BD10123009341F60F5241F257
:10CCE0002103204804F060FD00282CD1194806F0EB
:10CCF00035FF1E49174806F039FF1D49154806F053
:10CD000035FF1C49134806F031FF1B49114806F056
:10CD10002DFF1A490F4806F029FF19490D4806F062
:10CD200025FF18490B4806F021FF1749094806F06E
:10CD30001DFF07F00BFB154B186004B070BD0146DA
:10CD40001348FFF751FF01461248FFF74DFF124805
:10CD5000FFF74AFFA8630020E47900200000FA43AF
:10CD6000000059442C78002000000C43D4B3030089
:10CD7000F8B3030010B4030028B4030040B4030068
:10CD800054B4030068B4030080B4030008780020A2
:10CD900094B30300C0B30300A4B3030030B5164D31
:10CDA000164987B00F23009328460D23112200F067
:10CDB00099F8134B04930122002348208DF8152085
:10CDC0008DF8143009F066FD06AB044613E9030044
:10CDD0000E2202AB83E80300009207230195204650
:10CDE00028220B2100F0D8F90648214607B0BDE8FB
:10CDF000304001F051BD00BFE479002000F0024056
:10CE000080841E002C78002038B507F09FFA2C4A49
:10CE10001368C31A002B4DDB2A4900F6B8301060A6
:10CE20000D4601F120000B46552204E012F0010FDF
:10CE30000CBF5522AA2203F8012B8342A3EB010267
:10CE4000F4D1214C214922680023100E60F307031E
:10CE5000100C60F30F23100A60F3174362F31F6393
:10CE60002B601B4806F03AFE0A222168184806F09B
:10CE700047FE1849164806F031FE002320221149CA
:10CE8000154803F029F8054660B11449104806F02A
:10CE900025FE29460A220E4806F080FE236801334B
:10CEA000236038BD0E490A4806F060FE236801334E
:10CEB000236038BD0120BDE8384007F053BA00BFF9
:10CEC000087800200C7800200478002054B3030078
:10CED000A863002074B303002C78002084B30300FF
:10CEE0007CB3030070B5002444749DF81050C9B1A0
:10CEF0000F4E0160B142846012D00E4CA14204BFBB
:10CF0000012101710C4951F82220027351F823309C
:10CF1000837351F8253043730023C373037470BDCA
:10CF20000471EFE7054B064A064824210BF030FC5C
:10CF30000030024000F0024098B903009CB40300A6
:10CF400004B50300ACB40300437C03B1704730B5B3
:10CF5000012285B042740321FF22019304468DF81B
:10CF600003208DF806208DF80510827B417B8DF81B
:10CF700000204FF080451A4602958DF80110057B80
:10CF8000C3736946037403938DF8025009F05AFD88
:10CF9000A37B1F2B86BF03F01F030C4A4FF0A04258
:10CFA00003F5E07340F2013142F82310637B1F2B3D
:10CFB00086BF03F01F0305494FF0A04103F5E0735E
:10CFC00040F2033241F8232005B030BD0003005089
:10CFD00010B5044609F07EFE0023637410BD00BF47
:10CFE00010B483B002AB03E906009DF805309DF84C
:10CFF0000410026813F1FF3318BF01230024022933
:10D00000C2F800451C460374C17332D003292DD0E9
:10D01000012925D0224B0099B3FBF1F3B3F5007F32
:10D02000C2F854451FD2FF2B0FD87F2B24D83F2B9B
:10D0300025D81F2B26D80F2B27D8072B02D8194904
:10D040008A4225D04FF0004101E04FF08061072374
:10D05000C2F82415C2F8003503B05DF8044B7047E0
:10D0600043F00204D6E74FF00071F0E743F0060406
:10D07000D0E743F00404CDE74FF00061E7E74FF05D
:10D080008051E4E74FF00051E1E74FF08041DEE7E7
:10D09000042B34BF4FF0A0514FF02061D7E700BF01
:10D0A0000090D00300F0024003680022C3F800257E
:10D0B000704700BF002B3AD02DE9F047814684B07D
:10D0C0000D4617461E464FF6FF784FF0000A4645BC
:10D0D000344628BF4446002D14BF23460023009544
:10D0E0000297361B01938FB100226946484603948C
:10D0F00009F052FE05B125442744002EE7D104B0C3
:10D10000BDE8F087CDE900550295361B002269463F
:10D110004846CDF80CA009F03FFE4DB946453446CF
:10D1200028BF4446002EEDD104B0BDE8F08770471B
:10D130002544002ECBD1E2E710B586B006AB012422
:10D1400003F8111D002202A90293CDE903430594BF
:10D1500009F022FE9DF8070006B010BD30B40B4A5E
:10D160000B4BD2F8B840D2F8BC00D2F8B4101C7304
:10D1700000220124074D1C7198735973DA731A74D5
:10D180001D605A749A6030BC704700BF98B90300A4
:10D19000F879002000F002402DE9F0471A4DAC4626
:10D1A00007468A4691469846BCE80F003C464FF039
:10D1B000000E44F804EB0FC49CE807001C3584E81B
:10D1C00007000FCD82B007F130040A9EC7F828800F
:10D1D000C7E908A9FE620FC42B6823600CABC7F82F
:10D1E00044E093E803006C4684E803002C2009F037
:10D1F00051FB94E80C000B99054601F0B7F938464D
:10D200003D6002B0BDE8F08744B5030010B50446A8
:10D2100000680368DB6B98472068216A03688268AE
:10D220001B6898472068216A036802695B68BDE84B
:10D2300010401847006803681B6C18472DE9F04F31
:10D24000057C83B00446407C0D9F0C9E0196ED0842
:10D2500005EBD0053D442846894690469B4609F09B
:10D260001BFB0646284609F017FB8246207C08284F
:10D270005FFA89F35FFA88F132D843EA01026389E1
:10D2800032704B4506F1010034D03A46A1890BF0CB
:10D2900041FB20680368DB6A98472068216A0368BD
:10D2A000C2685B689847206803682A4631461D6B50
:10D2B0005346A8472068216A036802695B6898475B
:10D2C000206803685B6B984723894B4517D030462D
:10D2D00009F0E4FA504603B0BDE8F04F09F0DEBAB9
:10D2E00043EA182263897170D2B24B4506F10200FD
:10D2F0003270CAD159463A460BF0E8FAC9E7217CA8
:10D3000001983A460AEBD1010BF0E0FADFE700BFE3
:10D310002DE9F04790F804C084B004460F46164645
:10D320001D46BCF1000F00F0B480427C53B2002BCC
:10D33000B8BF0733DB10013B5BB2002B0DF10808CF
:10D34000C0F2BB80B0F80AE04146D800013B5BB2B6
:10D350004EFA00FCB3F1FF3F01F801CBA0F1080049
:10D36000F4D194F810C04FEADC0C0CF1FF335BB23F
:10D37000581C09D00139D800013B27FA00F05BB2F4
:10D3800001F8010F581CF6D10CEBD20707EB050A88
:10D39000504609F081FA814647B1013FFFB201379B
:10D3A00041463A460BF092FA09EB070031462A460D
:10D3B0000BF08CFAE36A20680133036865D0DB69FF
:10D3C000984706460BE020680368DB6C98472068A6
:10D3D0000368DB699847E369801B984263D2206841
:10D3E000E16A03689B6898470028ECD1504609F031
:10D3F00053FA064620680368DB6A98472068216A6A
:10D400000368C2685B6898472068036852461F6BD0
:10D4100049463346B8472068216A036802695B6859
:10D420009847206803685B6B9847E36A206801337C
:10D4300003683ED09B690121984720680368DB6937
:10D44000984707460BE020680368DB6C9847206824
:10D450000368DB699847E369C01B98420CD22068D7
:10D46000E16A03689B6898470028ECD163691BB1A7
:10D4700015B1E27CB05C9847484609F00FFA304697
:10D4800004B0BDE8F04709F009BA5B69322198475A
:10D49000ACE74189CDE900C313463A46FFF7CEFE1B
:10D4A00004B0BDE8F087484604B0BDE8F04709F095
:10D4B000F5B95B6901219847D8E7414651E700BFBC
:10D4C0002DE9F04F457C044668B20028B8BF07300C
:10D4D0009846C310013B85B05BB2002B9DF838A085
:10D4E0009DF83CB001920BDBDA0003A8013B41FA46
:10D4F00002F65BB200F8016B5E1CA2F10802F5D1E6
:10D50000A77CED0805EBD7074744384609F0C4F976
:10D51000064645B103AA12F8013B00F8013B831B04
:10D52000DBB29D42F7D8A27CA18908EBD2020BF0B6
:10D53000F1F9BAF1000F1ED0E26A206801320368E7
:10D5400000F08180DB69984781460DE02068036820
:10D55000DB6C984720680368DB699847E369A0EBB8
:10D560000900984280F089802068E16A03689B681E
:10D5700098470028EAD1384609F08EF9814620689C
:10D580000368DB6A98472068216A0368C2685B68A1
:10D590009847206803683A4631461F6B4B46B847A8
:10D5A0002068216A036802695B68984720680368FD
:10D5B0005B6B9847BAF1000F20D0E26A2068013215
:10D5C000036863D09B690121984720680368DB6981
:10D5D000984707460BE020680368DB6C9847206893
:10D5E0000368DB699847E369C01B984255D22068FD
:10D5F000E16A03689B6898470028ECD1636933B3FC
:10D60000B8F1000F23D0E27C19F802009847A17C02
:10D6100005EBD10107464246494401980BF056F903
:10D62000304609F03BF9484609F038F93FB9BBF1FB
:10D63000000F1DD0A76917B12046B84707463846E6
:10D6400005B0BDE8F08F5B693221984793E7A17C74
:10D65000019805EBD101424649440BF037F93046B9
:10D6600009F01CF9484609F019F9BBF1000FE1D1A6
:10D670005F46384605B0BDE8F08F304609F00EF938
:10D680006FF43077384605B0BDE8F08F5B69012153
:10D6900098476369002BB3D1D9E7304609F0FEF80B
:10D6A000484609F0FBF86FF43077384605B0BDE81E
:10D6B000F08F00BF2DE9F04F83B004460C9F807CB3
:10D6C0009DF834A09DF838B0D51905EBD005284653
:10D6D0001646CDE9001309F0DFF880465EB106F189
:10D6E000FF395FFA89F909F1010900994A460BF0FF
:10D6F000EDF808EB0900A27CA18907EBD2020BF040
:10D7000009F9BAF1000F1DD0E26A206801320368FE
:10D710007DD0DB69984781460DE020680368DB6CAB
:10D72000984720680368DB699847E369A0EB090024
:10D73000984280F086802068E16A03689B68984779
:10D740000028EAD1284609F0A7F881462068036836
:10D75000DB6A98472068216A0368C2685B6898475B
:10D76000206803682A4641461D6B4B46A84720683F
:10D77000216A036802695B689847206803685B6BED
:10D780009847BAF1000F20D0E26A2068013203689E
:10D7900060D09B690121984720680368DB6998473E
:10D7A00005460BE020680368DB6C98472068036837
:10D7B000DB699847E369401B984252D22068E16ACE
:10D7C00003689B6898470028ECD163691BB317B3C3
:10D7D000E27C19F802009847A17C06EBD1010546CE
:10D7E0003A46494401980BF071F8404609F056F862
:10D7F000484609F053F805BBBBF1000F1CD0A569E2
:10D80000DDB120462B4603B0BDE8F04F18475B69F9
:10D810003221984796E7A17C019806EBD1013A4660
:10D8200049440BF053F8404609F038F8484609F0EF
:10D8300035F8BBF1000FE2D15D46284603B0BDE8E4
:10D84000F08F404609F02AF86FF43075284603B08F
:10D85000BDE8F08F5B69012198476369002BB6D161
:10D86000D9E7404609F01AF8484609F017F86FF46E
:10D870003075284603B0BDE8F08F00BF90F811C0A6
:10D880002DE9F04F04464FFA8CF00028B8BF07305E
:10D890001D46C310013B83B05BB2002B9DF8306086
:10D8A0009DF8347090460CDBDA0001A8013B5BB2B6
:10D8B00041FA02FEB3F1FF3F00F801EBA2F10802CA
:10D8C000F4D14FEADC0B0BEB050A504608F0E4FFFD
:10D8D0008146BBF1000F09D001AA12F8013B00F804
:10D8E000013BA0EB0903DBB29B45F6D841462A4633
:10D8F0000AF0ECFFE6B1E26A20680132036871D0F9
:10D90000DB69984780460CE020680368DB6C984729
:10D9100020680368DB699847E369A0EB0800984238
:10D9200071D22068E16A03689B6898470028EBD1B0
:10D93000504608F0B1FF804620680368DB6A9847CC
:10D940002068216A0368C2685B689847206803689A
:10D9500052464946D3F830A04346D0472068216A52
:10D96000036802695B689847206803685B6B9847A7
:10D9700006B3E26A2068013203684DD09B69012139
:10D98000984720680368DB69984706460BE02068E3
:10D990000368DB6C984720680368DB699847E36994
:10D9A000801B98423FD22068E16A03689B689847D1
:10D9B0000028ECD16369CBB1C5B1E27C18F8020054
:10D9C00098470546484608F069FF404608F066FF5C
:10D9D000ADB99FB1A56995B120462B4603B0BDE80E
:10D9E000F04F18475B6932219847A1E7484608F095
:10D9F00055FF404608F052FF002FEBD13D46284628
:10DA000003B0BDE8F08F484608F048FF6FF430756A
:10DA1000284603B0BDE8F08F5B6901219847636930
:10DA2000002BC9D1E2E7484608F038FF404608F02D
:10DA300035FF6FF43075284603B0BDE8F08F00BFA6
:10DA40002DE9F04F83B00446DDF830809DF8349026
:10DA50009DF838B0019102EB0807384615469A4602
:10DA600008F01AFF06463DB1013DEDB201350199BE
:10DA70002A460AF02BFF7019514642460AF026FF4B
:10DA8000B9F1000F1BD0E26A20680132036874D03C
:10DA9000DB69984705460BE020680368DB6C984714
:10DAA00020680368DB699847E369401B984276D297
:10DAB0002068E16A03689B6898470028ECD13846E3
:10DAC00008F0EAFE054620680368DB6A984720688C
:10DAD000216A0368C2685B689847206803683A4611
:10DAE00031461F6B2B46B8472068216A03680269DC
:10DAF0005B689847206803685B6B9847B9F1000F33
:10DB000020D0E26A20680132036851D09B6901216C
:10DB1000984720680368DB69984707460BE0206850
:10DB20000368DB6C984720680368DB699847E36902
:10DB3000C01B984243D22068E16A03689B689847FB
:10DB40000028ECD16369E3B1B8F1000F19D0E27C91
:10DB5000A85C98470746304608F0A0FE284608F023
:10DB60009DFEC7B9BBF1000F14D0A7699FB1204635
:10DB70003B4603B0BDE8F04F18475B693221984738
:10DB80009DE7304608F08AFE284608F087FEBBF184
:10DB9000000FEAD15F46384603B0BDE8F08F30464B
:10DBA00008F07CFE6FF43077384603B0BDE8F08FA4
:10DBB0005B69012198476369002BC5D1E1E73046D5
:10DBC00008F06CFE284608F069FE6FF4307738469E
:10DBD00003B0BDE8F08F00BF2DE9F041457C6BB28A
:10DBE000002BB8BF0733DB10013B5BB2002B82B0C8
:10DBF00004460CDBC689DA0001A9013B46FA02F0B3
:10DC00005BB201F8010B581CA2F10802F5D1A77C08
:10DC1000ED0805EBD7070137384608F03DFE06460C
:10DC200045B101AA12F8013B00F8013B831BDBB2AE
:10DC30009D42F7D8A27CA189D20801320AF06AFE7F
:10DC4000E36A20680133036800F08580DB69984748
:10DC500080460CE020680368DB6C98472068036806
:10DC6000DB699847E369A0EB0800984277D2206807
:10DC7000E16A03689B6898470028EBD1384608F0B2
:10DC80000BFE804620680368DB6A98472068216A9B
:10DC90000368C2685B689847206803683A46314663
:10DCA0001F6B4346B8472068216A036802695B68B6
:10DCB0009847206803685B6B9847E36A20680133E4
:10DCC000036837D09B690121984720680368DB69A6
:10DCD000984707460BE020680368DB6C984720688C
:10DCE0000368DB699847E369C01B984240D220680B
:10DCF000E16A03689B6898470028ECD16369FBB12F
:10DD0000E27C18F802009847A37C08EBD30307468F
:10DD100030465D5D08F0C2FD404608F0BFFD2FB9FA
:10DD200067691FB12846B8470027E080384602B02F
:10DD3000BDE8F0815B69012198476369002BDFD161
:10DD4000A37C08EBD30330465D5D08F0A7FD404699
:10DD500008F0A4FDE4E75B69322198478EE730467E
:10DD600008F09CFD6FF43077384602B0BDE8F081D2
:10DD7000304608F093FD404608F090FD6FF4307790
:10DD8000384602B0BDE8F0812DE9F04F85B0154668
:10DD9000109A9DF8444001948A460446AF180293B5
:10DDA000002B40F0FB80837C07EBD307384608F05C
:10DDB00073FD0646002D00F0C98046EA0A035A07A3
:10DDC00040F00B810B2D40F20881002D14BF2B4633
:10DDD000012303934FEAD30B721CAAF1080C3146BE
:10DDE0000023FCE9028901335FFA83FE1046F34504
:10DDF000E1E8028900F1070002F10802F1D8039975
:10DE000001F0F8038B4206EB03023BD003F1010C57
:10DE10005FFA8CFC1AF80310F154AC4502F10100D2
:10DE200030D2991CC9B21AF80C0050708D4202F120
:10DE3000020027D9D81C1AF801109170C1B28D4286
:10DE400002F103001ED9181D1AF80110D170C1B2D9
:10DE50008D4202F1040015D9581D1AF801101171F4
:10DE6000C1B28D4202F105000CD90633DBB21AF8BB
:10DE7000011051719D4202F1060003D91AF80330D6
:10DE80009371D01D029B002B60D0109A0E990AF05E
:10DE90001DFD019B002B63D1384608F0FDFC804638
:10DEA00020680368DB6A98472068216A0368C268B3
:10DEB0005B689847206803683A4631461F6B4346C3
:10DEC000B8472068216A036802695B689847206840
:10DED00003685B6B9847019B0BB3E26A20680132D1
:10DEE000036800F086809B690121984720680368D9
:10DEF000DB69984707460BE020680368DB6C9847AE
:10DF000020680368DB699847E369C01B984277D2B1
:10DF10002068E16A03689B6898470028ECD167692C
:10DF20003FB1109B002B77D0E37C18F80300B84773
:10DF30000746029B002B3ED0304608F0AFFC40461F
:10DF400008F0ACFC384605B0BDE8F08F109BA27C11
:10DF5000A18903EBD2020AF0DDFC019B002B9BD0D0
:10DF6000E26A20680132036821D0DB699847804665
:10DF70000CE020680368DB6C984720680368DB6965
:10DF80009847E369A0EB080098421DD22068E16A37
:10DF900003689B6898470028EBD17DE7384608F076
:10DFA0007BFC0646002D7FF408AF30466DE75B69C9
:10DFB0003221984770E7A17C05EBD1014144DDE9AE
:10DFC0000F020AF083FCB7E7304608F067FC6FF4F5
:10DFD0003077384605B0BDE8F08F0AF1FF3A304699
:10DFE0001AF8013F00F8013B831BDBB29D42F7D8D2
:10DFF00048E75B69012198476769002F91D198E74D
:10E00000304608F04BFC404608F048FC6FF430778F
:10E01000384605B0BDE8F08F1F468AE72DE9F0418C
:10E02000067986B005460C46002E3FD0477C78B274
:10E030000028B8BF0730C010013840B2002804A93A
:10E040003EDBB5F808800E464FEAC00C013840B2FE
:10E0500048FA0CFEB0F1FF3F06F801EBACF1080CFA
:10E06000F4D195F810E04FEADE0E0EF1FF3040B229
:10E07000B0F1FF3F0BD0013E4FEAC00C013840B277
:10E0800024FA0CFCB0F1FF3F06F801CFF4D10024D4
:10E090000126029201930EEBD702284603960094C4
:10E0A0002346FFF771FE06B0BDE8F0810189CDE996
:10E0B000003233462246FFF7C1F806B0BDE8F081D2
:10E0C0000E46CEE72DE9F04F8BB0072B9DF8585048
:10E0D0009DF850809DF8547005959DF85CB000F255
:10E0E0002F81B8F1070F00F22B814345C0F0288142
:10E0F0001E4603799146002204460D468DF81F20E6
:10E10000002B00F00681427C53B2002BB8BF0733CE
:10E11000DB10013B5BB2002B08A9C0F20F81B0F805
:10E1200008A08E46D800013B5BB24AFA00FCB3F16E
:10E13000FF3F0EF801CBA0F10800F4D194F810C015
:10E140004FEADC0C0CF1FF335BB2581C0AD00EF125
:10E15000FF3ED800013B25FA00F05BB20EF8010F3C
:10E16000581CF6D101200DF11F0A0023CDE9020051
:10E170000CEBD202CDE9003A2046FFF705FEFF2264
:10E18000731CC8F1080802FA03F342FA08F843EADC
:10E1900008039DF81F60DB43DBB289EA06021342E5
:10E1A00003D1BBF1000F00F0A18026EA030603EAC9
:10E1B0000909237946EA09068DF81E60002B00F054
:10E1C000B280627C53B2002BB8BF0733DB10013B37
:10E1D0005BB2002B08A9C0F2B680B4F80A800846EA
:10E1E0004FEAC30C013B5BB248FA0CFEB3F1FF3FB0
:10E1F00000F801EBACF1080CF4D194F810C04FEA30
:10E20000DC0C0CF1FF335BB2B3F1FF3F0BD00138F4
:10E210004FEAC30E013B5BB225FA0EFEB3F1FF3F9E
:10E2200000F801EFF4D1002001230CEBD2020DF134
:10E230001E0CCDE900C0CDE902332046FFF7A4FD56
:10E24000206803681B6A98474FF47A7909FB07F93D
:10E2500083464FF000080127206803681B6A98472F
:10E26000A0EB0B0048454FD223798DF81F80002B7F
:10E2700040D0617C4BB2002BB8BF0733DB10013BB1
:10E280005BB2002B3EDBB4F808C0DA0008A8013B03
:10E290005BB24CFA02FEB3F1FF3F00F801EBA2F1D2
:10E2A0000802F4D1227CD208531E5BB2B3F1FF3FC7
:10E2B0000BD001384FEAC30C013B5BB225FA0CFCD2
:10E2C000B3F1FF3F00F801CFF4D102EBD102CDE969
:10E2D0000277CDE9008A002308A92046FFF754FD04
:10E2E0009DF81F30059A73401A42B5D100200BB03B
:10E2F000BDE8F08F21892A46CDE900A72046FEF728
:10E300009DFFEDE708A8CDE76FF00F000BB0BDE86B
:10E31000F08F01220DF11F0A0189CDE900A22A46E2
:10E32000FEF78CFF2BE761890093012301932A46B6
:10E330000DF11E032046FEF781FF81E78E46FDE6C4
:10E340006FF00A00D3E7084657E700BFF0B51A4D53
:10E350000468DFF868C087B04FF0FF330191296887
:10E360000593CDE90333CB07064602920BD4D4E9DB
:10E370000332CCE90723CCE90D320121CCF804307B
:10E38000CCF80830296001AD0FCD306328683064C7
:10E3900001AD7163B263F36306AFC6F844C023688E
:10E3A00055F8041B1B68A26820469847BD4201D05F
:10E3B0003468F4E707B0F0BD0C7A00201C6100203F
:10E3C000F8B5446C24B906E0914205D0183402D067
:10E3D0002278002AF8D1F8BD0646043400F1300551
:10E3E00000F1440755F8041B002904DB306822685B
:10E3F00003685B689847AF4204F10404F2D1F8BDAA
:10E4000021B1034B880143F001031847704700BF57
:10E41000D0B5030008467047C069FEF795BD00BF40
:10E42000C069FEF7D5BD00BF72B1F8B54C1E0746F6
:10E43000A6185D1E14F8011FF869FEF77DFEB442B0
:10E4400005F8010FF6D1F8BD704700BF08F032BFE4
:10E450004B1C02D0C8B205F019BC704708461146E3
:10E46000421C03D01A46C0B205F0D6BC704700BFAC
:10E47000C069FEF719BE00BF00F1200393E8060053
:10E48000C069FEF7ADBD00BF08461146421C02D070
:10E490001A4608F0B1BE0020704700BF08B50A4B0D
:10E4A000DB68D90103D5094B1A68D20708D407F0F5
:10E4B0007FF9074BA0FB0323900A40EA835008BD75
:10E4C0005868800908BD00BFF0ED00E0001000E0D2
:10E4D00040420F0005F03ABF084605F043BF00BFB9
:10E4E0004B1C02D0084605F093BE70470846114603
:10E4F000421C02D01A4605F081BD70474B1C02D069
:10E50000084609F027B90020704700BF4B1C084699
:10E5100002D0114609F002B9704700BF4B1C0846F3
:10E5200002D0114609F076B8704700BF90F8282055
:10E5300002B9704702680449926B8A4202D1C069ED
:10E54000FEF746BD104700BF21E4020090F82820E6
:10E5500002B9704702680449926A8A4202D1C069CE
:10E56000FEF7F2BC104700BF19E40200F0B587B017
:10E5700004AD85E80C0003270122002304240E4685
:10E58000CDE9014700921946044605F085FA95E861
:10E59000030004F12003054DE6610022256083E8B5
:10E5A0000300204684F8282007B0F0BD7CB50300A6
:10E5B0004AB116290B466FF00800A8BF1623834204
:10E5C000B8BF034613700931C9B21F298CBF6FF061
:10E5D0000C000020704700BFF0B503681D4ADB6CDB
:10E5E000934285B005460E4612D101F10903DBB214
:10E5F0001F2B2CD804AC002304F8013D40F6E701A2
:10E6000001232246284603F0D3FD38B105B0F0BD02
:10E61000002298470028EDD005B0F0BD0127024642
:10E62000009707230421284603F09EFD0028EDD122
:10E63000F1B20422284603F049FE0028E6D13B4609
:10E640002246284640F6E70103F0AAFDDEE76FF018
:10E650000C00DBE7B1E502009FED167AB4EEC70AC5
:10E66000F1EE10FA23D49FED147AB4EEC70AF1EE5E
:10E6700010FA1CDC38B5D0ED557A70EE677AB3EE3F
:10E68000047AF0EEE77AF4EEC77AF1EE10FA054676
:10E6900010EE104A06DA00EE104A2846BDE838406F
:10E6A00003F072BE03F094FD0028F4D038BD6FF083
:10E6B0000B007047000016430000704470B501293C
:10E6C00084B0044675D064D3022903D06FF01300E0
:10E6D00004B070BD0022012300929FED670A1A4624
:10E6E000062104F0F9FA0028F2D12368634A1B6B73
:10E6F0009FED630A934240F0A680D4ED557A70EE08
:10E70000677AB3EE047AF0EEE77AF4EEC77AF1EEC8
:10E7100010FA80F291809FED5A0A204603F034FEF1
:10E720000028D5D10121204603F060FE0028CFD17A
:10E73000236854499A6C8A4240F08880DB6C524AC4
:10E74000934240F0878004AD002305F8013D40F678
:10E75000E70101232A46204603F02AFD0028B7D10D
:10E7600001260246009607230421204603F0FCFC04
:10E770000028ADD104220A21204603F0A7FD00287D
:10E78000A6D133462A46204640F6E70103F008FDAD
:10E790009EE70022DFED381A9FED3C1A9FED3C0A00
:10E7A0001021F1EE040A04F0BBF800289DD004B05B
:10E7B00070BD002300939FED300A08231222072129
:10E7C00003F0CCFF002883D10921204602F09CFCF5
:10E7D00000287FF47DAF9FED2F0A204602F054FA07
:10E7E00000287FF475AF2368244A1B6B9FED240A31
:10E7F00093423DD1D4ED557A70EE677AB3EE047A48
:10E80000F0EEE77AF4EEC77AF1EE10FA2ADA9FED2D
:10E810001C0A204603F0B8FD00287FF459AF0121FF
:10E82000204603F0E3FD00287FF452AF2368204622
:10E830009B6C0A2198474BE7204603F0C9FC00284F
:10E840003FF469AF44E72046984769E720460A212C
:10E8500090473DE702460A212046984700287FF46A
:10E8600037AF70E7204603F0B3FC0028CFD02FE786
:10E8700020469847D0E700BFCDCCCC3F59E60200F8
:10E880000000D943D9E50200B1E5020033331C434F
:10E890009A9999400000FA4210B5044601F068FECA
:10E8A000034A044B2260C4F84C31204610BD00BF1F
:10E8B000E8B50300D8B5030070B52DED028B82B02A
:10E8C000B0EE408ABDF824409DF8285000951546CA
:10E8D0000E461A4629462346B0EE410AF0EE608AFB
:10E8E00004469DF9205003F039FF18B102B0BDEC89
:10E8F000028B70BD3146204602F006FC0028F5D19F
:10E90000B0EE680A204602F0BFF90028EED1236875
:10E91000224A1B6B934231D1DFED217AB4EEE78AB4
:10E92000F1EE10FA37D4DFED1F7AB4EEE78AF1EE9C
:10E9300010FA30DCD4ED557A78EE677AB3EE047ACB
:10E94000F0EEE77AF4EEC77AF1EE10FA1BDAB0EEE9
:10E95000480A204603F018FD0028C7D101212046AF
:10E9600003F044FD0028C1D123689B6C2946204652
:10E9700002B0BDEC028BBDE870401847B0EE480A0B
:10E9800020469847E8E7B0EE480A204603F020FC0E
:10E990000028DCD0AAE76FF00B00A7E759E60200D9
:10E9A000000016430000704470B5074B05460FCBBE
:10E9B00084B02E686C4684E80F00D6F8903021466B
:10E9C0002846984704B070BDB4B6030000000000AC
:10E9D00008B5084609F0D8F903A3D3E9002309F0E4
:10E9E0004DFA09F0E5FC08BDFCA9F1D24D62B03F3B
:10E9F000D0F85C01704700BF00F00E03062B0BD06F
:10EA0000082B0CD00A2B0CD00138C0B2FD288CBFCB
:10EA10006FF00100002070476FF4307070470248BB
:10EA200070470248704700BF3EFDFFFF3DFDFFFFFE
:10EA300008B50221D0F85C01FFF7C2FC4FF0FF30AF
:10EA400008BD00BF30B5022385B001220C460D0A77
:10EA5000D0F85C018DF80D40CDE90022194603AADB
:10EA60008DF80C50FEF70AFF05B030BD00B585B03B
:10EA700004AA002322F8043D0123D0F85C011221EE
:10EA8000CDE900330223FEF71BFDBDF80C0040BAB0
:10EA900080B205B05DF804FB30B52DED028B89B076
:10EAA00008AC03AD85E80E00FF2304F8013D012307
:10EAB000D0F85C019DED048ACDE900332246112196
:10EAC000FEF7FEFC9DF81F305BBBDDED038A18EE00
:10EAD000900A09F07BF92AA3D3E9002309F040FC4E
:10EAE000002840D1DFED287AF4EEE78AF1EE10FA43
:10EAF00039DC18EE100A09F069F921A3D3E90023E3
:10EB000009F02EFCC0BBDFED217AB4EEE78AF1EE0E
:10EB100010FACCBF6FF06500002009B0BDEC028B8D
:10EB200030BD012B1CD19DF80C30053B072B20D8A4
:10EB3000B5EEC08AF1EE10FA18D4DFED157AB4EE16
:10EB4000E78AF1EE10FA11DC9DF81430053B032B37
:10EB500094BF00206FF0090009B0BDEC028B30BDFE
:10EB60004FF0FF30D9E76FF06400D6E76FF0070091
:10EB7000D3E76FF00800D0E76FF06500CDE700BF86
:10EB8000333333333333E33F0000964300004843CD
:10EB90000000FF43F0B585B004AAFF2302F8013D51
:10EBA000012304460D46D0F85C011121CDE9003364
:10EBB000FEF786FC9DF80F30012B1AD053B1032BC2
:10EBC00064D194F89931032B00F2A680DFE803F0BA
:10EBD0009A959262D4F87001ED0000FB05F009F0FF
:10EBE000D3F800224E4B09F049F909F0E1FB05B0DA
:10EBF000F0BD94F86021D4ED5A6A94F864C142F2F1
:10EC00001073934007EE103AF2EE047AB8EE477AAA
:10EC100066EEA76A531FC7EE267ADBB2022B35BF1A
:10EC20001926112600270827FCEEE77A17EE900A2E
:10EC3000B0F57A5F2ABF02F13E0393009B00D9B280
:10EC400094F8633105EB4305C2EB4502BCF1000FBC
:10EC500007EB820314BF0022142294F86151B4F828
:10EC600066411A4412B24B1E002AA8BF9B180435F5
:10EC700093FBF1F304F108029BB205FB032306EBBF
:10EC8000830300FB03F0800805B0F0BD4FF0FF30B8
:10EC900005B0F0BD05EB4505ADB2224BA3FB052346
:10ECA0005B0903EB830203EB430302EB8202A5EB58
:10ECB00003155200ADB292B215B102351544AAB295
:10ECC00094F89B11184B9FED197AC1EBC10001EB31
:10ECD000C00102EB410292B203FB02F307EE903A4D
:10ECE000F8EE677A67EE877AFCEEE77A17EE900A1D
:10ECF00005B0F0BD6D00ADB2CFE705EB4505C5F33E
:10ED00004F05CAE705EB45056D00094B0435A3FB2C
:10ED10000535C5F38F05C0E76FF0090067E700BF51
:10ED20000000503FABAAAAAA00127A00AD37063BFA
:10ED3000CDCCCCCC11B310B584B004AAFF2302F81B
:10ED4000013D0123D0F85C010C46CDE900331121CF
:10ED5000FEF7B6FB9DF80F30012B03D006D3032B33
:10ED600008D102230020237004B010BD00202070C1
:10ED700004B010BD6FF0130004B010BD6FF00200BE
:10ED8000704700BF10B5D0F85C31044618680368BE
:10ED90009B689847C1B22046BDE8104004F00CBD06
:10EDA00070B5D0F85C311C68596A236820461A6D2A
:10EDB0001D6990472B4601462046BDE87040184724
:10EDC00030B5012185B00446D0F85C01FFF7F8FAB0
:10EDD00004AA042302F8013D0023D4F85C01842135
:10EDE000CDE900330123FEF749FDD4F85C31054637
:10EDF0001868036801215B699847284605B030BD53
:10EE00002DE9F041D0F85C311C680F46596A23683F
:10EE100005461A6DDE6820469047D5F85C311B68C0
:10EE200001463A462046B4465B69BDE8F04160477A
:10EE300010B5012384B003AA0024D0F85C01ADF81A
:10EE40000C40CDE90033142103238DF80E40FEF76A
:10EE500037FB9DF80E0008F0A7FF0022044B09F0D5
:10EE60000DF809F0C5FA00EE100A04B010BD00BF9D
:10EE70000000E0BF30B5044685B00121D0F85C0148
:10EE800094F84A51FFF79CFA0023D4F85C011A4623
:10EE9000CDE900331946FEF7F1FC04AA0123D4F8AA
:10EEA0005C0102F8045D8021CDE90033FEF7E6FC49
:10EEB00005B030BD70B505460C4684B0D0F85C0195
:10EEC00095F85811FFF77CFA74B903AE0123D5F811
:10EED0005C013246CDE900330024D1218DF80C408D
:10EEE000FEF7CCFC04B070BD0123210CD5F85C0109
:10EEF0008DF80F4003AECDE90033230E8DF80C30B2
:10EF0000240A8DF80D103246042386218DF80E4018
:10EF1000FEF7B4FC0028D9D004B070BD30B585B080
:10EF200004ACFF2304F8043D012305462246D0F833
:10EF30005C011121CDE90033FEF7C2FA9DF80C30D7
:10EF4000012B03D195F86431012B10D00123D5F8A2
:10EF50005C012246CDE90033002402231321ADF8E1
:10EF60000C40FEF7ADFA9DF80C0005B030BDD5F8A9
:10EF7000940105B030BD00BF30B502680D4DD2F828
:10EF8000C840AC4285B08AB210D18DF80D10022372
:10EF90000121140AD0F85C018DF80C40CDE9001174
:10EFA00003AA1946FEF76AFC05B030BD1146A0471A
:10EFB00005B030BD45EA020030B585B00823C1F385
:10EFC00007220125CCB28DF808208DF80A20D0F850
:10EFD0005C018DF80940CDE90055194600250DEB7F
:10EFE00003028DF80B400395FEF748FC05B030BDD9
:10EFF000F0B52DED028B85B004ADFF2305F8083D7B
:10F00000012304462A46D0F85C011121CDE90033E2
:10F01000B0EE408AFEF754FA9DF80830002B58D124
:10F02000B5EEC08AF1EE10FA4AD418EE100A08F0D4
:10F03000CDFE2CA3D3E9002306460F4609F090F934
:10F04000002843D1DFED267AB4EEE78AF1EE10FA1C
:10F050003CDC21A3D3E900233046394608F00EFFFB
:10F0600009F0A6F9C0F30743C0F307265FFA80FC56
:10F070008DF80D300123D4F87011C4F87401D4F860
:10F080005C018DF80E60CDE900330F0C0E0A2A46A4
:10F090008DF80A1094F87A5194F879418DF80FC0E0
:10F0A00008238B218DF808708DF809608DF80B50BE
:10F0B0008DF80C40FEF7E2FB05B0BDEC028BF0BD15
:10F0C0004FF0750C022640F27520D1E76FF0650015
:10F0D000F2E76FF01300EFE7FCA9F1D24D62904028
:10F0E00000004843333333333333E33F0000000041
:10F0F000F0B52DED028B85B004ADFF2305F8083D7A
:10F10000012304462A46D0F85C011121CDE90033E1
:10F11000B0EE408AFEF7D4F99DF8083043B1032BD6
:10F120004DD118EE100A08F051FE06460F4612E0C7
:10F1300018EE100A08F04AFE27A3D3E9002306467A
:10F140000F4609F00DF9E8BBDFED217AB4EEE78A4E
:10F15000F1EE10FA36DC32463B4600201D4908F03D
:10F16000B7FF09F025F901260346D4F87411C4F855
:10F170007031D4F85C018DF80A30CDE900662A467A
:10F180001D0A4FEA134C0F0C0E0A8DF809508DF82A
:10F190000F1094F87A5194F879418DF808C008233B
:10F1A0008B218DF80D708DF80E608DF80B508DF859
:10F1B0000C40FEF763FB05B0BDEC028BF0BD6FF0B9
:10F1C0001300F8E76FF06400F5E700BFAFF30080CD
:10F1D0000000964300402F41333333333333E33F52
:10F1E00030B585B004ACFF2304F8043D0123054687
:10F1F0002246D0F85C011121CDE90033FEF760F919
:10F200009DF80C30012B03D0BBEE040A05B030BDD5
:10F21000D5F85C012246CDE90033002403231421F4
:10F22000ADF80C408DF80E40FEF74AF99DF80D3010
:10F230009DF80C201B0243EA02431B0AD8B21B06AE
:10F2400048BFA0F5807008F0AFFD0022044B08F025
:10F2500015FE09F0CDF800EE100A05B030BD00BF74
:10F260000000D03F2DE9F04784B004ADFF2305F83E
:10F27000083D01232A4604460F46D0F85C011121BF
:10F28000CDE90033FEF71CF99DF80820012A44D18E
:10F290000026D4F85C0184F898712B4640F2367150
:10F2A0008DF8086094F86381B4F86661D4F894919D
:10F2B00094F864A1FEF7B2FED4F85C01FEF78CFC72
:10F2C00028BB9DF808C02FBB4CF0040C01232A4634
:10F2D00040F23671D4F85C018DF808C0FEF718F8DA
:10F2E0000123D4F85C018DF80960CDE90033360ABA
:10F2F0002A4606238C218DF808608DF80AA08DF827
:10F300000B908DF80C808DF80D70FEF7B7FA04B0F5
:10F31000BDE8F0870CF0FB0CD8E76FF01300F6E7C0
:10F3200070B584B004AEFF2306F8083D01230546FE
:10F330000C46D0F85C013246CDE900331121FEF7CE
:10F34000BFF89DF808300BB1032B3FD1042C40D8F7
:10F35000DFE804F02C30343803000B2485F87A41C0
:10F36000D5F87031D5F874118DF80B401C0C8DF860
:10F370000A308DF808401B0A0124D5F85C018DF88D
:10F38000093095F879518DF80F103246CDE90044D7
:10F390000E0C0C0A08238B218DF80D608DF80E40A1
:10F3A0008DF80C50FEF76AFA04B070BD002385F8A2
:10F3B0007A31D5E7082485F87A41D1E7092485F820
:10F3C0007A41CDE70A2485F87A41C9E76FF0130046
:10F3D000EAE76FF06900E7E730B585B004ACFF23DA
:10F3E00004F8043D012305462246D0F85C011121B2
:10F3F000CDE90033FEF764F89DF80C30012B03D003
:10F400006FF0130005B030BD2A681249526F8A426E
:10F410001DD1D5F85C012246CDE90033002402233A
:10F420001221ADF80C40FEF74BF8BDF80C0040BAC5
:10F4300080B2C30508D410F0800F0CBF4FF0FF302E
:10F440006FF00E0005B030BD034805B030BD284652
:10F450009047EEE76DEA020042FDFFFF2DE9F04321
:10F4600087B006AE4FF0FF0806F80C8D01252B463D
:10F4700004460F46D0F85C013246CDE90055112113
:10F48000FEF71EF89DF80C30002B40F08180D4F878
:10F490005C018FB102AB2A464FF4D76184F87D51ED
:10F4A000FEF7BCFDD4F85C01FEF796FB074678B387
:10F4B000384607B0BDE8F083B4F8803184F87D7138
:10F4C000CDE9005594F8781194F87C518DF80D3001
:10F4D0004FEA132C32468DF80E1094F87B6194F8A5
:10F4E0007E418DF8107009238C218DF814708DF8F1
:10F4F00012808DF80CC08DF813608DF80F508DF8C8
:10F500001140FEF7BBF90746384607B0BDE8F08367
:10F510009DF808C0D4F85C018DF809802CF0010C2E
:10F5200002AA4CF0010C02234FF4D7618DF808C0F9
:10F53000FDF7EEFEB4F88011D4F85C018DF80D10E3
:10F54000CDE90055324694F878E194F87BC194F8FF
:10F550007C6194F87D5194F87E418DF810704FEAEB
:10F56000112909238C218DF812808DF80C908DF8CB
:10F570000EE08DF813C08DF80F608DF814508DF8E3
:10F580001140FEF77BF90746384607B0BDE8F08327
:10F590006FF013078CE700BF2DE9F04186B006AE8F
:10F5A000FF2706F80C7D012304468846D0F85C014D
:10F5B0001546CDE9003332461121FDF781FF9DF854
:10F5C0000C30F3B9082D22D82B4642464FF4D861AF
:10F5D000D4F85C01FDF79CFEED00B4F88031EDB28B
:10F5E000AB421A46A8BF2A461F2A84F87C5113DC76
:10F5F000172AD1B264DC0F296DD8002918BF042165
:10F600000BE0012B33D0032B60D1042D5AD06FF0C7
:10F61000680006B0BDE8F08107218DF80D301B0AA7
:10F620008DF80C30012384F87811D4F85C018DF842
:10F630000E10CDE9003394F87D3194F87E118DF8E9
:10F640000F5032468DF8143094F87B618DF811100C
:10F650000025FF2409238C218DF813608DF81050AC
:10F660008DF81240FEF70AF906B0BDE8F081012DD1
:10F67000CDD8D4F85C018DF80C70CDE9003332465A
:10F68000112198F80050FDF71BFF9DF80C30012B5D
:10F690001CD125F00F032D01D4F85C01324643F054
:10F6A000040445F0040502234FF4E8618DF80C4092
:10F6B0008DF80D50FDF72CFE002006B0BDE8F0815E
:10F6C0000621AAE7D8F80030C4F89C316FF0130087
:10F6D00006B0BDE8F08105219FE700BF70B5036863
:10F6E000234AD3F8C830934284B0044636D104AAE2
:10F6F0004FF6437322F8043D01210223D0F85C0148
:10F70000CDE900111946FEF7B9F8054615B12846AE
:10F7100004B070BD2368174A9B68934223D1D4F884
:10F720005C0194F84A610121FEF74AFED4F85C01BD
:10F730002B46CDE900552A462946FEF79FF804AA34
:10F740000123D4F85C0102F8046D8021CDE9003377
:10F75000FEF794F80546284604B070BD44F2FF3128
:10F7600098470546D2E7204698470546CFE700BFB1
:10F7700045EA020075EE02002DE9F043044687B029
:10F78000D0F85C0116460F46FEF726FA23684D4A6C
:10F790005B6F9342054640F0878006AA002322F85B
:10F7A000043D0123D4F85C011221CDE9003302238A
:10F7B000FDF786FEBDF8140040BA80B26FF43073D6
:10F7C0009D4268D0002D5FD1430661D400F0300027
:10F7D00020280CBF6FF006094FF000090DF1180842
:10F7E000FF2308F8043D0123D4F85C014246CDE92B
:10F7F00000331121FDF764FE9DF81430012B03D175
:10F8000094F86431012B52D00123D4F85C014246B4
:10F81000CDE90033002502231321ADF81450FDF784
:10F820004FFE9DF815209DF8143016B1B34228BF45
:10F830003346DBB20126D4F85C018DF81520009325
:10F840001E253B46CDE90166022241468DF8145043
:10F85000FDF730FF0546B8B923681B4AD3F8C83016
:10F86000934228D10223D4F85C01019600964246C7
:10F8700019464FF64374ADF81440FDF7FFFF0546F7
:10F88000B9F1000F18BF4D46284607B0BDE8F08318
:10F890006FF00609A2E710F4007F18BF6FF00505AE
:10F8A000284607B0BDE8F0832046984786E7D4F89D
:10F8B00094310022B9E7204644F2FF3198470546CB
:10F8C000DEE700BF6DEA020045EA02002DE9F041E3
:10F8D00086B000240546FF270226D0F85C01039479
:10F8E000CDE901672346224640F6E2010094FEF787
:10F8F000E9FBD5F85C012346CDE90274CDE9004669
:10F90000224640F6E501FEF7DDFB0123D5F85C0158
:10F9100000934FF6FF7605AA032382210194ADF8E8
:10F9200014608DF81660FDF7A9FFD5F85C311868F2
:10F9300003680A215B6998472646274605AB0122E2
:10F9400040F61901D5F85C018DF81470FEF766FBDE
:10F95000D5F85C01FEF740F99DF8140000F00100B5
:10F96000A04001343043082CC6B2E7D12B68214AAD
:10F970009B6893423AD10121D5F85C0195F84A4140
:10F98000FEF71EFD0023D5F85C0101971A461946C3
:10F990000097FDF773FF0123D5F85C018DF8144043
:10F9A00005AACDE900338021FDF768FF00244FF060
:10F9B000FF080227D5F85C01039423460094CDE9A3
:10F9C0000178012240F6E201FEF77CFBD5F85C01EC
:10F9D0002346CDE90284CDE90047012240F6E50146
:10F9E000FEF770FB304606B0BDE8F0812846984728
:10F9F000DCE700BF75EE02002DE9F04F87B006ADE1
:10FA0000FF2305F80C3D01232A4604460E46D0F894
:10FA10005C011121CDE90033FDF752FD9DF80C206A
:10FA2000012A45D0002A40F08A8094F87C71B2B255
:10FA3000BA42A8BF3A46B3B21F2AA4F880312ADDE1
:10FA400007211B0A8DF80C30012384F87811D4F8B3
:10FA50005C018DF80D60CDE9003394F87B3194F8AA
:10FA60007DC194F87E618DF80E102A46FF24002592
:10FA70008DF813308C2109238DF80F708DF814C088
:10FA80008DF811608DF810508DF81240FDF7F6FEDC
:10FA900007B0BDE8F08F172AD1B205DC0F2905D8D1
:10FAA000002918BF0421CCE70621CAE70521C8E7D1
:10FAB000B7B24FF0000CD4F85C01A4F866712B4685
:10FAC00040F236718DF80CC094F86391D4F894A18B
:10FAD00094F864B194F89881FEF7A0FAD4F85C0128
:10FAE000FEF77AF80028D3D19DF80CC0D4F85C0159
:10FAF000B8F1010F0CBF0CF0FB0C4CF0040C2A46C3
:10FB0000012340F236718DF80CC0FDF701FC012392
:10FB1000D4F85C018DF80D603F0ACDE900332A4628
:10FB200006238C218DF80C708DF80EB08DF80FA087
:10FB30008DF810908DF81180FDF7A0FEA8E74FF02A
:10FB4000FF30A5E72DE9F04786B006AD002325F884
:10FB50000C3D012604462A46D0F85C010223CDE97B
:10FB600000668F21FDF78AFE10B106B0BDE8F08770
:10FB700023684E4AD3F8C83093424AD10223D4F8BE
:10FB80005C010196009619464FF643762A46ADF879
:10FB90000C60FDF773FE0126D4F85C013346CDE915
:10FBA0000066FF272A4611218DF80C70FDF788FCAE
:10FBB0009DF80C30B34231D0002B74D1B4F88011D1
:10FBC000D4F85C018DF81030CDE900662A4694F82F
:10FBD0007B3194F878518DF80D100E0A94F87C1151
:10FBE0008DF80E508DF8133094F87D518DF80F106C
:10FBF00094F87E418DF8127009238C218DF80C60E9
:10FC00008DF814508DF81140FDF738FE06B0BDE8B0
:10FC1000F08744F2FF3120469847BCE71A46002699
:10FC2000D4F85C018DF80C602B4640F23671B4F8C4
:10FC3000666194F86381D4F8949194F864A194F87F
:10FC40009871FEF7EBF9D4F85C01FDF7C5FF0028C9
:10FC50008BD19DF80CC0D4F85C01012F0CBF0CF0C7
:10FC6000FB0C4CF0040C2A46012340F236718DF84F
:10FC70000CC0FDF74DFB0123D4F85C018DF80D603D
:10FC8000CDE90033360A2A4606238C218DF80C6014
:10FC90008DF80EA08DF80F908DF810808DF81170F2
:10FCA000FDF7ECFD61E74FF0FF305EE745EA02004B
:10FCB000F0B503683E4A5D69954285B049D19B68BD
:10FCC0003C4A934204466ED10121D0F85C0194F87D
:10FCD0004A51FEF775FB00231A461946D4F85C0119
:10FCE000CDE90033FDF7CAFD04AA012302F8085D3F
:10FCF000D4F85C018021CDE90033FDF7BFFD054656
:10FD000025BB40F27221204603F040FD0221064649
:10FD1000204603F03BFD02460823C2F307210127DA
:10FD2000D4F85C018DF809608DF80B208DF80A106D
:10FD3000C6F30726CDE900770DEB030219460395BC
:10FD40008DF80860FDF79AFD054670B1284605B0AC
:10FD5000F0BD0023009340F2722202236FF07F4136
:10FD6000A8470546284605B0F0BD2046FFF7EAFE45
:10FD700005460028EAD1D4F85C010221FEF720FBF9
:10FD8000D4F85C0102AACDE900754FF6FF74032395
:10FD90008221ADF808408DF80A40FDF76FFD054659
:10FDA000284605B0F0BD98470546002DA9D0CDE7FF
:10FDB000B9FD020075EE02002DE9F0410E4690F803
:10FDC0006411012984B0044690461F4650D0236830
:10FDD0003F4A9B68934255D10121D4F85C0194F8C5
:10FDE0004A51FEF7EDFA00231A461946D4F85C0191
:10FDF000CDE90033FDF742FD04AA012302F8085DB6
:10FE0000D4F85C018021CDE90033FDF737FD0546CC
:10FE100055BB6FF07F439E424146204618BF47F4D2
:10FE2000007703F0B3FC39460546204603F0AEFCEC
:10FE30000127844608238DF80950C5F30725D4F817
:10FE40005C018DF80850CCF3072E0025CDE9007732
:10FE50000DEB0302194603958DF80BC08DF80AE0EF
:10FE6000FDF70CFD054688B1284604B0BDE8F081D9
:10FE70000A9B002BABD0C0F894312368144A9B68CE
:10FE80009342A9D0204698470546C1E72046FFF790
:10FE900059FE05460028E7D1D4F85C010221FEF79F
:10FEA0008FFAD4F85C018DF80A60CDE9007502AADA
:10FEB000350C340A032382218DF808508DF809404F
:10FEC000FDF7DCFC0546284604B0BDE8F08100BF24
:10FED00075EE0200000000002DE9F04F0568DFF824
:10FEE000A482AD68454587B004460F46164699463C
:10FEF00032D10121D0F85C0194F84A51FEF760FA42
:10FF000000231A461946D4F85C01CDE90033FDF709
:10FF1000B5FC06AA012302F8045DD4F85C01802137
:10FF2000CDE90033FDF7AAFC05468DB9FF2E00F29E
:10FF3000108123683146DB6E20469847226883464D
:10FF4000D5694B46394632462046A847054630B16A
:10FF5000284607B0BDE8F08FA8470546E5E70DF154
:10FF60001809FF2309F8043D0123D4F85C014A462F
:10FF7000CDE900331121FDF7A3FAD4F85C319DF8E7
:10FF800014A018680368DB699847794B03950BEB5D
:10FF90008B0BA3FB0B3B4FEA9B1B07460BF10505A5
:10FFA00007E0D4F85C311868596A03689B68984781
:10FFB00068BBD4F85C3118680368DB6C9847D4F8E8
:10FFC0005C3118680368DB699847C01B8542E8D23A
:10FFD000236868491A6A8A4279D1D3F8C830664AD8
:10FFE000934240F0828001220223D4F85C014FF654
:10FFF0004375CDE9002219464A46ADF81450FDF785
:020000023000CC
:100000003DFC0546002D40D06FF00405A0E7BAF195
:10001000030F4FF0010C4FF002034A464FF012015C
:1000200069D12068D0F874B05448834554D1D4F8CD
:100030005C01CDE900CCBDF80CC0ADF814C0FDF7F3
:100040003FFABDF814305BBA9BB2DB07204652D4AE
:10005000D4F8B41101F00F0103F068FA2368464A9E
:10006000D3F8C8B0022393454FF001004FF6437C0C
:100070004A46194634D1D4F85CE1ADF814C0CDE954
:1000800000007046FDF7FAFB93E723689B68434541
:1000900062D10121D4F85C0194F84A61FEF790F92D
:1000A0002B462A462946D4F85C01CDE90055FDF7D8
:1000B000E5FB0123D4F85C018DF814604A46CDE9D4
:1000C00000338021FDF7DAFB6FF0040540E720469E
:1000D00090476FF004053BE72046D8470346B4E756
:1000E00044F2FF312046D84763E744F2FF3120460F
:1000F0009847054686E7D4F85C3118680368DB69E1
:1001000098470546304607F03FFE00221C4B07F09B
:10011000B5FE8046E81B07EE900AF8EE677A89463E
:1001200017EE900A07F052FE0FA3D3E9002307F061
:10013000A5FE02460B464046494607F0C9FF08F0B7
:1001400057F92368C4F888011B6A2046984705467A
:10015000FEE66FF00305FBE6204698476FF00405C6
:10016000F6E600BFAFF30080FCA9F1D24D62503F2C
:10017000D34D6210DDF6020045EA02006DEA02008E
:100180000000204075EE02002DE9F04FFF2AC9B0B3
:1001900000F2BD810125FF27884604461646D0F8A7
:1001A0005C018DF8207008AACDE900552B4611217D
:1001B000FDF786F99DF82070AF4200F0E980002F2E
:1001C00000F0A980032F40F02E810823D14AD4F8F3
:1001D0005C010892019500951946002508AA099529
:1001E000FDF74CFB05461DB1284649B0BDE8F08F30
:1001F0004FF00109D4F85C01ADF82050CDE9009929
:10020000022308AA8F21FDF739FB05460028EBD110
:10021000032F00F00B81D4F85C0100960E25CDE988
:1002200001994346022208A9ADF82050FDF708FCC9
:1002300005460028D8D12368B74AD3F8C83093427E
:1002400040F0708101220223D4F85C014FF643751F
:10025000CDE90022194608AAADF82050FDF70EFBA3
:100260000546002DC0D107AB012240F68901D4F824
:100270005C018DF81C50FDF7D1FED4F85C01FDF750
:10028000ABFC05460028AFD10123D4F85C01FF2563
:10029000CDE9003308AA11218DF82050FDF710F99F
:1002A0009DF82030012B00F043819DF81C5045F053
:1002B000040507AA012340F68901D4F85C018DF8F2
:1002C0001C50FDF725F894F85811D4F85C01FEF79E
:1002D00077F801230025D4F85C01ADF82050CDE972
:1002E000003308AA032383218DF82250FDF7C6FAB4
:1002F000054630B178E7D4F85C3118680368DB6CE8
:100300009847D4F85C311868D96A03689B689847A5
:100310000028F0D168E7B4F88031D4F85C018DF89A
:100320002130CDE90055190A94F8785194F87C21D0
:100330008DF8201094F87D1194F87BC18DF822502F
:100340008DF8232094F87E518DF82810092308AAEF
:100350008C218DF825508DF824708DF826608DF84D
:1003600027C0FDF78BFA0546002D7FF43DAF012233
:100370000823D4F85C01DFF8A4C10995CDE9002277
:10038000194608AACDF820C0FDF778FA05462AE7F5
:10039000002508AB3A4640F23671D4F85C018DF87E
:1003A000205094F863510595B4F8669194F864B1BF
:1003B00094F898A1FDF732FED4F85C01FDF70CFC2F
:1003C000054600287FF410AF9DF82050D4F85C015A
:1003D000BAF1010F0CBF05F0FB0545F00405012340
:1003E00008AA40F236718DF82050FCF791FF0123E6
:1003F0009DF81450D4F85C018DF82190CDE90033BC
:100400004FEA1929062308AA8C218DF824508DF86B
:1004100020908DF822B08DF823608DF825A0FDF78F
:100420002DFA0546A0E74FF0FF35DDE6204602F045
:10043000ABFF054600287FF4D7AE94F89B31C3F19B
:100440000403002B09DD204603F04AF894F89B31A1
:100450000135C3F10403AB42F5DCFF22002108A8FB
:1004600008F058FA002504F5D87004F5D67307AFE4
:1004700000973246C4F8AC51C4F8B051C4F8B45136
:100480004146CDE9013008AB2046079502F0D2FC89
:10049000054600287FF4A8AE3B68D4F85C01DBB2C7
:1004A000012600930E2506A9CDE9016608AB0222BC
:1004B000ADF81850FDF7C4FA054600287FF494AE55
:1004C0003B68D4F8B0118DF819308DF81A10032359
:1004D000D4F85C018DF8186006AA40F28531FCF76B
:1004E00017FF94F8B031102B1F4628BF1027002BA0
:1004F0003FF4A1AE2E46F1B2204603F017F80136C4
:10050000054600287FF470AEBE42F4D193E66FF04A
:10051000030569E64001400145EA020002010001CD
:100520000000FA4344F2FF3120469847054698E61A
:100530001FED057AD4ED5A7A9DF81C5077EEC77AF4
:10054000F0EEE77A17EE900A07F040FC06A3D3E935
:10055000002307F00FFF00283FF4A9AE05F0FB05CC
:10056000A7E600BFAFF30080FCA9F1D24D62503F77
:1005700070B59FED350A0D46FF21044603F0DAF809
:100580003249334B0869236000223249C4F898117C
:10059000032384F8583101210023C4F89C01C4F8D6
:1005A0005421C4F86821C4F88421C4F888210220A9
:1005B0000822C4F84C3184F85031C4F8603184F812
:1005C0006431A4F86631C4F87031C4F87431C4F8E9
:1005D0007831A4F87C3184F87E31A4F88031C4F8F5
:1005E0008C3184F89031C4F8943184F8A031A4F8A7
:1005F000A231A4F8A431A4F8A631A4F8A831A4F833
:10060000AA31C4F8AC31C4F8B03184F86C11C4F824
:10061000B431C4F85C5161602025A0608021402085
:1006200022614FF4807284F8493184F84A31C4E978
:1006300006501023C4E90812042663614FF40073C6
:10064000E660A362204670BD0024743FB4B6030088
:10065000D8B60300000106032DE9F043D0F85C3161
:10066000044618680D46996A036882681B6885B05D
:100670009847D4F85C311868996A0368C2685B6867
:100680009847D4F85C311868036801215B69984782
:10069000D4F85C311868996A036802695B68984706
:1006A00025B90025284605B0BDE8F083D4F85C31B3
:1006B000DFF8948018680368DB69984723689B68B3
:1006C000434581464FF001074FF000064FF001010E
:1006D00035D1D4F85C0194F84A51FDF771FE00233E
:1006E000D4F85C0101961A4619460096FDF7C6F843
:1006F000D4F85C018DF80C50CDE90077012303AAF2
:100700008021FDF7BBF80546002DCAD0D4F85C3136
:1007100018680368DB699847A0EB0900B0F57A7F99
:100720004FF00A01BED2D4F85C31186803685B69E7
:10073000984723689B6843454FF00101C9D0204684
:1007400098470546E0E700BF75EE02002DE9F0414D
:100750000568DFF8B8C0D5F80880E04584B00446E5
:100760000F4615461E4648D10121D0F85C0194F889
:100770004A81FDF725FE00231A461946D4F85C018C
:10078000CDE90033FDF77AF804AA0123D4F85C011F
:1007900002F8088D8021CDE90033FDF76FF848BBE2
:1007A0006FF07F439F422946204618BF46F40076EB
:1007B00002F0ECFF31460546204602F0E7FF01213A
:1007C000024608238DF80950C5F30725C2F3072612
:1007D000D4F85C018DF80850CDE900118DF80B209C
:1007E000002519460DEB03028DF80A600395FDF70D
:1007F00045F820B104B0BDE8F081C047CFE72046FE
:10080000FFF7A0F904B0BDE8F08100BF75EE02006B
:100810002DE9F04F0368D44E9B68B34285B004467F
:100820008B46924640F012810121D0F85C0194F889
:100830004A51FDF7C5FD00231A461946D4F85C015C
:10084000CDE90033FDF71AF804AA012302F8045D8C
:10085000D4F85C018021CDE90033FDF70FF805469F
:100860001DB1284605B0BDE8F08F04AFFF2307F89F
:10087000043D0123D4F85C013A46CDE9003311214F
:10088000FCF71EFE9DF80C30012B00F0E780002BDA
:1008900040F05D81BAF1000F00F0DB80504607F0B8
:1008A00073FA0022B14B07F0E9FA80468946D4ED8D
:1008B0005C7AF8EE677A17EE900A07F087FA02463C
:1008C0000B46A5A1D1E9000107F002FC07F090FD5D
:1008D00007F07CFA02460B464046494607F0F8FB13
:1008E0009FA3D3E9002307F0C9FA07F061FD804612
:1008F00007EE908AF8EE677A17EE900A07F066FA2C
:1009000000229B4B07F0BAFA07F052FD2268994B80
:1009100055699D42814640F0BB800146022340F26A
:1009200072222046FFF712FF0546002899D10221C6
:10093000D4F85C01FDF744FD01234FEA1941D4F8D6
:100940005C018DF80C10019500934FEA19250323E3
:100950003A4682218DF80D508DF80E90FCF78EFFEF
:100960000546002D7FF47DAFD4F85C31186803682C
:10097000DB69984705460EE0D4F85C3118680368D7
:10098000DB6C9847D4F85C3118680368DB699847DA
:10099000401B804579D3D4F85C311868596A0368E4
:1009A0009B6898470028E7D04FF0000823689B68B1
:1009B000B34277D10121D4F85C0194F84A51FDF794
:1009C000FFFC00231A461946D4F85C01CDE9003338
:1009D000FCF754FF0123D4F85C018DF80C50CDE9ED
:1009E00000333A468021FCF749FF054625B16FF4F4
:1009F00030739D427FF435AF23685F4A5B6F93424B
:100A000040F0A2800123D4F85C010025CDE9003339
:100A10003A4602231221ADF80C50FCF751FDBDF807
:100A20000C0040BA80B2830500F1AC80B8F1000F31
:100A300040F0A88094F86431012B37D023685246E7
:100A400059465B6A2046984705460AE79847054697
:100A500006E74FF00008DFF8289128E794F86021B6
:100A600094ED5A7A934007EE903AF8EE677AC7EE23
:100A7000877A17EE900A07F0A9F900223F4B07F09A
:100A8000FDF907F095FC804632E74FF001088DE74D
:100A900000230146009340F2722202232046A84719
:100AA00005465EE72046984705469FE7D4F85C0177
:100AB000FF25CDE900333A4611218DF80C50FCF7A3
:100AC000FFFC9DF80C30012BB8D194F86431012B58
:100AD00040F0C980D4F85C018DF80C50CDE90033AA
:100AE0003A461121FCF7ECFC9DF80C60012E40F019
:100AF000BA8004AA334602F8058D40F60211D4F8F4
:100B00005C01FCF705FC3B46324640F64411D4F844
:100B10005C018DF80C80FDF781FAD4F85C01FDF7DB
:100B20005BF8054600287FF49CAE9DF80C50D4F885
:100B30005C0145F0020533463A4640F644118DF813
:100B40000C50FCF7E5FB79E7204698476BE74FF040
:100B5000FF3586E6AFF30080000000008084CE41C0
:100B6000000000000088B34075EE02000000204045
:100B700000005040B9FD02006DEA0200000059403B
:100B800000E09F4023689B68B3426FD10121D4F8F5
:100B90005C0194F84A51FDF713FC00231A461946EC
:100BA000D4F85C01CDE90033FCF768FE0123D4F8EA
:100BB0005C018DF80C50CDE900333A468021FCF7FA
:100BC0005DFE94F86431012B36D1D4F85C01FF2529
:100BD000CDE900333A4611218DF80C50FCF770FC3A
:100BE0009DF80C50012D27D104AA002602F8056DAE
:100BF0002B4640F60211D4F85C01FCF789FBD4F8CF
:100C00005C018DF80C603B462A4640F64411FDF726
:100C100005FAD4F85C01FCF7DFFF68B99DF80C20F9
:100C2000D4F85C012B4640F6441142F002053A46E6
:100C30008DF80C50FCF76CFB2368114AD3F8C830D0
:100C4000934216D101210223D4F85C013A46CDE942
:100C500000114FF643741946ADF80C406FF00505CE
:100C6000FCF70CFEFDE56FF01305FAE5204698470A
:100C7000A7E7204644F2FF3198476FF00505F0E5FD
:100C800045EA020000000000F0B52DED028B85B0B2
:100C900004AEFF2306F8043D012304463246D0F893
:100CA0005C011121CDE90033B0EE408AFCF708FC6D
:100CB0009DF80C70012F40F09980B5EEC08AF1EEDE
:100CC00010FA75D4DFED4E7AB4EEE78AF1EE10FA41
:100CD0006EDCF6EE007A68EE277A17EE900A07F0DF
:100CE00075F845A3D3E9002306F012FF07F060FB77
:100CF000C0B20F2866D00AD93E286FD034D97D28DB
:100D00005CD0FA2854D1062384F8503109E0052834
:100D10005CD031D907285DD00A2849D1092384F84D
:100D2000503194F86C0184ED5A8A94F8602194F85B
:100D3000611138BB94F86271D4F85C01002562F34C
:100D4000070563F30F2561F31745012367F31F655B
:100D5000CDE90033324604238B210395FCF78EFD49
:100D600005B0BDEC028BF0BD14283BD01F281FD16D
:100D7000032384F85031D4E7032819D1002384F8E1
:100D80005031CEE7012000FA02F507EE905AF8EE56
:100D9000677AB3EE007AC7EE886AF4EEC76AF1EEBE
:100DA00010FAB6BF002784F8620184F86271C3E7C5
:100DB0006FF0070005B0BDEC028BF0BD052384F891
:100DC0005031AEE7022384F85031AAE7082384F8B3
:100DD0005031A6E784F850713B46A2E7042384F81B
:100DE00050319EE70A2384F850319AE76FF01300E0
:100DF000B6E700BFAFF300807B14AE47E17A843FD3
:100E00000000FF4300000000F0B52DED028B89B01B
:100E1000044608AD03A880E80E00FF2705F8087D0A
:100E20000126D4F85C019DED048A33462A46CDE9BB
:100E300000661121FCF744FB9DF8183013B3012B19
:100E400000F09180032B40F027819DF80D209DF844
:100E50000C10032A00F22381092984F8992100F259
:100E600021814FF480709DF80E20A4F8AA0184F827
:100E70009A1184F89B3184F8A021002009B0BDECC0
:100E8000028BF0BD23689DED030A5B6B20469847FB
:100E90000028F3D123689A4A9B6B934240F0F78075
:100EA000D4F85C018DF818703346CDE900662A4607
:100EB0001121FCF705FB9DF81830002B40F0F8805D
:100EC000B5EEC08AF1EE10FA00F1DB8018EE100AE0
:100ED00006F07CFF86A3D3E9002306460F4607F001
:100EE0003FFA002840F0E180DFED867AB4EEE78A31
:100EF000F1EE10FA00F3D9807FA3D3E90023304646
:100F0000394606F0BBFF07F053FAC0F30743C0F3BE
:100F100007265FFA80FC8DF81D300123D4F870118C
:100F2000C4F87401D4F85C018DF81E60CDE900337B
:100F30002A460F0C94F87A518DF81A100E0A94F87C
:100F400079418DF81FC008238B218DF818708DF81A
:100F500019608DF81B508DF81C40FCF78FFC09B010
:100F6000BDEC028BF0BDD4F85C018DF81870CDE9B2
:100F700000332A4611219DF80C70FCF7A1FA9DF868
:100F80001830012B40F094807A1F072A00F2AA80C3
:100F900094F86C0184F8607194F8501194F8612110
:100FA000002859D194F86231D4F85C01002667F327
:100FB000070661F30F2662F31746012763F31F66E6
:100FC000CDE9007704232A468B210696FCF756FCD0
:100FD00000287FF453AFB0EE480A2046FFF754FED6
:100FE000064600287FF44AAFD4F85C013B46CDE9C1
:100FF00000771121FF272A468DF818709DF814708C
:10100000FCF75EFA9DF81810012951D17B1F032BC4
:1010100045D83B1F94F86C0194F8602194F8507106
:10102000DBB284F86131002845D194F86211D4F81C
:101030005C01002662F3070667F30F2663F3174689
:10104000012361F31F66CDE900332A4604238B2177
:101050000696FCF713FC11E703FA07F007EE900A77
:10106000D4ED5A6AF8EEE77A87EEA67AF3EE007AC4
:10107000B4EEE77AF1EE10FAB8BF002384F86231DB
:1010800092E74FF0750C022640F2752043E7B0EE70
:10109000480A20469847F1E64FF0FF30EEE66FF041
:1010A0000900EBE66FF00700E8E66FF06500E5E6A3
:1010B0006FF01300E2E601FA02F007EE900AD4EDB9
:1010C0005A6AF8EE677A87EEA67AF3EE007AB4EE03
:1010D000E77AF1EE10FAAEBF84F8621184F862612B
:1010E0003146A4E76FF00800C8E600BFAFF3008008
:1010F000333333333333E33FFCA9F1D24D629040B5
:10110000F1EF020000004843F0B585B004AEFF23C4
:1011100006F8043D012304460F46D0F85C01324630
:10112000CDE900331121FCF7CBF99DF80C30012BF0
:101130003BD17A1F072A35D894F86C0184F8607186
:1011400094F8501194F86121B8B994F86231D4F848
:101150005C01002567F3070561F30F2562F317456E
:10116000012163F31F65CDE90011324604238B2171
:101170000395FCF783FB05B0F0BD03FA07F007EE1B
:10118000900AD4ED5A6AF8EEE77A87EEA67AF3EE83
:10119000007AB4EEE77AF1EE10FAB8BF002384F8D3
:1011A0006231D4E76FF00800E5E76FF01300E2E783
:1011B000B5EEC00AF1EE10FA21D4DFED157AB4EEE7
:1011C000E70AF1EE10FA1ADC10B5044682B010EE10
:1011D000100A06F0FBFD0CA3D3E9002306F04EFE37
:1011E00007F0E6F802AA012302F8010D40F6E70134
:1011F000D4F85C01FCF78CF8002002B010BD6FF051
:1012000010007047AFF300809A9999999999D93F46
:1012100000000C4300000000F0B52DED028B85B0FE
:1012200004ADFF2305F8083D012304462A46D0F803
:101230005C011121CDE90033B0EE408AFCF740F9A2
:101240009DF80830002B40F0D88084ED618A18EEBC
:10125000100A06F0BBFD0FF2E443D3E90023064673
:101260000F4606F053FC07F0C3F807EE900AF0EEC5
:10127000E77A17EE900A06F0A9FD0FF25443D3E97E
:10128000002307F077F8002845D10FF2B843D3E9DF
:1012900000233046394606F039FC07F0A9F807EE7E
:1012A000900AF0EEE77A17EE900A06F08FFD0FF243
:1012B0002043D3E9002307F05DF880B3172384F8B7
:1012C0007931D4F870218DF80C300021130C63F3C0
:1012D0000701130A94F87A61D4F85C0163F30F21D3
:1012E00062F31741D4F874318DF80F30012466F39E
:1012F0001F612A46CDE900441D0C1C0A02910823F7
:101300008B218DF80D508DF80E40FCF7B7FA05B023
:10131000BDEC028BF0BD1F2384F87931D1E70FF2C9
:101320002C43D3E900233046394606F0EFFB07F0A3
:101330005FF807EE900AF0EEE77A17EE900A06F0F3
:1013400045FDE3A3D3E9002307F014F8D8B90FF261
:101350000443D3E900233046394606F0D7FB07F0B3
:1013600047F807EE900AF0EEE77A17EE900A06F0DB
:101370002DFDD7A3D3E9002306F0FCFF38B11E23CF
:1013800084F879319DE70F2384F8793199E7F3A345
:10139000D3E900233046394606F0B8FB07F028F8B9
:1013A00007EE900AF0EEE77A17EE900A06F00EFDCF
:1013B000C7A3D3E9002306F0DDFFD0B9E9A3D3E941
:1013C00000233046394606F0A1FB07F011F807EE7E
:1013D000900AF0EEE77A17EE900A06F0F7FCBCA34D
:1013E000D3E9002306F0C6FF50B10E2384F879310B
:1013F00067E7162384F8793163E76FF0130086E717
:10140000DFEDCB7A78EE677AF0EEE77A17EE900AA6
:1014100006F0DCFCAEA3D3E9002306F0ABFF18B165
:101420001D2384F879314CE7ABA3D3E90023304680
:10143000394606F06BFB06F0DBFF07EE900AF0EE94
:10144000E77A17EE900A06F0C1FCA1A3D3E90023C6
:1014500006F090FF18B1152384F8793131E7A0A385
:10146000D3E900233046394606F050FB06F0C0FFB2
:1014700007EE900AF0EEE77A17EE900A06F0A6FC67
:1014800093A3D3E9002306F075FF18B10D2384F868
:10149000793116E7DFEDA77A78EE677AF0EEE77A32
:1014A00017EE900A06F092FC89A3D3E9002306F018
:1014B00061FF18B11C2384F8793102E78AA3D3E9CC
:1014C00000233046394606F021FB06F091FF07EE77
:1014D000900AF0EEE77A17EE900A06F077FC7CA30C
:1014E000D3E9002306F046FF18B1142384F87931BC
:1014F000E7E67FA3D3E900233046394606F006FB32
:1015000006F076FF07EE900AF0EEE77A17EE900A03
:1015100006F05CFC6EA3D3E9002306F02BFF18B1A4
:101520000C2384F87931CCE673A3D3E90023304649
:10153000394606F0EBFA06F05BFF07EE900AF0EE94
:10154000E77A17EE900A06F041FC61A3D3E9002385
:1015500006F010FF18B11B2384F87931B1E668A3B7
:10156000D3E900233046394606F0D0FA06F040FFB2
:1015700007EE900AF0EEE77A17EE900A06F026FCE6
:1015800053A3D3E9002306F0F5FE18B1132384F822
:10159000793196E65CA3D3E900233046394606F05C
:1015A000B5FA06F025FF07EE900AF0EEE77A17EE9F
:1015B000900A06F00BFC46A3D3E9002306F0DAFEFE
:1015C00018B10B2384F879317BE651A3D3E90023CA
:1015D0003046394606F09AFA06F00AFF07EE900AFE
:1015E000F0EEE77A17EE900A06F0F0FB38A3D3E9A5
:1015F000002306F0BFFE18B11A2384F8793160E6A3
:1016000045A3D3E900233046394606F07FFA06F0B9
:10161000EFFE07EE900AF0EEE77A17EE900A06F07A
:10162000D5FB2BA3D3E9002306F0A4FE18B11223A7
:1016300084F8793145E63AA3D3E9002330463946A8
:1016400006F064FA06F0D4FE07EE900AF0EEE77AB0
:1016500017EE900A06F0BAFB1DA3D3E9002306F0AB
:1016600089FE18B10A2384F879312AE6DFED327A4F
:1016700078EE677AF0EEE77A17EE900A06F0A6FBAE
:1016800013A3D3E9002306F075FE18B1192384F8DB
:10169000793116E624A3D3E900233046394606F013
:1016A00035FA06F0A5FE07EE900AF0EEE77A17EE9F
:1016B000900A06F08BFB06A3D3E9002306F05AFE3E
:1016C000002855D0112384F87931FAE5AFF3008072
:1016D000FCA9F1D24D62503F666666666666374089
:1016E000CDCCCCCCCC4C3D4033333333337347403B
:1016F000CDCCCCCCCC4C4D40CDCCCCCCCC8C5340F8
:1017000033333333337357403333333333535D40E1
:101710006666666666866340666666666666674097
:101720009A99999999496D409A99999999597740B7
:1017300000009C4100001C4200009C4333333333C3
:10174000333313403333333333331740333333338B
:1017500033331D4066666666666623406666666667
:10176000666627403333333333332D400080E943FB
:101770005FED027A38EE678AF0EEC87A17EE900ACB
:1017800006F024FB06A3D3E9002306F0F3FD18B10D
:10179000092384F8793194E56FF06700B7E500BF5D
:1017A000FCA9F1D24D62503F2DE9F04F87B006AD54
:1017B000FF2605F80C6D012604468946D0F85C0129
:1017C0009DF840A090461F462A46CDE90066334664
:1017D0001121FBF775FE9DF80C20002A5AD1B14566
:1017E00000F0AE80C0F0B480B9F1020F40F0A280EA
:1017F000BAF1000F00F0B080062284F87B218DF84A
:1018000013200122B4F8803194F8781194F87C61A7
:10181000D4F85C018DF80D30CDE900221A0A8DF85C
:101820000C2094F87D3194F87E218DF80E10002163
:101830008DF80F608DF81430FF268DF811208DF88B
:10184000101009232A468C218DF81260FCF716F837
:10185000064600286AD14FEA182C2A46D4F85C01C3
:101860008DF80CC0022340F2BC618DF80D80FBF7AF
:101870004FFDD4F85C018DF80D702A463F0A022313
:1018800040F2BE618DF80C70FBF742FD304607B0A8
:10189000BDE8F08F012A63D119F1000918BF4FF09C
:1018A000010900262B4640F23671D4F85C0184F819
:1018B00063918DF80C60B4F86671D4F894A194F833
:1018C00064B194F89881FCF7A9FBD4F85C01FCF7AB
:1018D00083F9064650BB9DF80C60D4F85C01B8F162
:1018E000010F0CBF06F0FB0646F0040601232A4652
:1018F00040F236718DF80C60FBF70AFD0123D4F835
:101900005C018DF80D70CDE900332A463F0A0623AD
:101910008C218DF80C708DF80EB08DF80FA08DF81D
:1019200010908DF81180FBF7A9FF0646304607B0EE
:10193000BDE8F08F6FF42F76304607B0BDE8F08F2A
:10194000BAF1000F3FF459AF042284F87B2156E727
:1019500084F87B61324652E784F87B914A464EE731
:101960004FF0FF36E2E700BFD0F85C01FCF7EEBCB9
:101970002DE9F04790F8495184B0002D40F01081D6
:101980000368C14A9B68934204460F4610EE106AF2
:1019900040F0CD800121D0F85C0194F84A81FCF739
:1019A0000FFD2B462A462946D4F85C01CDE90055A7
:1019B00004ADFBF763FF05F8048D0123D4F85C0147
:1019C0002A46CDE900338021FBF758FF4FF001088C
:1019D000D4F85C010223CDE900884FF000092A46C3
:1019E0001721ADF80C90FBF76BFD9DF80D309B06B1
:1019F00000F1868007EE906AF0EEE77A17EE900A23
:101A000006F0E4F98EA3D3E9002306F0B3FC824686
:101A1000002840F08180304606F0D8F98AA3D3E947
:101A200000238046894606F071F806F0E1FC07EED7
:101A3000900AF0EEE77A17EE900A06F0C7F980A355
:101A4000D3E9002306F096FC40B38DF80CA007EE16
:101A5000907AF8EE677A17EE900A06F0B7F97CA351
:101A6000D3E9002306F00AFA06F0A2FC0123064699
:101A7000C4F88C71D4F85C018DF80F602A46340AE2
:101A8000350CCDE90033972104238DF80D508DF8E6
:101A90000E40FBF7F3FE04B0BDE8F0876EA3D3E978
:101AA00000234046494606F031F806F0A1FC07EE57
:101AB000900AF0EEE77A17EE900A06F087F960A335
:101AC000D3E9002306F056FC68BB65A3D3E90023E5
:101AD0004046494606F01AF806F08AFC07EE900ADE
:101AE000F0EEE77A17EE900A06F070F954A3D3E906
:101AF000002306F03FFCE8B102238DF80C30A6E786
:101B0000D4F85C01ADF80C90CDE9008802232A4698
:101B10000721FBF7B3FE6DE720460121FEF79CFD90
:101B200004B0BDE8F08701238DF80C308FE79847AB
:101B300003AD4BE74CA3D3E900234046494605F0EB
:101B4000E5FF06F055FC07EE900AF0EEE77A17EE97
:101B5000900A06F03BF93AA3D3E9002306F00AFC09
:101B6000D0B943A3D3E900234046494605F0CEFF50
:101B700006F03EFC07EE900AF0EEE77A17EE900AC8
:101B800006F024F92EA3D3E9002306F0F3FB48B1B5
:101B900004238DF80C305AE703238DF80C3056E7F8
:101BA0003A4878E734A3D3E900234046494605F094
:101BB000ADFF06F01DFC07EE900AF0EEE77A17EE97
:101BC000900A06F003F91EA3D3E9002306F0D2FB26
:101BD00018B105238DF80C3039E707EE106AF0EEE6
:101BE000087A77EE677AF0EEE77A17EE900A06F059
:101BF000EDF813A3D3E9002306F0BCFB18B10623CC
:101C00008DF80C3023E71EA3D3E900234046494654
:101C100005F07CFF06F0ECFB07EE900AF0EEE77AA9
:101C200017EE900A06F0D2F805A3D3E9002306F0D8
:101C3000A1FB0028B4D007238DF80C3007E700BFC4
:101C4000FCA9F1D24D62503F9A9999999999F93F1F
:101C5000FCA9F1D24D62B03F333333333333FB3F12
:101C6000CDCCCCCCCCCCFC3F9A9999999999014098
:101C700033333333333303409A9999999999054013
:101C80006666666666660A4075EE020041FDFFFF05
:101C9000F0B5044687B090F86001304D02950628F3
:101CA00041F61A65ADF80C509DF830504AD807201F
:101CB00084F860011620DDED0D7A9FED297A8DF80C
:101CC0001100F8EE677AFF2967EE877A4FF0010678
:101CD000FCEEE77A8DF8106017EE900A18BF8DF8C9
:101CE0001010FF2A18BF8DF81120070CFF2B4FEAA8
:101CF00010268DF816004FF00A00ADF8120018BF3C
:101D00008DF81230FF2D18BF8DF813500125D4F82F
:101D10005C018DF814700723CDE9005504AA8821D1
:101D20008DF81560FBF7AAFD034640B9D4F85C01B5
:101D30001A46CDE90055C521FBF7A0FD034618461C
:101D400007B0F0BD0C2804D90C2084F860011E20D7
:101D5000B1E706AE304410F8170CACE716161819A8
:101D60006F12833DF0B50E4685B004460221D0F8CF
:101D70005C01FCF725FBB168204601F007FDF16826
:101D80000546204601F002FD0127844608238DF810
:101D90000950C5F30725D4F85C018DF80850CCF341
:101DA000072E0025CDE900770DEB030219468DF8CB
:101DB0000BC08DF80AE00395FBF760FD08B105B094
:101DC000F0BD2368134AD3F8C83093421AD10223D6
:101DD000D4F85C0101974FF64375009702AA1946A3
:101DE000ADF80850FBF74AFD0028E8D17068F57897
:101DF000B37872783178019000952046FFF748FF5C
:101E000005B0F0BD44F2FF31204698470028D6D1F6
:101E1000ECE700BF45EA02002DE9F04103684F4AB4
:101E2000D3F88430934284B0044666D104AEFF23D5
:101E300006F8043D0123D0F85C010F463246CDE997
:101E400000331121FBF73CFB9DF80C50012D4FD1C5
:101E50002368434A9B68934251D12946D4F85C01D8
:101E600094F84A81FCF7ACFA00231A461946D4F8D4
:101E70005C01CDE90033FBF701FDD4F85C018DF87E
:101E80000C80CDE900552B4632468021FBF7F6FC4D
:101E900010B104B0BDE8F08139462046FFF762FF7B
:101EA00030B1F6E7D4F85C3118680368DB6C98470A
:101EB000D4F85C311868596A03689B689847002811
:101EC000F0D02368274AD3F8883093423BD104AD41
:101ED000FF2305F8043D0123D4F85C012A46CDE92F
:101EE00000331121FBF7ECFA9DF80C30012B0BD0DD
:101EF0006FF0130004B0BDE8F0819847D0E72046AA
:101F000098470028C5D1C7E722681749526F8A420F
:101F100020D1D4F85C012A46CDE900330024022305
:101F20001221ADF80C40FBF7CBFABDF80C0040BA1B
:101F300080B2C3050CD410F0800F0CBF4FF0FF30FF
:101F40006FF00E00A5E72046984704B0BDE8F08189
:101F500006489EE720469047EBE700BF312003008C
:101F600075EE0200D9F302006DEA020042FDFFFFA8
:101F70002DE9F0412B4B2C4F04460FCB2568D5F8AB
:101F8000846088B004ADBE4285E80F003BD108AF45
:101F9000FF2307F8143D0123D4F85C013A46CDE94C
:101FA00000331121FBF78CFA9DF80C60012E35D11E
:101FB00023681E4A9B6893422BD13146D4F85C01BA
:101FC00094F84A81FCF7FCF900231A461946D4F824
:101FD0005C01CDE90033FBF751FCD4F85C018DF8CE
:101FE0000C80CDE9006633463A468021FBF746FC7B
:101FF00010B108B0BDE8F08129462046FFF7B2FED7
:1020000008B0BDE8F08129462046B04708B0BDE8D9
:10201000F081204698470028EBD1EDE76FF01300E0
:10202000E7E700BFB4B603003120030075EE0200FD
:102030002DE9F04385B004ADFF2305F8083D0123E9
:1020400004460F46D0F85C012A46CDE90033112141
:10205000FBF736FA9DF80860012E77D12368404AD5
:102060009B6893426ED13146D4F85C0194F84A8162
:10207000FCF7A6F900231A461946D4F85C01CDE90D
:102080000033FBF7FBFBD4F85C018DF80880CDE949
:10209000006633462A468021FBF7F0FB06461EB158
:1020A000304605B0BDE8F0830221D4F85C01FCF7AE
:1020B00087F9B968204601F069FBF9688046204637
:1020C00001F064FB4FF0010902460823C2F3072C1C
:1020D000D4F85C018DF809808DF80B20C8F307282F
:1020E000CDE9009919462A4603968DF808808DF8A7
:1020F0000AC0FBF7C3FB06460028D1D12368194A62
:10210000D3F8C830934224D10223D4F85C01CDF82F
:1021100004902A46CDF8009019464FF64375ADF865
:102120000850FBF7ABFB0646002EB9D17868FD7866
:10213000BB787A783978019000952046FFF7A8FDA2
:102140000646ADE7204698470646A8E76FF0130617
:10215000A6E744F2FF31204698470646E4E700BF71
:1021600075EE020045EA020010B5002484B061F368
:10217000070463F30F249DF81830D0F85C0162F374
:10218000174404AA63F31F64012342F8044D952108
:10219000CDE900330423FBF771FB04B010BD00BF91
:1021A00008B5D0F85C01FBF7B3F8002008BD00BF0C
:1021B00038B504461D46D0F85C0113462A46FBF7A5
:1021C0002DFFD4F85C01BDE83840FBF705BD00BF2A
:1021D00030B5FDEEC07A2DED048B17EE903A87B046
:1021E000A3F2863200211A2A0546ADF8101011D844
:1021F0004EF6E113ADF810300123D5F85C0104AAC6
:10220000CDE9003398210223FBF738FB07B0BDEC82
:10221000048B30BDA3F25F32072A04D84DF6D733C2
:10222000ADF81030E8E7A3F20B32082A08D9A3F57D
:10223000EB72282A09D848F27513ADF81030DBE7A5
:102240004CF2C153ADF81030D6E7A3F5D7730A2B83
:1022500037D9B1EE049AB0EE408A30EE490AF5EE75
:10226000008A20EE280A05F007FC38EE098AFCEE09
:10227000C07A28EE280ACDED037A05F0B7FB9DF869
:102280000C40FCEEC07AE207CDED037A9DF80C30ED
:1022900001D4013CE4B2D9075CBF0133DBB28DF855
:1022A00015300123D5F85C018DF81440CDE90033D9
:1022B00005AA02239821FBF7E1FA07B0BDEC048BD5
:1022C00030BD46F66B73ADF8103095E730B585B08C
:1022D00001230D4604468DF80D20D0F85C018DF8E1
:1022E0000C50CDE9003303AA02238E21FBF7C6FA76
:1022F00008B984F8905105B030BD00BF2DE9F04118
:1023000086B006AEFF2306F80C3D01252B46044699
:102310000F46D0F85C019046CDE9005532461121B8
:10232000FBF7CEF89DF80C305BBBB4F88011D4F805
:102330005C018DF81030CDE90055324694F87851A3
:1023400094F87B318DF80D100E0A94F87C118DF8FD
:102350000E508DF8133094F87D518DF80F1009232D
:102360008C218DF811708DF812808DF80C608DF82D
:102370001450FBF783FA08B984F87E7106B0BDE803
:10238000F0816FF01300F9E710B5DFED167A80EDFC
:10239000550A60EE277A84B0044617EE900A05F0DD
:1023A00015FD0022104B05F069FD06F001F8002331
:1023B000020E62F30703020C62F30F23020A62F3B8
:1023C000174304AA60F31F6342F8043D0123D4F8C5
:1023D0005C018621CDE900330423FBF74FFA04B0FA
:1023E00010BD00BF0000004C0000A03FF0B583B05E
:1023F00002AC002304F8013D05462346D0F85C01F9
:1024000001220F4640F6D801FBF708FED5F85C0123
:10241000FBF7E2FB064680B99DF8073087B923F049
:102420001E0343F008038DF807302246D5F85C01FF
:10243000012340F6D801FAF76BFF304603B0F0BD38
:1024400043F01E03EFE700BF2DE9F04186B006AD73
:10245000002325F8083D012406468846D0F85C0193
:102460002A46CDE9004402238F21FBF707FA10B179
:1024700006B0BDE8F08106AFD6F85C0107F8108D14
:102480002346CDE900443A468A21FBF7F7F90028B4
:10249000EED196F84A31D6F85C010194002B14BFB6
:1024A0004FF0300C4FF0200C234600943A46932115
:1024B0008DF808C0FBF7E2F903460028D8D196F85A
:1024C0006021D6F85C01ADF80C300D3203214FF0DD
:1024D0000A0C8DF80E308DF809208DF80810CDE922
:1024E000004407233A468821ADF80AC0FBF7C6F935
:1024F0000028BDD133682B4AD3F8C83093424AD163
:102500000223D6F85C010194009419464FF64374F7
:102510002A46ADF81040FBF7B1F9044608234FF006
:102520000108D6F85C012A46CDE900881946002545
:10253000CDE90455FBF7A2F9204300B2002897D15A
:10254000D6F85C117F24CDE90080434608463A4620
:1025500089218DF80840FBF791F9002888D1D6F839
:102560005C311868036805215B69984705E0D6F877
:102570005C3118680368DB6C9847D6F85C311868E2
:10258000D96A03689B6898470028F0D1D6F85C01A7
:10259000FBF722FB6CE744F2FF31304698470446D4
:1025A000BCE700BF45EA02002DE9F0412DED028BAA
:1025B000044686B0D0F85C01B0EE408A88461746E3
:1025C000FAF724FED4F85C311868596AD0E9003271
:1025D0001B689847D4F85C311868D96AD0E9003292
:1025E0001B689847D4F85C315A4A10211974D4F802
:1025F0005C3108215974D4F85C110123CB74D4F8F0
:102600005C111D200881D4F85C110D204881D4F89C
:102610005C1100208881D4F85C11C020C881D4F8F6
:102620005C110B71D4F85C315A61D4F84C610A2505
:1026300001212046FEF710F802AB10224FF448713A
:10264000D4F85C01FBF7EAFC02A90622304606F04A
:10265000D1FF0A2158B901212046FDF7FDFF0546AB
:10266000D8B1284606B0BDEC028BBDE8F081D4F8A5
:102670005C31186803685B6998476B1E13F0FF05AF
:10268000D6D1D4F85C01FAF7D5FD6FF001052846E4
:1026900006B0BDEC028BBDE8F08123682E4A9B6832
:1026A000934247D10121D4F85C0194F84A61FBF7C9
:1026B00087FE2B462A462946D4F85C01CDE9005511
:1026C000FBF7DCF80123D4F85C018DF80860CDE954
:1026D000003302AA8021FBF7D1F80546002DC0D1B6
:1026E00094F8493173B9B5EEC08AF1EE10FA09DDFC
:1026F000B0EE480A41F288312046FFF739F9054625
:102700000028AED139462046FFF79EFE0546002838
:10271000A7D1D4F85C01B8F1000F0FD1012402AAAF
:10272000CDE90044234696218DF80840FBF7A6F832
:10273000054696E7204698470546CFE7012302AABB
:10274000CDE9003396218DF80850FBF797F8054640
:1027500087E700BFF9E9020075EE02002DE9F047B6
:1027600084B06C4E9DF83050DFF8ACC1C0F86861A1
:102770001F464FF0060E00234FF0FF0A0E4690460C
:102780002946A0F8667180F850E1C0F860C1C0F831
:102790008C3180F86431C0F894A101220446FFF71F
:1027A00003FF054618B1284604B0BDE8F0870DF1D7
:1027B0001009012309F804ADD4F85C014A46CDE9BB
:1027C00000331121FAF77CFE9DF80C30012B40F00C
:1027D0009A80721F032A00F29980043E94F86C01DB
:1027E00094F8602194F85011F6B284F861610028E1
:1027F00072D194F86231D4F85C01002562F30705C8
:1028000061F30F2566F31745012663F31F65CDE9D4
:10281000006604234A468B210395FBF72FF80546F3
:102820000028C0D1D4F85C013346CDE90066FF250D
:102830004A4611218DF80C50FAF742FE9DF80C60C3
:10284000012E60D128F00F0040F004004FEA081874
:1028500002234A464FF4E8618DF80C0048F0040862
:10286000D4F85C018DF80D80FAF752FD23683946E3
:102870005B6D204698470546002894D118253346BD
:102880004A4640F6E701D4F85C018DF80C50FAF79F
:102890003FFDD4F85C018DF80C60CDE900664A4636
:1028A00033469D21FAF7EAFF054600287FF47BAF07
:1028B000009641F2210341F60F5202212046FEF715
:1028C00073FF054600287FF46EAF236801465B6CFA
:1028D00020469847054666E703FA02F007EE900A9D
:1028E000D4ED5A6AF8EE677A87EEA67AF3EE007AAC
:1028F000B4EEE77AF1EE10FAAEBF84F8623184F8F4
:1029000062512B4677E76FF013054CE76FF009052E
:1029100049E700BF0000FA4309030001000000007E
:102920002DE9F0430F462DED048B11464CF6CC42B9
:10293000DD4BC0F874211A2245F2553580F8792113
:10294000C0F8843109220623C0F8705180F87A213A
:1029500087B0B0EE408AA0F88071B0EE610A80F8CE
:102960007B3100220446F0EE608AB0EE419AFFF718
:102970001BFE054628B1284607B0BDEC048BBDE818
:10298000F0832368C94A5B6B934240F06B8106AECB
:10299000FF2306F8083D0123D4F85C013246CDE957
:1029A00000331121FAF78CFD9DF81030002B40F018
:1029B000508118EE100A05F009FAB7A3D3E90023F5
:1029C0008046894605F0CCFC002840F05E81DFEDB2
:1029D000B87AB4EEE78AF1EE10FA00F35681424677
:1029E0004B460020B34905F073FB05F0E1FC0125DF
:1029F0000346D4F87411C4F87031D4F85C018DF832
:102A00001230CDE9005532461D0A1E0C0B0C4FEA60
:102A1000112C8DF810608DF8115094F87A6194F8AB
:102A200079518DF817108DF815308B2108238DF80A
:102A300014508DF816C08DF81360FAF71FFF054685
:102A4000002D98D123689C4A9B6B934240F01781DC
:102A500006AEFF2306F8083D0123D4F85C01324698
:102A6000CDE900331121FAF72BFD9DF81030002B32
:102A700040F00E81F5EEC08AF1EE10FA00F1F88018
:102A800018EE900A05F0A2F983A3D3E9002380464B
:102A9000894605F065FC002840F01681DFED877A55
:102AA000F4EEE78AF1EE10FA00F30E8140467CA3C3
:102AB000D3E90023494605F0E1F905F079FCC0F3BC
:102AC0000745C0F307285FFA80FE0121D4F8703172
:102AD000C4F87401D4F85C018DF81550CDE90011EB
:102AE000190A4FEA134C94F879518DF81230324696
:102AF0008DF8111094F87A618DF8145008238B2109
:102B00008DF816808DF817E08DF810C08DF81360E1
:102B1000FAF7B4FE0546002D7FF42DAFB0EE490A5A
:102B20002046FEF779FB054600287FF424AF06AE69
:102B3000182306F8083D40F6E70101233246D4F891
:102B40005C01FAF7E5FB236839465B6D2046984740
:102B5000054600287FF40FAF594A2368108B1B6D80
:102B600006A9022221F80C0D2046984705460028A8
:102B70007FF401AF2368534ADB6B934240F0A78098
:102B80000123D4F85C01FF25CDE900333246112141
:102B90008DF81050FAF794FC9DF810300BB1032B10
:102BA00076D1D4F87021D4F874318DF81220110C3C
:102BB000120A8DF810108DF8112000211A0A1F0C2E
:102BC0008DF81730012394F8795184F87A11D4F8EC
:102BD0005C018DF81620CDE900338DF81310082321
:102BE00032468B218DF814508DF81570FAF746FE99
:102BF0000546002D7FF4BFAE236829461B6C204696
:102C00009847054600287FF4B6AEFF2201212046F2
:102C1000FFF774FB054600287FF4ADAE012700974F
:102C200041F2210341F60F5202212046FEF7BCFD7E
:102C3000054600287FF49FAECDE900773246D4F8F0
:102C40005C018DF810703B469D21FAF717FE054692
:102C500091E6032B1CD118EE100A05F0B7F8804658
:102C60008946BCE6B0EE480A204698470546E7E6A6
:102C70004FF0750E4FF0020840F2752025E7B0EED8
:102C8000680A20469847054645E76FF0640572E6F6
:102C90006FF013056FE600BF333333333333E33F55
:102CA000FCA9F1D24D62904033331C43F1F0020095
:102CB0000000964300402F41F1EF0200000048431E
:102CC000B4B6030021F302006FF0650553E6014638
:102CD0002046984705468CE72DE9F04786B080F8F6
:102CE000A0319DF83840894690462146032205468A
:102CF000FFF75AFC044618B1204606B0BDE8F0873D
:102D000006AF182307F80C3D012601233A4640F68A
:102D1000E701D5F85C01FAF7FBFAD5F85C018DF80C
:102D20000C603A46CDE9006633469D21FAF7A6FDD0
:102D300004460028E0D1D5F85C018DF81440CDE9B7
:102D4000006609233A468C21CDE90344FAF796FD43
:102D5000A24604460028CFD10B222B6885F87A21A1
:102D600085F87901C5F874015B6B304A93424AD10A
:102D7000D5F85C013346CDE90066FF243A461121BF
:102D80008DF80C40FAF79CFB9DF80C30002B40D0DE
:102D9000032B41D1D5F87431D5F85C018DF813308F
:102DA000CDE900664FF40011C5F87011190C1C0A2A
:102DB0008DF8111095F87A3195F879118DF8124047
:102DC0008DF80F3020248DF810103A4608238B21FF
:102DD000ADF80C408DF80EA0FAF750FD0446002C1B
:102DE0008AD1B8F1030F1AD8B9F1090F85F8998182
:102DF00018D803224FF4807385F89A9185F89B21A7
:102E0000A5F8AA3178E79FED0A0A284698470446B4
:102E1000E5E76FF064046FE76FF013046CE76FF0A1
:102E2000090469E76FF0070466E700BFF1F00200EC
:102E30000000FA3E2DE9F04FADF52B7D1C460790C2
:102E40000892D2B18D18013D0139601EFF231A117D
:102E500011F8016F82EA531282EAD3025E4002F057
:102E6000010282EAD312370942EA430347EA06160F
:102E70008D42DBB200F8016FE9D1DDF820C0C8480F
:102E800062464FF6FF7E0025102747F25B5621462B
:102E9000C0E9016E0770961C6746C56000F0D0FC63
:102EA000E319C0F30722E255294658704FF418720F
:102EB000F300A55512A81E46099305F02BFD03212A
:102EC000B8480B9500F016FD0BAB0093B21D12AB8A
:102ED0002146B44800F012FD2946FF22204605F0A5
:102EE00019FD079B93F899C1BCF1030F00F04082D4
:102EF000AD4BDDF82C800FCB0EAF3E4607C626F853
:102F0000023BBCF1020F4FEA134333709CBFA74B47
:102F100013F80C50B8F1000F00F02D8200218A4602
:102F200008464FF001096FEA0A0303F0070317F898
:102F300000C0CA4309FA03F34FEAD10E4FEADA069A
:102F400002F007025BB2BCF1000F12D00DF1480C89
:102F50000AF1010A1CF80EC014F906E04CFA02F25C
:102F600012F0010F43EA0E020ABF2EEA0303A25534
:102F7000A3550130A84200F0A78101318845D2D184
:102F80000AF10702D208214612A8CDF82CA005F0BC
:102F90009DFC079B93F89B31C3EBC30203EBC2027A
:102FA000520092B20592BAF1000F7AD0002201329B
:102FB00092B202FB02F15145F9D30FFA8AF14FEABE
:102FC000420C00294FEA520206911FFA8CFC039230
:102FD00067DD0023CDF810A0984618464FF0010990
:102FE0009A46059D069FEA08EB43A15C03F00703A0
:102FF00009FA03F321EA03016B1CA154DA10DB4345
:10300000A15C03F0070309FA03F321EA03036FF05D
:10301000020E302FA354AEEB050EA8BF30270026BA
:1030200005F1020BC20812A9AEEB06038D5C0BEB97
:103030000601C910C24303F0070302F0070245FA74
:1030400002F209FA03F365565BB212F0010F25EAAA
:1030500003020CBF62542B436044049A18BF6354AC
:1030600080B2039B9042434409D398B284450AF14D
:1030700001039DBF1FFA83FA5046D04680460136B1
:1030800033B2BB42CEDB069B059A0237303B1BB204
:103090003A4492B2002B06930592A2DC079B93F868
:1030A0009B31079A9DF8207092F8995192F8A0618F
:1030B00092F89A11B2F8AA018DF83070EA0042EA4B
:1030C000860242EAD10242F0020206118DF8312056
:1030D0000201059846EA41166FF0710101FB0301F8
:1030E0008DF832602E4E0B9108202F274FF0FF0CE9
:1030F0000021D2B23070C6E9017CF160002B00F0F3
:10310000ED80DFF8B09003910E4609F1280AA9F18D
:1031100027080EAF0125013B5B1A22F00C0242EAA0
:1031200083030CA904221E488DF8333000F088FB7D
:103130004FF0000B8DF8340002211A48A7F808B0B0
:10314000C7E900BB00F0D6FB3B4628220CA9CDF80E
:1031500000B0144800F0D2FB3B4628220CA9CDF861
:1031600000B0104800F0CAFBF208F343A15C10481D
:1031700003F0070305FA03F321EA0301731CA154CA
:10318000DA10DB43A15C03F0070305FA03F321EA3D
:10319000030306F1020CA3546FEA0C0C0CE000BF11
:1031A000107A00203C7A0020A4B70300C8B70300BF
:1031B000CBB70300F3B703004378C21CD908A2EBD6
:1031C0000802324417F801E0D208DB430CF0070193
:1031D00003F007034EFA03F305FA01F114F902E0D4
:1031E00013F0010F49B24EEA010300F101000ABFDA
:1031F0002EEA0101A354A15448450CF1FF3CDBD158
:1032000006F14A0C5D486FEA0C0C437800F123028A
:10321000D908A2EB0802324417F801E0D208DB43D8
:103220000CF0070103F007034EFA03F305FA01F16E
:1032300014F902E013F0010F49B24EEA010300F164
:1032400001000ABF2EEA0101A354A15450450CF11C
:10325000FF3CDAD16FF02A0EDDF81CC00496AEEB0D
:10326000060E06F12A0B00200CEBD00200EB0B013E
:1032700092F89C61C908AEEB0003C24303F0070358
:1032800002F0070246FA02F205FA03F3665612F05C
:10329000010F5BB246EA030200F101000ABF26EA11
:1032A0000303625463542028DED1079B039A049ED3
:1032B00093F89B310132723693420392B6B20AD927
:1032C0009DF83320039926E7013141454FF0000076
:1032D0007FF429AE54E6079A92F89951099A06327A
:1032E00092B2032D06D8DFE805F03934310202EB43
:1032F000420292B2224DA5FB0210400902F12F04B6
:1033000000EB800100EB4000A2EB0012A5FB04548F
:1033100001EB8101B69803EB5413490092B20360AC
:103320008BB212B102321A4493B2079A92F89B11EF
:10333000722212FB0133B599DA1D0B60B49BD208DF
:1033400000201A600DF52B7DBDE8F08F520092B27F
:10335000D0E702EB4202C2F34F02CBE702EB42029C
:10336000520008490432A1FB0212C2F38F02C1E7E6
:10337000DDF82CA00EE6C246424604E6F3B7030091
:10338000ABAAAAAACDCCCCCC70B4524D524B8BB0C8
:10339000064603930FCD05AC0FC42A6896F89A3100
:1033A00096F8A01122600AAA02EB430300294FF00D
:1033B000060243F63611ADF810104848A6F8A421CD
:1033C00014BF0821342149F28E5233F8143CB3FB68
:1033D000F1F33C2B0290ADF80420A6F8A23109D0FD
:1033E0002ED9B92B68D01DD8562B48D0632B46D088
:1033F0003E2B20D1B6F8AA310AAA02EB931203F0B1
:103400003F0112F81C2CA6F8A621B3F5C07F4FF09F
:103410003802A6F8A811A6F8A4210CD200200BB0FF
:1034200070BC7047B3F5C37F3AD040F29312934219
:1034300036D0C62B40D06FF069000BB070BC70471F
:103440001C2B06D016D9232B03D02F2B01D01E2BDB
:10345000F1D1B6F8AA310AAA02EB9311B3F5C07FF5
:1034600003F03F0211F81C1CA6F8A611A6F8A8212B
:10347000D4D3E0E70A2BECD0162BDCD1E9E7B6F881
:10348000AA310AAA02EBD312002012F8202CA6F8C7
:10349000A62103F07F03A6F8A8310BB070BC7047DB
:1034A000B6F8AA31A6F8A8314FF484720020A6F825
:1034B000A6210BB070BC7047B6F8AA310AAA02EB7D
:1034C0001322DBB212F8242CA6F8A621A6F8A83104
:1034D000A4E700BFB4B70300212D3033414447486F
:1034E00010B4B0F8A431B0F8A821B0F8A24103F0AC
:1034F00001015B0819B1B0F8A6114B409BB29A428A
:1035000082EA030107D08C42F1D3A0F8A4315DF820
:10351000044B084670479C4201D21346E7E7A0F8E7
:10352000A431194608465DF8044B7047D0F8B03115
:10353000002B00F08D802DE9F041B0F8A431B0F8F7
:10354000A841B0F8A25182B003F001025B081AB1A1
:10355000B0F8A62153409BB29C4284EA03026FD08C
:10356000AA42F1D8013A92B214B2B4EB550FA0F8C6
:10357000A43190F8A031A8BF521B05F00105A8BFE7
:1035800014B20135002B5FD11A2303FB05F54FF46C
:10359000D04690ED557ADFED397A67EE277A80468E
:1035A00017EE900A0F4604F011FC354B002204F090
:1035B00065FC04F0FDFED8F8B41198F89B3106FBC9
:1035C00014009942A0EB452504D25B1ADB0758BFD3
:1035D00005F5807507EB47042A0E280C64000423C8
:1035E0002E0A8DF804208DF8050004F28A310DEBC7
:1035F000030240468DF807508DF80660FEF7D0FDB7
:10360000D8B93FBB7320054604F562718DF80100FF
:10361000002402236A4640468DF80040FEF7C0FDB4
:1036200058B908F5D6710EC94D1B013A0133C8F8D7
:10363000AC51C8F8B021C8F8B43102B0BDE8F0818F
:10364000AB4212D923467FE7AD004FF48056A0E786
:103650001846704798F89B31BB4208D8D8F8AC019F
:10366000312807D885B2C0B2CEE71A467AE7722071
:103670000546C9E732200546C6E700BF0000004CFA
:103680000000A03F6FF01800704700BF6FF01800F7
:10369000704700BF6FF01800704700BF6FF0180050
:1036A000704700BF6FF01800704700BF6FF0180040
:1036B000704700BF6FF01800704700BF6FF0180030
:1036C000704700BF6FF01800704700BF6FF0180020
:1036D000704700BF84B004A800E90E006FF0180026
:1036E00004B0704700207047BBEE090A704700BF66
:1036F000002070476FF01800704700BF6FF018008F
:10370000704700BF00207047704700BF704700BF80
:103710006FF01800704700BF704700BF0368044A8D
:10372000DB68934202D16FF0180070470021184700
:103730009D36030070B5144B04460E4600210D461D
:103740002DED028B282240F8043BB0EE408A05F0B4
:10375000E1F8A58684F83650294604F137004FF485
:10376000807205F0D7F884ED0B8AC4F83851C4F89C
:103770003C5184F84051C4F8445184F848512663C0
:10378000BDEC028B204670BD24B80300002370B44A
:103790001E46012505FA03F20A4200EB830403F1F9
:1037A000010303D062681F2A18BF1643202BF1D1F2
:1037B000304670BC704700BF38B590F848316BB9DF
:1037C000D0F83851D0F84421D0F83C4141EA4501C5
:1037D0000A40A242C0F838112BD038BD90F83550BD
:1037E00090F83430054401249C4095F9372064B2A8
:1037F000D1B922EA0402D2B285F83720591CC9B2E5
:10380000082980F83410E8D10446104600F024F965
:1038100094F83530E1180022013381F8370084F83C
:10382000353084F8342038BD2243D2B285F83720B1
:10383000E4E70122838680F8363080F8482138BDDD
:103840002DE9F8435FEAC2090646846820D00025C6
:1038500088462F460FE031784B1E24FA03F313F00D
:10386000010F18BF736805F101054FEA440418BF42
:103870005C404D450DD06B07EDD1337C18F8070047
:103880000137B3B93178A1F1080398404440E3E728
:103890000178F068737C604013B100F0DDF8317896
:1038A0004FF0FF33C1F1200123FA01F10840BDE8D8
:1038B000F883082100F0D0F8E4E700BF044B0022B1
:1038C00008211970C3E90122DA601A745A7470472A
:1038D000107A002010B50446C06808B102F0DEFF7F
:1038E000206908B102F0DAFF606908B102F0D6FF82
:1038F000204610BD0023417003707047002900F07E
:103900008980002B00F086802DE9F04F83B0002ADB
:103910007ED04FF0000B90F801A0D946D846CDE9F3
:1039200000210AE0072C057050D0009A08F1010828
:10393000D14442451FFA89F950D04FEAD805019A7F
:103940000678575D3549364A6FEA080404F00704E3
:103950002741BAF1020F08BF964607F001074FEA68
:10396000960518BF8E46C7F1010C5EF825504FEA48
:103970008C0C6FEA060E5FFA8CFC0EF0030E0CEB5B
:10398000CE0C25FA0CF54FF0020204FB0AFC05F000
:103990000F0404FA0CF412FB06764BEA040B06F053
:1039A0003F0508F00704BDD106F00F06072C06708E
:1039B000BBD11C464FEA1B2504F8025B83F801B01B
:1039C00090F801A023464FF0000BAEE7BAF1030FC9
:1039D000EFD14FEA1B441C700133EAE752070BD0CA
:1039E000BAF1030F03D14FEA1B421A7001334FEAB9
:1039F0001B2283F801B01A700C9B2BB10020C3F876
:103A0000009003B0BDE8F08F184603B0BDE8F08F1A
:103A10009146F1E74FF0FF30704700BFFCB803005C
:103A2000ECB80300084B094A094910B500241846B0
:103A30001C805C601C72C3E903445C6103F0D0FF2E
:103A4000044B1C8010BD00BF247A002000600020C1
:103A5000D53803003C7A002099B10022F0B4054625
:103A60004F1E1046012606FA02F32B40BC1AD34023
:103A70000132A340D4B2A14240EA0300F3D8F0BC23
:103A800070470846704700BF704700BF704700BFCF
:103A9000704700BF0846704730B4416082600299A9
:103AA000039A044DC360049B0560C0E9041283615E
:103AB00030BC704744B9030008B50121272003F04A
:103AC000A9FD272003F068FE2520012103F0A2FDB7
:103AD0002520BDE8084003F05FBE00BF69B170B5A6
:103AE000054608460C4605F07DFD2B68024621463A
:103AF00028465B68BDE8704018470846704700BF1D
:103B0000F0B506688BB022B93368C9B298470BB0DC
:103B1000F0BD0AACD2B20023022A04F8043D0546E7
:103B20002CBF10460A20B1FBF0F200FB1217FBB2CB
:103B3000092F03F130078ABF3733FBB2DBB21146DE
:103B400004F8013D002AEED1204605F04BFD7368D4
:103B500002462146284698470BB0F0BD036802494B
:103B60005B680222184700BF58BA0300036870B5AB
:103B700005460C465E6849B1084605F033FD21460E
:103B800002462846B0472B685E6804462846022253
:103B90000149B047204470BD58BA0300F0B504464F
:103BA0008BB00F460568002A44D00A2A26D1002986
:103BB00045DB0AAE0023334806F8043D0B46A0FB64
:103BC0000312D20802EB8201A3EB4103303306F863
:103BD000013D1346002AF2D1304605F003FD31467F
:103BE00002466B68204698470646236826495B686C
:103BF00020460222984730440BB0F0BD0AAED2B244
:103C00000023022A06F8043D2CBF10460A200A466B
:103C1000B2FBF0F100FB1127FBB2092F03F13007D3
:103C20008ABF3733FBB2DBB20A4606F8013D0029F2
:103C3000EED1D1E72B68C9B298470646D5E72B6885
:103C40002D2198470AAD002306460E4805F8043D8D
:103C50007B42A0FB0321C90801EB8102A3EB4203D5
:103C6000303305F8013D0B460029F2D1284605F016
:103C7000B9FC2368024629465B68204698470644FB
:103C8000B3E700BFCDCCCCCC58BA0300114B124ADD
:103C90001968BFF35B8F4968BFF35B8F914200D017
:103CA00070470E4AD2F80015C9070FD530B40C4C36
:103CB000012500204FF0FF312560C2F8000530BC1F
:103CC000C2F860151868044903F0D6BD18680249A7
:103CD00003F0D2BD407A0020546F6E650020024090
:103CE000042002402F2901D90020704770B5434EAF
:103CF0003368BFF35B8F0C465B684149BFF35B8F52
:103D00008B4288B0054606D0306803F06FFD10B9CD
:103D1000002008B070BD3268394BBFF35B8F52682A
:103D2000BFF35B8F9A4259D0364A374B52F8242062
:103D3000698AEC7DC3F860254FF0FF32C3F8642533
:103D40000120C3F86825C3F86C250722C3F80005D5
:103D5000C3F80C250022C3F80425C3F8081505F1A3
:103D60001401C3F81025C3F80042C3F80023C3F8B8
:103D70002015C3F84015C3F82405C3F84405A96805
:103D8000C3F828152149EE682C8AC3F84865C3F8A2
:103D90002C25C3F84C25C3F814450A600B68019321
:103DA000019B4A6004311A4B0968029102991A601A
:103DB0001968039103995A605968049104999A60AB
:103DC000996805910599DA60D968069106991A6192
:103DD00010331B680793079B08B070BD0A4BD3F8DC
:103DE0000025D207A0D50B4A0120106000214FF01A
:103DF000FF32C3F80015C3F8602595E7407A00202C
:103E0000546F6E6598B903000020024004210240FF
:103E10000C210240042002402DE9F843A1F11404D2
:103E200046F294139C4215D8144606460D469AB99C
:103E30004FF000084FF00009634C64492368BFF35A
:103E40005B8F5B68BFF35B8F8B421CD0206803F0F5
:103E5000CDFCC0B9BDE8F883B2F57A7F09D202FB88
:103E600001F3B3F57A7F04D24FF001084FF0000957
:103E7000E2E74FF47A720023A4FB050104F008FB8B
:103E800080468946D8E72268504BBFF35B8F526863
:103E9000BFF35B8F9A42DDD14D4BD3F80025D2079B
:103EA00009D54C4A0120106000214FF0FF32C3F8C1
:103EB0000015C3F8602558EA09034749B1FBF5F13D
:103EC00089B230D1454F464B7982C7E900896FF0FE
:103ED0007F486FF07F4943EA5103C7E902894FF6F3
:103EE000FF70BB82082204233882BA75FB75314605
:103EF0003A48FFF7F7FE0028ACD023683349BFF3F8
:103F00005B8F5B68BFF35B8F8B4204D0206803F04C
:103F10006DFC00289ED0BB7D03F1804303F5083380
:103F200001221A6096E742464B4600205B084FEAA2
:103F3000320252EA030500F10100F7D1252889DC9D
:103F40002748264FB9F1000F40EA510008BFB8F1E9
:103F5000010FB882C7E9008979822CD040464946D2
:103F6000002349084FEA300050EA010203F101033F
:103F7000F7D11C4A5B00A2FB03235B0801259D408F
:103F800018F1FF3049F1FF312A46002304F080FA8E
:103F900072B96A084FF00C0C6B1E9B1A0130013A83
:103FA0001021FB603882BA6087F816C0F9759EE769
:103FB0004FF0080CF0E7C7E9022301210C2210237F
:103FC0003982BA75FB7592E7407A0020546F6E65AE
:103FD000002002400420024048E80100487A002006
:103FE0000080FFFFABAAAAAA024A034B92681A609C
:103FF000704700BF84610020407A00202DE9F0471F
:104000007C4F3D6806460C46904675B12F2E09D868
:1040100028F48073032BC8F3002224D0042B59D03A
:10402000022B3BD00020BDE8F087294620227248B1
:1040300004F070FC714A7249724B0D604FF0FF3012
:10404000C2E9000040224D60C3F88020BFF34F8FCB
:10405000BFF36F8F6021C3F8802183F806131A60C5
:1040600001233B60D2E74FF40037674B634853F8B6
:10407000265090F900102B0203F47C5343F0010307
:104080008D4243EA07030CD090F90160B54224D079
:1040900090F90270BD4222D1022603E04FF440376E
:1040A000E3E70026B10001F1804101F5C0418555EB
:1040B000D1F81005504F524D47F8264020F003101C
:1040C00020F47C5003430120AA55C1F81035B040BC
:1040D000BDE8F0874FF48037C7E70126E2E790F9A3
:1040E00003C0654549D090F904E075455BD090F96F
:1040F000058045456DD090F906904D4577D090F9F3
:1041000007A0AA4501D10726CCE7013123D13F49B9
:10411000D1F8101589071ED10026B10001F18041A8
:1041200001F5C0418555D1F81005334F344D47F89E
:10413000264020F0031020F47C500343C1F81035D2
:104140000023C1F800310120304BAA55B040C3F81C
:104150000403BDE8F087013606D12C49D1F81415C7
:10416000890701D10126D8E7013708D12749D1F8BD
:1041700018158F0703D10226CFE7032692E7BCF17B
:10418000FF3F06D12149D1F81C158E0701D1032626
:10419000C3E7BEF1FF3F08D11C49D1F820158907BC
:1041A00003D10426B9E704267CE7B8F1FF3F06D126
:1041B0001649D1F824158F0701D10526ADE7B9F1CD
:1041C000FF3F08D11149D1F828158E0703D10626E3
:1041D000A3E7052666E7BAF1FF3F7FF423AF0B495B
:1041E000D1F82C1589077FF41DAF072695E7062621
:1041F00058E700BF907A0020687A0020887A002073
:10420000607A002000E100E098B9030000600040FF
:104210002F2825D8264A274B52F8202093F9001042
:104220008A4238D093F901108A4236D093F90210AD
:104230008A4234D093F903108A4232D093F90410A1
:104240008A4230D093F905108A422ED093F9061095
:104250008A4206D093F90710914208BF072101D086
:104260007047062170B40120134E144C144D884041
:10427000C6F808038A00002002F1804244F82100B9
:10428000FF2402F5C0425C546854C2F8100570BCAB
:10429000C2F8000170470021E4E70121E2E70221B2
:1042A000E0E70321DEE70421DCE70521DAE700BFD0
:1042B00098B90300887A002000600040687A0020E6
:1042C000607A00202DE9F0431B4B1C4FD3F80463A8
:1042D000DFF86C80DFF86C9085B000240123A20029
:1042E000A34002F18045334205F5C0450FD0D5F813
:1042F000003163B1E357013306D052F808201AB1F8
:1043000014F809307BB990470023C5F80031013417
:10431000082CE3D1BFF34F8F00BF00BF00BF00BF29
:1043200005B0BDE8F08304AB002143F8041D084646
:10433000009103F099F8E7E700600040887A0020D8
:10434000687A0020607A0020FEE700BF08B501F01F
:104350002FFA4FF47A72A0FB0223900A40EA8350AE
:1043600008BD00BF014638B54FF47A7200238002C1
:10437000890D04F08DF8054601F01AFA0446F1F7AC
:10438000A7FF01F015FA001B854200D838BD281A96
:10439000BDE8384001F030BB10B5044601F086FDA1
:1043A000022804D02046BDE8104004F06DBA01F0A8
:1043B000F7F9204604F068FA044601F097FA0CB1C8
:1043C000204610BD02F088FFFAE700BF10B5044692
:1043D00001F06CFD02280AD144B101F0E1F9204658
:1043E00004F05AFABDE8104001F080BA10BD204632
:1043F000BDE8104004F050BA10B5044601F0D0F901
:10440000204604F041FA044601F070FA0CB120464F
:1044100010BD02F061FF204610BD00BF50B110B5C5
:10442000044601F0BDF9204604F036FABDE810401C
:1044300001F05CBA704700BF38B51C469DF81050BB
:1044400043B3002908BF1A460123C4E90F012260C3
:1044500084F8463001F0F4FFD4E90F132268A2601B
:1044600001FB03F1CB1A134400200A44FF21A0638F
:10447000E36084F84410626084F8451004F1100091
:1044800003F060FA04F1240003F05CFA01F0E2FFAB
:1044900084F84C50204638BDF8B5074615460E4600
:1044A00069B100FB01F05030FFF7A6FF044690B35E
:1044B000002200F1500380F84620036007E05020FE
:1044C000FFF79AFF044630B384F846602460C4E9DD
:1044D0000F7601F0B5FFD4E90F132268A26001FB4B
:1044E00003F1CB1A134400200A44FF21A063E360C8
:1044F00084F84410626084F8451004F1100003F061
:1045000021FA04F1240003F01DFA01F0A3FF84F85E
:104510004C502046F8BD00242046F8BD2DE9F04F50
:10452000044685B01D460192884601F089FFA26BC2
:10453000E36BA84F4FF000099A424E46C0F08B80C3
:10454000022D00F006810198002800F03081B9F1B9
:10455000000F00F0958001F07DFF01F021F901F0DE
:104560006FFF94F84430FF2B08BF84F8446094F840
:104570004530FF2B08BF84F8456001F06BFF01A9AF
:1045800002A801F03BFC002840F0188101F058FF20
:10459000A26BE36B9A4277D001F05CFF01F050FF11
:1045A00094F845304FFA83FABAF1000F1ADD636AC6
:1045B000C3B104F1240907E00AF1FF33DBB24FFA7B
:1045C00083FA7BB1636A6BB1484601F0BDFB0028FA
:1045D000F2D001F04BFC0AF1FF33DBB24FFA83FA61
:1045E000002BEFD1FF2384F8453001F033FF01F0B9
:1045F00027FF94F844304FFA83FABAF1000F1ADD1E
:104600002369C3B104F1100907E00AF1FF33DBB2FB
:104610004FFA83FA7BB123696BB1484601F094FBF2
:104620000028F2D001F022FC0AF1FF33DBB24FFA8E
:1046300083FA002BEFD1FF2384F8443001F00AFF06
:1046400001F054F901F0FCFEA26BE36B9A424FF0CB
:104650000109BFF475AF226CA66B002A40F0FC8004
:1046600025680136002D00F01881A663636A002BCF
:1046700040F08C8001F0EEFE012005B0BDE8F08F27
:1046800002A801F0AFFB66E704F1100901F0E2FEB9
:104690004846019901F0DCFA01F0D2FE94F845A0F9
:1046A0004FFA8AFABAF1000F1CDD636AD3B104F144
:1046B000240B08E00AF1FF3A5FFA8AF34FFA83FA13
:1046C00083B1636A73B1584601F03EFB0028F1D014
:1046D0000AF1FF3A01F0CAFB5FFA8AF34FFA83FA54
:1046E000002BEED1FF2384F8453001F0B3FE01F03A
:1046F000A7FE94F844304FFA83FABAF1000F06DCB3
:1047000015E00AF1FF33DBB24FFA83FA7BB123697C
:104710006BB1484601F018FB0028F2D001F0A6FB6F
:104720000AF1FF33DBB24FFA83FA002BEFD1FF23FC
:1047300084F8443001F08EFE01F0D8F8002881D1D1
:104740004FF080537B6040BFBFF34F8FBFF36F8F3D
:1047500078E7226CA66B002A82D04146E06804F01C
:10476000B5F8236CE26821685B421A448A42E26031
:1047700080F0898062681344E360022D00F083803A
:104780000136A663636A002B3FF474AF04F1240082
:1047900001F0DAFA00283FF46DAF0E4B4FF0805273
:1047A0005A6040BFBFF34F8FBFF36F8F62E7009037
:1047B00001F050FE009805B0BDE8F08F01F040FE1A
:1047C00094F845506DB2002D18DD636AB3B104F161
:1047D000240607E000ED00E0013DEBB25DB26BB1F5
:1047E000636A5BB1304601F0AFFA0028F4D0013DB6
:1047F00001F03CFBEBB25DB2002BF1D1FF2384F85A
:10480000453001F027FE01F01BFE94F844506DB2D4
:10481000002D16DD2369A3B104F1100605E0013D6A
:10482000EBB25DB26BB123695BB1304601F08CFA3B
:104830000028F4D0013D01F019FBEBB25DB2002B72
:10484000F1D1FF2384F8443001F004FE01F04EF86A
:10485000002005B0BDE8F08F41465DBBA06804F0C4
:1048600035F8A368216C62680B44934206F1010697
:10487000A360FFF4FAAEA663636A2268A260002B0D
:104880003FF4F8AE82E7002E7FF4EFAE0123A3637E
:10489000636A002B3FF4EEAE78E7606801F058FBE6
:1048A000A663636A6560002B7FF470AF00287FF415
:1048B00074AFDFE6E06804F009F8236CE268216871
:1048C0005B421A448A42E260BFF457AF52E700BF2E
:1048D000F8B50C4679B300250123216081F84630F4
:1048E000C1E90F35064601F0ABFDD4E90F3221686E
:1048F000A56303FB02F39A1A0A440B44FF27C4E999
:104900000131E26084F8447004F1100084F84570CD
:1049100003F018F804F1240003F014F801F09AFDF4
:10492000C4E90055E56084F84C602B462A462946C8
:104930002046FFF7F3FD2046F8BD00BF2DE9F0410A
:104940008C4682B004461746EFF31186402282F36C
:104950001188806BE26B904221D3022B05D000209E
:1049600086F3118802B0BDE8F08194F84550226CBE
:10497000D4F838806DB252BB236808F10108002BCF
:104980004FD06B1CC4F8388037D001356DB284F835
:104990004550012086F3118802B0BDE8F08194F8FB
:1049A0004550226CD4F838806DB2002AE4D073B937
:1049B000A06803F08BFFA368216C62680B449342EC
:1049C00008F10108A360DCD32368A360D9E761463E
:1049D000E068019303F07AFF206CE2682168019B94
:1049E000404202448A42E26002D262681044E060BF
:1049F000022B10D008F10108C3E7636A002BC8D06E
:104A000004F1240001F0A0F90028C2D0002FC0D08A
:104A100001203860A4E7B8F1000F08BF4FF001088B
:104A2000AFE76068019301F093FA019B6360A8E728
:104A30002DE9F047044684B08846019201F000FD5C
:104A4000D4F83890B9F1000F40F09380019B002B0F
:104A500000F00A8102A801F0C5F9B34F4E4604F1F7
:104A6000240501F0F7FC00F09BFE01F0E9FC94F84E
:104A70004430FF2B08BF84F8446094F84530FF2B86
:104A800008BF84F8456001F0E5FC01A902A801F027
:104A9000B5F9002840F0878001F0D2FCA36B002B11
:104AA00040F0E88001F0D6FC0199284601F0D0F8EA
:104AB00001F0C6FC94F845304FFA83F9B9F1000FC4
:104AC00006DC15E009F1FF33DBB24FFA83F97BB165
:104AD000636A6BB1284601F037F90028F2D001F083
:104AE000C5F909F1FF33DBB24FFA83F9002BEFD19F
:104AF000FF2384F8453001F0ADFC01F0A1FC94F8EF
:104B000044304FFA83FABAF1000F1ADD2369C3B1BA
:104B100004F1100907E00AF1FF33DBB24FFA83FA20
:104B20007BB123696BB1484601F00EF90028F2D041
:104B300001F09CF90AF1FF33DBB24FFA83FA002B44
:104B4000EFD1FF2384F8443001F084FC00F0CEFE66
:104B500000287ED14FF080537B6040BFBFF34F8F62
:104B6000BFF36F8F01F06CFCD4F83890B9F1000FEF
:104B700076D0226C52B1E168636811449942E160D9
:104B800024BF2168E160404603F0A0FE09F1FF3335
:104B9000A3632369002B40F0C98001F05BFC012076
:104BA00004B0BDE8F08701F04BFC94F845304FFAB3
:104BB00083F9B9F1000F06DC15E009F1FF33DBB230
:104BC0004FFA83F97BB1636A6BB1284601F0BCF8F8
:104BD0000028F2D001F04AF909F1FF33DBB24FFAB5
:104BE00083F9002BEFD1FF2384F8453001F032FC2C
:104BF00001F026FC94F844304FFA83FABAF1000F22
:104C00001ADD2369C3B104F1100907E00AF1FF338B
:104C1000DBB24FFA83FA7BB123696BB1484601F0EE
:104C200093F80028F2D001F021F90AF1FF33DBB24A
:104C30004FFA83FA002BEFD1FF2384F8443001F0C0
:104C400009FC00F053FE01F0FBFBA36B63B101F024
:104C500001FC01F0F5FBD4F83890B9F1000F88D1D0
:104C6000019B002B7FF4FDAE01F0F4FB002004B0AB
:104C7000BDE8F08701F0EEFB01F0E2FB94F845306F
:104C80004FFA83F9B9F1000F06DC15E009F1FF33A3
:104C9000DBB24FFA83F97BB1636A6BB1284601F04E
:104CA00053F80028F2D001F0E1F809F1FF33DBB24C
:104CB0004FFA83F9002BEFD1FF2384F8453001F040
:104CC000C9FB01F0BDFB94F844304FFA83FABAF106
:104CD000000F1ADD2369C3B104F1100907E00AF1DE
:104CE000FF33DBB24FFA83FA7BB123696BB14846DD
:104CF00001F02AF80028F2D001F0B8F80AF1FF33E9
:104D0000DBB24FFA83FA002BEFD1FF2384F8443053
:104D100001F0A0FB00F0EAFD01F092FBD4F838901E
:104D2000B9F1000F9CD024E700ED00E004F1100081
:104D300001F00AF800283FF430AF054B4FF08052E5
:104D40005A6040BFBFF34F8FBFF36F8F25E700BF9F
:104D500000ED00E02DE9F043044685B00026019106
:104D600001F06EFBA36BB24FB0463546002B40F00E
:104D7000F380019B002B00F05D81B8F1000F00F083
:104D8000FC8001F067FB00F00BFD01F059FB94F88B
:104D90004430FF2B08BF84F8445094F84530FF2B73
:104DA00008BF84F8455001F055FB01A902A801F0A5
:104DB00025F800286CD101F043FBA36B002B40F0D9
:104DC000E08001F047FB2368002B00F03C8104F1F8
:104DD00024094846019900F03BFF01F031FB94F8AB
:104DE00045304FFA83F8B8F1000F06DC15E008F102
:104DF000FF33DBB24FFA83F87BB1636A6BB148468D
:104E000000F0A2FF0028F2D001F030F808F1FF33E3
:104E1000DBB24FFA83F8002BEFD1FF2384F8453043
:104E200001F018FB01F00CFB94F844304FFA83F8C2
:104E3000B8F1000F1ADD2369C3B104F1100907E0CE
:104E400008F1FF33DBB24FFA83F87BB123696BB112
:104E5000484600F079FF0028F2D001F007F808F189
:104E6000FF33DBB24FFA83F8002BEFD1FF2384F836
:104E7000443001F0EFFA00F039FD002864D14FF022
:104E800080537B6040BFBFF34F8FBFF36F8F5BE0FA
:104E900001F0D6FA94F845304FFA83F8B8F1000FD4
:104EA0001ADD636AC3B104F1240907E008F1FF3396
:104EB000DBB24FFA83F87BB1636A6BB1484600F00E
:104EC00043FF0028F2D000F0D1FF08F1FF33DBB23E
:104ED0004FFA83F8002BEFD1FF2384F8453001F01F
:104EE000B9FA01F0ADFA94F844304FFA83F8B8F10A
:104EF000000F1ADD2369C3B104F1100907E008F1BE
:104F0000FF33DBB24FFA83F87BB123696BB14846BC
:104F100000F01AFF0028F2D000F0A8FF08F1FF33DC
:104F2000DBB24FFA83F8002BEFD1FF2384F8443033
:104F300001F090FA00F0DAFC01F082FAA36B002B8A
:104F400000F08A8001F086FA01F07AFAA36B4FF044
:104F50000108002B3FF40DAF2268013BA363002A38
:104F600000F09E802369002B40F0898001F072FAE6
:104F70000126304605B0BDE8F08302A800F032FFFC
:104F8000FFE601F067FA01F05BFA94F845304FFA5A
:104F900083F8B8F1000F1ADD636AC3B104F1240984
:104FA00007E008F1FF33DBB24FFA83F87BB1636AA5
:104FB0006BB1484600F0C8FE0028F2D000F056FF62
:104FC00008F1FF33DBB24FFA83F8002BEFD1FF2358
:104FD00084F8453001F03EFA01F032FA94F844309A
:104FE0004FFA83F8B8F1000F1ADD2369C3B104F159
:104FF000100907E008F1FF33DBB24FFA83F87BB109
:1050000023696BB1484600F09FFE0028F2D000F003
:105010002DFF08F1FF33DBB24FFA83F8002BEFD1FD
:10502000FF2384F8443001F015FA00F05FFC8BE7B1
:1050300000ED00E0009301F00DFA009B1E463046A3
:1050400005B0BDE8F08301F0FBF9606800F03EFFB9
:10505000064601F0FFF9BAE601F0FCF9002E88D00F
:1050600001F0EEF9616A19B1236B1968C1F105010C
:10507000606800F099FF002601F0ECF979E704F18F
:10508000100000F061FE00283FF470AF064B4FF0B7
:1050900080525A6040BFBFF34F8FBFF36F8F65E7F9
:1050A00000F0B8FF60605DE700ED00E010B5044679
:1050B00001F0C6F9A46B01F0CDF9204610BD00BF88
:1050C000104B5A68904208D0DA68904208BF01221B
:1050D00004D090F8463093B170470022002110B4FC
:1050E00003EBC20443F8321090F84630616013B10C
:1050F0005DF8044B70475DF8044BFFF78FB9FFF77D
:105100008DB900BF24850020074B1A681AB19A6830
:1051100002B17047012210B403EBC20443F832100D
:1051200060605DF8044B70472485002070B505462B
:105130000C46164601F084F995F84430FF2B04BF65
:10514000002385F8443095F84530FF2B04BF002339
:1051500085F8453001F07EF9AB6B2BB9324621461C
:1051600005F1240000F0B0FD01F06AF995F8454022
:1051700064B2002C16DD6B6AA3B105F1240605E0CC
:10518000013CE3B25CB26BB16B6A5BB1304600F0DC
:10519000DBFD0028F4D0013C00F068FEE3B25CB215
:1051A000002BF1D1FF2385F8453001F053F901F0D0
:1051B00047F995F8444064B2002C16DD2B69A3B181
:1051C00005F1100605E0013CE3B25CB26BB12B695E
:1051D0005BB1304600F0B8FD0028F4D0013C00F08F
:1051E00045FEE3B25CB2002BF1D1FF2385F84430D9
:1051F000BDE8704001F02EB92DE9F041044601F000
:105200001FF9344A344D1368013313602B68002BA7
:105210002FD0324EE36A32682AB3314831490768E9
:105220000A689F4238BF03602F48013203EB8303B3
:105230000A6000EB8300E263211D02F093FB01F0A2
:1052400009F933686BB12A68E36AD26A9A4208D2D4
:10525000264B4FF080525A6040BFBFF34F8FBFF3D1
:105260006F8FBDE8F0812A68D26A9A4298BF2C609D
:10527000D3E72C601368012B02D0E36A174ECCE70A
:105280001948DFF894801A4F144E02F05BFB19485E
:1052900002F058FB184802F055FB184802F052FB88
:1052A000174802F04FFB404602F04CFB384602F034
:1052B00049FB144802F046FB134802F043FB134835
:1052C00002F040FB124B134AC2F800801F60E36AF1
:1052D000A3E700BF047B0020947A0020647B0020B9
:1052E000187B0020147B0020A07A002000ED00E055
:1052F000307B0020B47A0020C87A0020DC7A0020BD
:10530000F07A0020507B00207C7B0020687B00200E
:105310009C7A0020987A00201C7B00202DE9F8431D
:10532000DDE90964002C60D016B93046BDE8F88389
:105330000D469700984602233A4684F8513081463C
:1053400026633046A52103F0E5FA2A78236B84F81A
:105350003420043F2A781F4427F0070702B36B78F4
:1053600084F835306B78DBB1AB7884F83630AB78C5
:10537000B3B1EB7884F83730EB788BB12B7984F8C4
:1053800038302B7963B16B7984F839306B793BB164
:10539000AB7984F83A30AB7913B1EB7984F83B30D0
:1053A000089D042D28BF04250026E5626564201DA4
:1053B00084F83B60A66402F0D1FAC5F1050504F15A
:1053C000180002F0CBFAE66442464946A561246122
:1053D00084F850606462384600F0F6FF2060204692
:1053E000FFF70AFF2046BDE8F8832046BDE8F883B2
:1053F0002DE9F0479600804630460D469946099FB4
:10540000FEF7FAFF002869D082465420FEF7F4FF29
:10541000044600285BD00023C0F830A03246504636
:1054200084F85130A52103F075FA2A78236B84F8AB
:105430003420043E2A781E4426F0070A02B36B7813
:1054400084F835306B78DBB1AB7884F83630AB78E4
:10545000B3B1EB7884F83730EB788BB12B7984F8E3
:1054600038302B7963B16B7984F839306B793BB183
:10547000AB7984F83A30AB7913B1EB7984F83B30EF
:10548000089D042D28BF04250026E5626564201DC3
:1054900084F83B60A66402F061FAC5F1050504F1E9
:1054A000180002F05BFAE664A561246184F850609C
:1054B00064624A464146504600F086FF206007B1CC
:1054C0003C602046FFF798FE0120BDE8F08750467B
:1054D000FEF7A4FF4FF0FF30BDE8F0874FF0FF303C
:1054E000F3E700BF70B504464C4E00F0A9FF002C56
:1054F00039D0251D284602F05FFAA36A1BB104F1DA
:10550000180002F059FA29464548464D02F02AFA99
:1055100094F85030012B04BF002384F8503000F081
:1055200099FF2B6893B93368A34200D070BD2B68F4
:10553000DBB93B493C4A09681268914226D03B4B93
:105540001B682BB33A4B01221A6070BD00F078FF44
:10555000384B1A68126892B9374B4FF0FF321A6015
:1055600000F078FFDFE73468C3E7344B4FF0805238
:105570005A6040BFBFF34F8FBFF36F8F70BD1A6883
:105580002D4BD268D26852681A60E9E7336070BD6B
:10559000274A13603268336812681B6B9A4236D907
:1055A000274C284922689300981880000858E0B9D1
:1055B000551EAB0058198000085830BB951EAB0033
:1055C00058198000085800BBD51EAB005819800040
:1055D0000858D0B9151FAB00581980000858A0B959
:1055E000053A930098188000085813449B00CD1882
:1055F00008336868406868600B44984204BF40689C
:105600006860C3683360226070BD2A46EDE7306889
:105610003168343101F05EFEC2E700BF947A0020A9
:10562000687B0020647B0020047B0020107B00202E
:10563000947B0020987A0020487B002000ED00E059
:10564000187B0020A07A002080B170B51B4D2B681C
:1056500083420AD0044600F0F3FE194B62699A4275
:1056600005D0BDE8704000F0F5BE70BD7047A36A7C
:10567000144A9342F5D0002BF3D1261D304602F098
:105680009BF9114AE36A116810488B4288BF136086
:1056900003EB830300EB8300314602F063F92B68D0
:1056A000E26ADB6A9A42DCD3094B4FF080525A60BF
:1056B00040BFBFF34F8FBFF36F8FD2E7947A0020C4
:1056C000687B0020507B0020187B0020A07A0020FF
:1056D00000ED00E070B584B0002503AA02A901A87E
:1056E000CDE9015501F0FAFD019C002C46D002984D
:1056F000002843D0039E20630223B600A521324632
:1057000084F8513003F006F9236B1F4A6263201DB1
:1057100084F83850043E84F83B50E562C4E91155E2
:105720001E4402F01BF904F1180002F017F926F0EC
:1057300007060523A3612A461449E564304624611F
:10574000646284F8505000F03FFE20602046FFF76E
:1057500053FD0F4B1C6000F0DBFD012811D14023ED
:1057600083F311880B490C4A0C4B4FF0FF340C604B
:1057700010601D6000F03EFE04B070BD044B0022BE
:105780001A6004B070BD00BF49444C457D5A030007
:10579000447B0020487B0020647B0020907B00201D
:1057A000024A136801331360704700BF107B00206A
:1057B000014B1868704700BF907B0020024A1368B5
:1057C00018441060704700BF907B00202DE9F04F17
:1057D0003B4B1B6883B0002B42D13A4B1F6801370B
:1057E0001F60002F4AD0384B01931B68BB423BD847
:1057F000364EDFF8EC80DFF8ECA0DFF8EC90002507
:1058000025E03368DB68DC68636804F1040B9F42C1
:10581000584651D302F0D0F8A36A04F118000BB136
:1058200002F0CAF8E36AD8F8002003EB8300934241
:1058300059460AEB800088BFC8F8003002F092F8A1
:10584000D9F80030E26ADB6A9A4228BF0125336842
:105850001B68002BD5D1019A4FF0FF33136004E091
:105860001B4A13680133136000251A4B1B68002B79
:105870000CBF2846012003B0BDE8F08F134E164B35
:105880003168164A18683060196013680133136074
:1058900033681B683BB90C4B01931A464FF0FF333A
:1058A00013601346A1E73368074ADB680192DB689F
:1058B0005B681360134698E7019A1360D5E700BF51
:1058C000107B0020907B0020487B0020987A0020ED
:1058D0000C7B0020947B00209C7A00204C7B0020D5
:1058E000187B0020A07A0020947A00202DE9F04750
:1058F00000F0A6FD354B1A68013A1A601C68002CAE
:1059000057D1334B1B68002B53D0DFF8E0A0314E4A
:10591000314FDFF8DC90DFF8DC80336813B3F368D5
:10592000DC68251D04F1180002F046F8284602F054
:1059300043F8E36A3A6803EB83009342294609EB94
:10594000800088BF3B6002F00DF8D8F80030E26AB2
:10595000DB6A9A424FF00103DFD3CAF800303368A4
:10596000002BDCD13CB11D4B1A6812683ABB1C4BB2
:105970004FF0FF321A601B4D2C6844B10126FFF72F
:1059800025FF08B1CAF80060013CF8D12C60DAF8B4
:10599000003073B1144B4FF080525A6040BFBFF3D8
:1059A0004F8FBFF36F8F012400F054FD2046BDE8F8
:1059B000F087002400F04EFD2046BDE8F0871A680D
:1059C000074BD268D26852681A60D4E7107B002077
:1059D000047B0020507B0020187B0020987A002058
:1059E000487B00200C7B002000ED00E0947B002031
:1059F000A07A0020947A002070B548B9184B4FF077
:105A000080525A6040BFBFF34F8FBFF36F8F70BD9E
:105A1000144A15491368154E013313600D68044686
:105A20003068043001F0C8FF336864195C600FD23D
:105A30000F4B18683168043101F0A4FF0D4B1A6850
:105A4000944238BF1C60FFF751FF0028D6D070BDCC
:105A5000094B18683168043101F094FFF3E700BF87
:105A600000ED00E0107B0020907B0020947A002065
:105A7000987A0020487B00209C7A00202DE9F84F7E
:105A80003C4E3D4D3D4CDFF80891DFF80881DFF8D2
:105A900008B14FF0805A2368D3B100F0D1FCF3680D
:105AA000DF68381D01F088FF2B68013B2B602368FD
:105AB000013B236000F0CEFC97F85130002B37D02B
:105AC000012BE8D13846FEF7A9FC2368002BE4D16E
:105AD0002B4B1B68012B06D9CBF804A040BFBFF3AA
:105AE0004F8FBFF36F8F00F041FED9F8003033BB0A
:105AF000D8F80030DB6A002BCDD1214B1B68012B7D
:105B0000C9D8204B204A1B6812689B1A012BC2D9A6
:105B10001E4A136801331360D9F80030BBB1D8F8BE
:105B20000030DB6A0BB9164B1B68FFF7DFFEB2E7EC
:105B3000386BFEF773FC3846FEF770FCABE7D8F81D
:105B40000030DB6A002BA6D10D4B1B68A3E7D8F809
:105B50000030DB6A002BE8D1094B1B68012BE4D82D
:105B6000084B1868084B1B68C01A0128DDD900F0E3
:105B7000DDFCDAE77C7B0020047B0020087B002032
:105B8000A07A0020487B0020907B0020107B002022
:105B9000187B0020947A002000ED00E0274B1B6862
:105BA000002B40D1264A70B5264C1360226823682A
:105BB00012681B6B9A423AD9234D24492A689300F4
:105BC000981880000858E0B9561EB3009819800054
:105BD000085830BB961EB30098198000085800BBC7
:105BE000D61EB300981980000858D0B9161FB3000C
:105BF000981980000858A0B9053A930098188000B9
:105C0000085813449B00CE180833706840687060D1
:105C10000B44984204BF40687060C36823602A60E8
:105C200070BD3246EDE7064B01221A6070472068CE
:105C30002168343101F04EFBBEE700BF107B00202D
:105C4000947B0020947A0020187B0020A07A00200A
:105C500070B5174D2B680C4603F1180101F092FE48
:105C6000144B1E682868043001F0A6FE631C17D090
:105C70002B68A4195C600BD20F4B1868296804319B
:105C800001F080FE0D4B1A68944238BF1C6070BD55
:105C90000B4B18682968BDE87040043101F072BEF2
:105CA000296808480431BDE8704001F05BBE00BFC0
:105CB000947A0020907B0020987A0020487B002076
:105CC0009C7A0020687B002070B5194D2B680C462B
:105CD000164603F1180101F045FE164B5EB11B6834
:105CE0002868043001F068FE296813480431BDE8D3
:105CF000704001F037BE1E682868043001F05CFE79
:105D00002B68A4195C600BD20C4B1868296804310D
:105D100001F038FE0A4B1A68944238BF1C6070BD0F
:105D2000084B18682968BDE87040043101F02ABEAC
:105D3000947A0020907B0020687B0020987A0020D5
:105D4000487B00209C7A002038B5C368DC6804F1E9
:105D50001805284601F030FE1A4B1B682BBB251D89
:105D6000284601F029FE184AE36A116817488B4259
:105D700088BF136003EB8303294600EB830001F027
:105D8000F1FD134BE26A1B68DB6A9A4282BF114B3A
:105D900001201860104B1A68126898BF00204AB999
:105DA0000E4B4FF0FF321A6038BD29460C4801F007
:105DB000D9FDE6E71A68094BD268D26852681A60C2
:105DC00038BD00BF107B0020187B0020A07A002087
:105DD000947A0020947B0020987A0020487B002051
:105DE000507B0020034A044B12681B68C0E9002363
:105DF000704700BF4C7B0020907B0020F8B50D461B
:105E0000044600F01DFB2B681649581C0A6813D085
:105E1000DFF854C0D4E90060DCF80070BE4201D065
:105E200090421AD9121A93420BD800232B600125F5
:105E300000F010FB2846F8BD002500F00BFB2846BB
:105E4000F8BDDCF800009B1A0A682B60C4E9000268
:105E5000002500F0FFFA2846F8BD012500F0FAFA07
:105E60002846F8BD907B00204C7B0020014B01228E
:105E70001A607047947B0020084B186860B9084B83
:105E80001B6853B9074A084B10681B68013B9842CE
:105E900014BF01200220704700207047507B002073
:105EA000947B0020687B0020047B0020054B1B684E
:105EB00033B1054B1B68002B0CBF0220002070473C
:105EC00001207047647B0020107B002018B3F8B5D8
:105ED0001C4CC36A2268D26A934214D28269002A97
:105EE00004DB2268D26AC2F105028261164D426962
:105EF00003EB830305EB83039A420DD02368DB6A2F
:105F0000C3620120F8BD2368406CDB6A98422CBF55
:105F100000200120F8BD7047061D0746304601F0FD
:105F20004BFD2268094BD06A1A68F862904200D98A
:105F3000186000EB800005EB8000314601F012FD97
:105F40000120F8BD947A0020A07A0020187B002060
:105F500050B138B5C16A836C426C013B9142836495
:105F600000D01BB1002038BD00207047051D04463D
:105F7000284601F021FD0A4A636C1168E362C3F10F
:105F800005008B42A061074888BF136003EB8303C1
:105F900000EB8300294601F0E5FC012038BD00BF7D
:105FA000187B0020A07A002048B1426CC36A91425D
:105FB00038BF11468B4202D0826C012A00D0704754
:105FC000826970B5114DC162002A03EB83034269F7
:105FD000A8BFC1F1050105EB8303A8BF81619A4207
:105FE00000D070BD061D0446304601F0E5FC084BAC
:105FF000E06A1A68904288BF186000EB800005EBE9
:1060000080003146BDE8704001F0ACBCA07A0020B1
:10601000187B0020044B1A681AB119688A6C013287
:106020008A641868704700BF947A00202DE9F04F09
:10603000AD4EDFF8C482AD4D89B033681C68002CCA
:1060400000F08E80DB681C68FFF7AAFBFFF7B0FB4F
:10605000D8F80030984207465DD38442C8F8000063
:1060600040F20B810022E11B2868FFF75FF8FFF781
:106070003DFC88B99E4A4FF08053536040BFBFF348
:106080004F8FBFF36F8F07E0019B0399204698471E
:10609000009B002B80F23881286800226946FEF7B9
:1060A000C7FC0028C9D0009B029C002BECDB636975
:1060B00013B1201D01F080FCFFF77AFBD8F8003007
:1060C0009842814643D3009BC8F80090092BE3D83F
:1060D000012202FA03F313F4047F69D113F0C70F0E
:1060E00040F0A1809B06D7D594F82C30002BD3D15B
:1060F0002046FEF793F9CFE7DB68DC68D3F800A011
:1061000004F10409484601F057FC636A20469847A9
:10611000E369012B36D033681A68002AECD175493F
:10612000C8F800700A6832600B60FFF7DFFBB3E766
:10613000DB68DF68D3F800B007F1040A504601F0CD
:106140003BFC7B6A38469847FB69012B25D03368B6
:106150001A68002AECD167490A6832600B60B2E71E
:10616000FFF71EFBFFF724FBD8F8003083420746F9
:10617000D1D8604BC8F800701B681A68B2FA82F276
:10618000520970E7A36953449A45494622D2636095
:106190002461306801F0F6FBBDE7BB695B449B45B9
:1061A000514627D27B603F61306801F0EBFBCEE7C0
:1061B000019B246103EB09024A45A36162602CD86C
:1061C000002B3FF469AF4B4B211D186801F0DAFB3F
:1061D000286862E72B68002B9DD00023CDE9043AA4
:1061E0000694FFF763FE00231A4604A92868FEF709
:1061F00095F990E72B68002BA9D00023CDE9043B4B
:106200000697FFF753FE00231A4604A92868FEF7F5
:1062100085F99CE74B4500D998B13068211D01F004
:10622000B1FB286839E7019BA269246199182CBF4A
:106230000120002049456160ECD8A9EB03039A4294
:10624000C1D8636A20469847E369012B7FF424AFE5
:10625000019BA2692868134400283FF41EAF002266
:10626000CDE904230694FFF721FE00231A4604A972
:106270002868FEF753F928680FE7FFF737FB336804
:10628000DB68D3F80C9009F1040A504601F094FB46
:10629000D9F81C30012B04D0D9F82430484698474F
:1062A000FAE6D9F81830C9F81090E218BA42C9F8DD
:1062B000042004D95146306801F064FBECE73F1B31
:1062C000BB421BD82B68002BE6D00023CDE9043459
:1062D000CDF81890FFF7EAFD00231A4604A92868B4
:1062E000FEF71CF9D8E700BF987B00201C7E002039
:1062F00000ED00E09C7B0020C87D0020034B514650
:10630000186801F03FFBC7E7029CD0E69C7B0020A9
:10631000F0B5204C89B000F093F82568FDB100F08D
:1063200099F82068C8B1002407AA06A905A8CDE9F4
:10633000054400F0E1FFDDE905300221CDE9001060
:10634000079A0293144915482346FEF7E7FF144ABB
:106350000346001B18BF0120136009B0F0BD114FA8
:10636000114E384601F0EEFA304601F0EBFA0F4AD2
:106370000F4900950F4B17600E600F4A1021202027
:10638000FEF75AF820600028C9D00C49FEF7BCFE81
:10639000C5E700BF1C7E002064BA03002D60030027
:1063A000207E0020A07D0020B47D0020987B00206E
:1063B0009C7B0020CC7D0020A07B00205CBA0300E9
:1063C000402383F31188FEE730B46FF002034FF0EF
:1063D0008075074C40F8045C40F80C4C40F8081CF1
:1063E00040F8202C40F8243C30BC4438704700BFB3
:1063F000C16303000F4C08B5E02384F8223000F09D
:1064000077F80D4B0D4A00211960D4F8883043F419
:106410007003C4F88830536843F0404353602369E5
:1064200043F01003236100F04FF9402383F31188F8
:10643000FEE700BF00ED00E0247E002030EF00E02A
:10644000402383F31188024A1368013313607047B5
:10645000247E0020034A1368013B13600BB983F3C9
:1064600011887047247E002041DF704712DF70479B
:1064700070B51B4B00251D6082B01B680193019B0A
:10648000EFF31186402383F31188164A164BD2F896
:1064900004451D601B680093009BFFF789F9241ACF
:1064A00024F07F44012C0DD844B1FFF78FF9054645
:1064B00025B10E4B4FF080525A6040BF86F31188D1
:1064C00002B070BDFFF7F2FC0228EED1013CFFF7ED
:1064D0007DF9013C631C45EA0005F8D1E8E700BFFF
:1064E00040110140001001400011014000ED00E0AA
:1064F0000B4B0C4930B41F200B4DC3F8080501228B
:106500000224E020C3F804232A601A60C3F844433D
:1065100081F811034FF400330B6030BC704700BFAB
:106520000010014000E100E0081001402DE9F041B9
:10653000804684B0EFF3108272B6584CA36883B9DA
:10654000574B58480121A160D3F8801001402160C9
:10655000C3F88000D3F8841061604FF0FF31C3F8B6
:10656000841002B962B6504ED6F80475FFF784FC69
:1065700000283DD04D4A4E49424528BF4246BB18EF
:1065800023F07F4301200025C6F80803C6F84035F4
:106590000D600B6801934FF480330199C6F8043302
:1065A000BFF34F8FB8F1000F54D13F4B404D4149DD
:1065B0004FF48030C3F80803002028602D6803954D
:1065C000039D08600968029101210298C3F8041331
:1065D000D3F804353249DB1B23F07F45954228BFB1
:1065E00015464FF40033012DC1F8803111D827D062
:1065F000A3685BB1EFF3108372B6294A216811607A
:10660000616851600022A26003B962B604B0BDE8BF
:10661000F081681EFFF7D2F8274BDB68DA010FD54F
:10662000264A1368DB070BD5254B516803FB05F59C
:10663000A5F57425A5F51075AD0A01EB8515556016
:10664000FFF7C4F80028D3D01E4B4FF080525A6099
:1066500040BFCDE7F1EE103A23F09F03E1EE103A90
:10666000F1EE103A0E4B04A84FF480614026C3F8B7
:106670008461C3F8841100F8045DFFF7F7FE9DF80C
:106680000C1039B920BFD3F80001D3F8041101432D
:10669000F8D08AE7FFF7E8FE87E700BF38850020DB
:1066A00000E100E0FC06FFBD00100140FDFFFF001F
:1066B0004011014000110140F0ED00E0001000E049
:1066C00040420F0000ED00E00748006880F30888B2
:1066D00062B661B6BFF34F8FBFF36F8F4FF0E0002C
:1066E00080F3118800DF00BF00600200064B1968CC
:1066F0000868B0E8F04F80F30988BFF36F8F4FF060
:10670000000080F311887047947A0020EFF309802D
:10671000BFF36F8F144B1A681EF0100F08BF20EDE7
:10672000108A20E9F04F10604DF8043D4FF0400012
:1067300080F31188BFF34F8FBFF36F8FFFF72EFAEF
:106740004FF0000080F3118808BC19680868B0E8B1
:10675000F04F1EF0100F08BFB0EC108A80F30988CC
:10676000BFF36F8F704700BF947A0020704700BF5F
:106770000A490B4A0B4B9B1A03DD043BC858D05007
:10678000FBDC094809494FF0AD320260043004399E
:10679000FBD100F053FCEFF75BFD000088BD030068
:1067A000006000208C63002000F803200008000037
:1067B000FEE7FEE7FEE7FEE7FEE7FEE7FEE7FEE7B1
:1067C000FEE7FEE708B50020EFF77CFDF6F72CFAB0
:1067D0000E4B43B10E4B7BB1F6F716FB00F06AFD92
:1067E000AFF30080F8E7F6F70FFB00F063FDF6F774
:1067F0000BFB00F05FFDF6E7F6F706FB00F05AFD35
:10680000F6F702FB00F056FDF6E700BF00000000BF
:106810000000000000B583B000F0B8FEFDF74CF9B1
:106820000E4B019301234FF480620D4900930D48F4
:106830000023FEF7DDFD4FF4407000F05BFEFEF735
:1068400049FFBFF34F8F0849084BCA6802F4E06262
:106850001343CB60BFF34F8F00BFFDE7287E0020BE
:106860006CBA0300C567030000ED00E00400FA0500
:1068700038B507480C461546EFF7AEFE00B938BDEF
:106880002A4621460248BDE83840EFF77DBD00BFEB
:10689000A8630020FDF780BDFDF77EBDFDF796BD26
:1068A000084A094908B513681844884202D810609C
:1068B000184608BD01F098FF0C2303604FF0FF332A
:1068C000184608BD7C61002000F80320114B1A789F
:1068D000EAB90178104810B40A464FF0804402F03B
:1068E0000102C1F34001C4F88015C4F8782502689C
:1068F000D20706D4E021012280F80013C0F88021DD
:106900000260012205481A705DF8044B7047044884
:10691000704700BF3485002000E100E00000AD0BAF
:106920000C00AD0B0268074B4FF0804010B4002103
:106930004FF46074C0F80843196002B11A605DF842
:10694000044B7047347E00204FF080434FF4607258
:10695000C3F80423704700BF10B54FF0804386B0E2
:10696000D3F80443620705D5D3F8082103F58473EF
:10697000002A4ED1A30603D52A4B1A68002A3FD11C
:10698000600603D5284B1A68002A2FD1210602D5AC
:10699000264B1A680ABBE20502D5254B1A6892B944
:1069A000A3050ED5234B1A685AB100221A601A6843
:1069B000214B0592059A1B68022006B0BDE81040E5
:1069C000184706B010BD00221A601B4A1B680493CA
:1069D00001201368049A9847E2E700201860164ADD
:1069E0001B6803931368039A9847D4E700221A6040
:1069F000124A1B68029301201368029A9847C5E760
:106A0000002018600D4A1B6801931368019A98478B
:106A1000B6E700221A600A4A1B6800931368009ABE
:106A20009847A7E714010040180100401C010040EE
:106A30002001004024010040347E0020307E0020F0
:106A40002C7E00202DE9F04F04799D4DE60037198A
:106A5000BF0005EB070E83B09EF81CC0BCF1000F11
:106A600040F0E58091F80CC00068EA51CEF804309F
:106A7000BCF1010F0B7840F2DE801F2B87BF03F0C3
:106A80001F08DFF840E298464FF0A04E012707FAB2
:106A900008F7CEF808751F2B8BBF03F01F071F46A2
:106AA000DFF820E24FF0A04E07F5E0774FF0010845
:106AB0004EF827804F78FF2F00F0E9801F2F8ABF04
:106AC00007F01F09B946DFF8FC81009798BF4FF027
:106AD000A04809F5E07A4FF0010E0EFA09FE4FF0DA
:106AE0000309C8F80CE548F82A9091F802E0BEF1D5
:106AF000FF0F00F0D580BEF11F0F91F80EA088BFE8
:106B0000DFF8C0B1CDF804E08EBF0EF01F08F046EC
:106B10004FF0A04B08F5E0784FEA8A0A4BF828A01E
:106B200006EB040805EB880888F820E091F803E0FC
:106B300088F81FE0BEF1FF0F2AD091F80490F046CC
:106B4000B9F1000F40F08680BEF11F0F87BF0EF035
:106B50001F0B5C4FF3464FF0A0474FF0010A0AFAB3
:106B60000BFAC7F808A5BEF11F0F86BF0EF01F086D
:106B7000DFF850A14FF0A04A08F5E07806EB040ECC
:106B80004FF0030B05EB8E0E4AF828B08EF81E90DE
:106B900091F80DE0C0F80835009BD1F80880C0F8E6
:106BA0000C351EF1000318BF0123019FC0F81075BA
:106BB000BCF1020FC0F824857FD0BCF1030F79D05F
:106BC000BCF1010F56D0C0F854358B79C0F8C035F0
:106BD000002A58D040220723C0F80423C0F800350B
:106BE0004A79000B43B25201002BD1B2C0B25BDB39
:106BF0005A09920002F1604203F16043012702F555
:106C0000614203F5614300F01F0007FA00F083F8CA
:106C10000013C2F880011060344405EB84052A4853
:106C2000002201236A772B7703B0BDE8F08F274855
:106C300003B0BDE8F08F1F2B87BF03F01F08DFF8FC
:106C400084E098464FF0A04E012707FA08F7CEF8E7
:106C50000C7520E7BEF11F0F87BF0EF01F0B194FF9
:106C6000F3464FF0A0474FF0010A0AFA0BFAC7F8B3
:106C70000CA578E743F00203C0F854358B79C0F8CF
:106C8000C035002AA6D10723C0F80035C4E791F823
:106C900002E04FF0FF37BEF1FF0F00977FF42BAFFC
:106CA0004FF0FF3701973BE7094B00F00F0003441B
:106CB0001976B1E743F0060385E743F0040382E762
:106CC000387E0020000300500000AD0B0500AD0B26
:106CD000FCEC00E0F0B40479294A0368E1000D19E6
:106CE000AD005659EEB11F0B7EB2002E11DB7609B6
:106CF00020360123DFF89CC007F01F0703FA07F7CF
:106D00004CF82670BFF34F8FBFF36F8F5559036850
:106D10003DB1081902EB80001A4DC3F80853407FBB
:106D200010BB081902EB800090F82000FF280BD060
:106D30001F288ABF00F01F004FF0A045124D00F53C
:106D4000E070022645F82060104800258342C3F811
:106D5000005502D10E4B01201860214402EB810244
:106D600000231377F0BC704701205861D3F8040169
:106D70000028FBD0081902EB800000254577D0E7FA
:106D8000387E0020520108000003005000F002404D
:106D900004F0024000E100E02DE9F04F0479644F77
:106DA0004FEAC40C0CEB04039B008646F8180E4611
:106DB000417F83B0002940F0918057F803909046BE
:106DC000B9F1000F04D012F0140F04BF0123437770
:106DD0000CEB040507EB850596E80F0095F81FA05E
:106DE00005F10C0BBAF1FF0F8BE80F0010D0AA7F52
:106DF0005346002A76D0BAF11F0F86BF0AF01F0350
:106E00004C494FF0A041012202FA03F3C1F80835C2
:106E100032686AB102F06043B3F1005F08D06444A5
:106E200007EB8407002344487B7703B0BDE8F08F6D
:106E3000B16821B101F06043B3F1005FEFD1DEF83A
:106E400000307568F068C3F844250022C3F848553F
:106E5000C3F83415C3F83805C3F81821D3F818213E
:106E60000192019A18F0010218BF0122C3F85025BF
:106E700018F0020218BF012218F0080FC3F84025CD
:106E800004BF01221A61B9F1000F0BD02B48402238
:106E900018F0040F14BFC3F80823C3F8042303B089
:106EA000BDE8F08FD3F81821002AFBD0BAF1FF0F0C
:106EB0002CD0644407EB8407BB7F4BB3BAF11F0FA0
:106EC00084BF0AF01F0A1B4A1C4898BF4FF0A0421B
:106ED000012303FA0AF3C2F80C35A6E7184803B0F9
:106EE000BDE8F08FBAF11F0F4FF0010288BF0AF022
:106EF0001F0302FA03F388BF0E49326898BF4FF0B0
:106F0000A041C1F80C35002A84D191E70B488CE7E9
:106F1000BAF11F0F84BF0AF01F0A064A074898BF3C
:106F20004FF0A042012303FA0AF3C2F808357CE7C8
:106F3000387E0020000300500A00AD0B0000AD0BAE
:106F40000B00AD0B194BD3F8182102B97047002183
:106F5000174AC3F81811D3F81811D37F82B0FF2B4A
:106F6000019101990DD0917F99B11F2B86BF03F03C
:106F70001F0310484FF0A040012101FA03F3C0F8AD
:106F80000C35002353771372D2E900310A4802B05E
:106F900018471F2B86BF03F01F0306484FF0A04081
:106FA000012101FA03F3C0F80835EAE70030024096
:106FB000387E002000030050407E00201B4BD3F899
:106FC000182102B970470021194AC3F81811D3F8E3
:106FD000181192F8433082B0FF2B019101990ED025
:106FE00092F84210A9B11F2B86BF03F01F0311486E
:106FF0004FF0A040012101FA03F3C0F80C35002343
:1070000082F8413082F82C30D2E909310A4802B0C6
:1070100018471F2B86BF03F01F0306484FF0A04000
:10702000012101FA03F3C0F80835E8E700F0024057
:10703000387E002000030050647E0020604B1B68F7
:1070400030B45C1C37D05F4A082B126800F08F8088
:107050005B4B5C4A1B681268082B15D0591C23D067
:10706000584A1268082B12D0574AD2F8883043F495
:107070007003C2F88830BFF34F8FBFF36F8F534B4D
:10708000534A1A6030BC7047002A00F08280032AFD
:10709000EAD84FF08043D3F80024D20744BF6FF002
:1070A0000102C3F80024DFE74A4A4B4B12681B7801
:1070B000C2F30312D6E7484A464B12781B68082AE7
:1070C000C3F3031301D1032B53D9424A424B126835
:1070D0001B78C2F30312082BBAD1032AB8D84FF099
:1070E00080523E4BD2F80414C3F82015D2F808148D
:1070F000C3F82415D2F80C14C3F82815D2F81014CC
:10710000C3F82C15D2F81414C3F83015D2F818149B
:10711000C3F83415D2F81C14C3F84015D2F8201463
:10712000C3F84415D2F82414C3F84815D2F828142B
:10713000C3F84C15D2F82C14C3F85015D2F83014FB
:10714000C3F85415D2F83414C3F86015D2F83814C3
:10715000C3F86415D2F83C14C3F86815D2F840148B
:10716000C3F86C15D2F84424C3F8702570E7032ADD
:107170000CD8134B1B684FF080420021581CC2F8FA
:107180000C11C2F81011C2F838159ED00D4A1268C1
:10719000A1E7134C1349144D25601448144AFB24ED
:1071A000C1F8184501681268124C21F00F0102F075
:1071B0000F020A434FF400710260216050E700BFE4
:1071C000300100103401001000ED00E0806100206B
:1071D0000090D003E80F00F0E00F00F000C0004086
:1071E0008C56004000F0004048810300E40E00404F
:1071F000580200104096024070B4284C284B256875
:10720000284CA3FB05639B0C02FB03F254F82000FF
:10721000254B1F28A3FB02324FEA920234D80123E8
:10722000002903FA00F114BF084600204FF0A044E3
:1072300001E0013A25D0D4F810350B408342F8D054
:1072400001E0013A1DD0D4F810350B408342F8D14B
:10725000002002E00130824213D0D4F810650E40C5
:10726000B342F7D070B1114A43F2C823A2FB0525FF
:1072700003FB00F0AD0900F57A50B0FBF5F070BCEF
:107280007047002070BC704720380123002903FAA2
:1072900000F114BF08460020054CCCE780610020B7
:1072A00083DE1B4398B903004FECC44ED34D6210EC
:1072B0000003005008B5EFF70BF8054B4FF0805274
:1072C0005A6040BFBFF34F8FBFF36F8F08BD00BF41
:1072D00000ED00E0704700BF704700BF044B036043
:1072E00010B46423034C0C6013605DF8044B7047CA
:1072F000807E0020D47E0020054B036010B44FF444
:107300008073044C0C6013605DF8044B704700BF41
:1073100064800020B880002070B51F4C84B04FF00E
:10732000FF3203A92068FDF783FB0028F7D00398FC
:10733000037A4568052B0DD8DFE803F0272A221CC5
:107340001503D0E90361D0E90523C06900903046F8
:10735000A847039803681BB11846FDF737F8039850
:10736000FDF734F8DBE7D0E90523D0E90301A847AE
:107370000398EFE7D0E90412C068A8470398E9E74B
:10738000D0E90301A8470398E4E7A8470398E1E799
:10739000C068A8470398DDE7BC8400202DE9F043CE
:1073A0002D4B2E4C5B6885B0C3F30803019001AFF1
:1073B0002068002B44D0002339461A46FDF7BEFA58
:1073C00001283AD0DFF89880D8F800000022400069
:1073D0000421FDF761F8064678B3DFF88890D9F804
:1073E0000000FEF77FF8FFF72BF802E03046FDF7CC
:1073F00095F8002203A92068FDF71AFB0023054633
:10740000642203A90028F1D12068FDF759FE266007
:10741000FFF720F8D9F80000FEF716F9D8F8003089
:107420000D4A20685B00C8F800305368C3F30803B6
:10743000394653B96422FDF771F805B0BDE8F08311
:1074400039466422FDF76AF8BAE72B462A46FDF76B
:1074500075FA05B0BDE8F08300ED00E0BC840020C3
:10746000B8840020C08400202DE9F8439DF8205006
:1074700006460F4691469846CDB1A8000C30FCF761
:107480008BFF044688B10023C0F8049005720360A6
:1074900006B177B92DB1AA00414604F10C0001F004
:1074A00015FA2046FFF77AFF0120BDE8F883102087
:1074B000E5E73846FCF770FF81462060A0B13A4608
:1074C000314601F003FA002DEBD0691EC9B208EB7A
:1074D0008101A8F1040353F8042FB24208BFC3F896
:1074E00000909942F7D1D6E72046FCF76FFF484657
:1074F000DBE700BF30B540230B4D83B004460022CC
:10750000184604212B60FCF7C7FF084B0849186098
:107510000223CDE90031A2B2002306490648FDF757
:1075200067FF03B030BD00BFB8840020BC840020DA
:10753000C084002074BA03001973030011DF704780
:1075400008B50446FFF7FAFF0D4B4FF080414FF0AE
:10755000FF32C3F88020C3F88021C3F88420C3F829
:107560008421C1F81C45BFF34F8F0649064BCA68FA
:1075700002F4E0621343CB60BFF34F8F00BFFDE71F
:1075800000E100E000ED00E00400FA054FF0804368
:10759000194AD3F80014194830B41160D3F80054D4
:1075A000D3F80024164C17492A43C3F80024D4F812
:1075B0004025026001224FF40030C3F818259A607C
:1075C000C1F88000BFF34F8FBFF36F8F0E4C03F5F0
:1075D00088334FF0A0454FF480304FF0FF31C3F8AF
:1075E0004803C3F808035A609A60C5F80815C4F840
:1075F000081530BC704700BFC4840020C884002038
:1076000000A0004000E100E00003005008B54E205B
:10761000FFF796FF2F281BD83C4B53F820301F2B29
:1076200086BF03F01F033A4A4FF0A0420E290FD83D
:10763000DFE801F0655F59534D474039322B241D77
:10764000160F080003F5E07340F2037142F82310AF
:10765000704703F5E07340F2036142F8231070476E
:1076600003F5E07340F2035142F82310704703F52D
:10767000E07340F2034142F82310704703F5E073D2
:1076800040F2033142F82310704703F5E07340F2F3
:10769000032142F82310704703F5E07340F2031111
:1076A00042F82310704703F5E0734FF4403142F87D
:1076B0002310704703F5E0734FF4003142F82310B4
:1076C000704703F5E073134942F82310704703F540
:1076D000E073114942F82310704703F5E073042169
:1076E00042F82310704703F5E0730C2142F8231091
:1076F000704703F5E073032142F82310704703F548
:10770000E073002142F82310704700BF98B90300CE
:1077100000030050040002000C0003002F2811D8C1
:107720000A4B53F820301F2B88BF03F01F034FF084
:1077300001028CBF06484FF0A04002FA03F311B1DA
:10774000C0F808357047C0F80C35704798B9030089
:10775000000300502F2818D80D4B53F820201F2A63
:107760008ABF0C494FF0A04102F01F02D1F8140566
:1077700001239340034214BFD1F80425D1F810250A
:10778000134214BF0120002070470020704700BF43
:1077900098B90300000300502F280DD8074B53F869
:1077A00020201F2A86BF02F01F0205494FF0A0418A
:1077B00001239340C1F80835704700BF98B9030012
:1077C0000003005030B401600022BFF35B8F4260C1
:1077D000BFF35B8F01688260FF254FF0FF340582A5
:1077E000C2608274C1F8644530BC7047214B5B684D
:1077F00009B90020704710B4BFF35B8F4368BFF333
:107800005B8F994200F1040416D0BFF35B8F43688D
:10781000BFF35B8F83B90368D3F86025D3F86405A1
:10782000D2430028D3F868054FEAD272A8BF0132CC
:10783000002805DBD3F86C3500205DF8044B704759
:10784000D3F86C050028F7DA002AF5D1D3F8003513
:10785000002BF1D1BFF35B8F54E8003F002B03D125
:1078600044E80012002AF7D1BFF35B8F0CBF012060
:107870000020E2E700ED00E01F4B5B6809B9002043
:10788000704710B4BFF35B8F4368BFF35B8F8B42CD
:1078900000F1040403D000205DF8044B7047036836
:1078A000D3F86025D3F86405D2430028D3F86805DF
:1078B0004FEAD272A8BF0132002802DBD3F86C3540
:1078C000E9E7D3F86C050028E5DA002AE3D1D3F81C
:1078D0000035002BDFD1BFF35B8F54E8003F8B42B4
:1078E00003D144E800200028F7D1BFF35B8F0CBF21
:1078F00001200020D0E700BF00ED00E008B50949F5
:107900000948FFF75FFF09490948FFF75BFF09498D
:107910000948FFF757FF09490948BDE80840FFF744
:1079200051BF00BF00C00140CC84002000100240C5
:10793000E084002000200240F484002000D00240B7
:107940000885002000F108034FF0FF31002281601C
:1079500002604360C0E90333704700BF0023036146
:10796000704700BF4368026810B49C688C609C68D4
:107970004B600132616099605DF8044B0861026000
:10798000704700BF30B40D686B1C11D000F10802C5
:1079900000E01A4653681C68AC42FAD904684B6090
:1079A000013499608A6051600861046030BC70479E
:1079B00002695368F2E700BF42688168036910B446
:1079C000916081685C684A601A68844208BF5960A7
:1079D000013A002101611A6018685DF8044B704794
:1079E0000B460146184600F0F1BE000010EE102ACA
:1079F00022F00041CB0D7F3B162B1CDC002B10EE40
:107A0000100A21DB194919410A421CD0DFED187A0E
:107A100070EE277AF5EEC07AF1EE10FA13DD002A47
:107A200004DD4FF4000242FA03F3184420EA010394
:107A300000EE103A7047B1F1FF4F04D330EE000A68
:107A400070479FED0C0A7047DFED097A70EE277AD8
:107A5000F5EEC07AF1EE10FAF5DD002AF1DB00292F
:107A6000F7EE007A18BFB0EE670A7047FFFF7F009D
:107A7000CAF249710000008010EE102A22F0004185
:107A8000CB0D7F3B162B1CDC002B10EE100A1EDBEF
:107A9000194919410A4227D0DFED187A70EE277A8A
:107AA000F5EEC07AF1EE10FA1EDD002A04DA4FF48A
:107AB000000242FA03F3184420EA010300EE103AF0
:107AC0007047B1F1FF4F0FD330EE000A7047DFED82
:107AD0000B7A70EE277AF5EEC07AF1EE10FA03DD3C
:107AE000002A02DB9FED060A70470029FFEE007AAC
:107AF00018BFB0EE670A7047FFFF7F00CAF24971F6
:107B00000000000081F0004102E000BF83F000436C
:107B100030B54FEA41044FEA430594EA050F08BF28
:107B200090EA020F1FBF54EA000C55EA020C7FEAEC
:107B3000645C7FEA655C00F0E2804FEA5454D4EB69
:107B40005555B8BF6D420CDD2C4480EA020281EA33
:107B5000030382EA000083EA010180EA020281EA6B
:107B60000303362D88BF30BD11F0004F4FEA0131BD
:107B70004FF4801C4CEA113102D0404261EB4101CC
:107B800013F0004F4FEA03334CEA133302D0524252
:107B900063EB430394EA050F00F0A780A4F101040E
:107BA000D5F1200E0DDB02FA0EFC22FA05F2801848
:107BB00041F1000103FA0EF2801843FA05F359412E
:107BC0000EE0A5F120050EF1200E012A03FA0EFCAD
:107BD00028BF4CF0020C43FA05F3C01851EBE371D7
:107BE00001F0004507D54FF0000EDCF1000C7EEBF4
:107BF00000006EEB0101B1F5801F1BD3B1F5001F32
:107C00000CD349085FEA30004FEA3C0C04F1010450
:107C10004FEA445212F5800F80F09A80BCF1004F79
:107C200008BF5FEA500C50F1000041EB045141EAFB
:107C3000050130BD5FEA4C0C404141EB010111F4FC
:107C4000801FA4F10104E9D191F0000F04BF0146A7
:107C50000020B1FA81F308BF2033A3F10B03B3F185
:107C600020020CDA0C3208DD02F1140CC2F10C0215
:107C700001FA0CF021FA02F10CE002F11402D8BF73
:107C8000C2F1200C01FA02F120FA0CFCDCBF41EA3F
:107C90000C019040E41AA2BF01EB0451294330BD0E
:107CA0006FEA04041F3C1CDA0C340EDC04F11404EB
:107CB000C4F1200220FA04F001FA02F340EA0300C2
:107CC00021FA04F345EA030130BDC4F10C04C4F108
:107CD000200220FA02F001FA04F340EA03002946E8
:107CE00030BD21FA04F0294630BD94F0000F83F432
:107CF000801306BF81F480110134013D4EE77FEA15
:107D0000645C18BF7FEA655C29D094EA050F08BF60
:107D100090EA020F05D054EA000C04BF1946104641
:107D200030BD91EA030F1EBF0021002030BD5FEA85
:107D3000545C05D14000494128BF41F0004130BDAD
:107D400014F580043CBF01F5801130BD01F0004501
:107D500045F0FE4141F470014FF0000030BD7FEA74
:107D6000645C1ABF194610467FEA655C1CBF0B466F
:107D7000024650EA013406BF52EA033591EA030F86
:107D800041F4002130BD00BF90F0000F04BF00217E
:107D9000704730B54FF4806404F132044FF00005B1
:107DA0004FF0000150E700BF90F0000F04BF00212A
:107DB000704730B54FF4806404F1320410F0004590
:107DC00048BF40424FF000013EE700BF42004FEA8B
:107DD000E2014FEA31014FEA02701FBF12F07F4308
:107DE00093F07F4F81F06051704732F07F4208BFBF
:107DF000704793F07F4F04BF41F40021704730B5C6
:107E00004FF4607401F0004521F000411CE700BF11
:107E100050EA010208BF704730B54FF000050AE094
:107E200050EA010208BF704730B511F0004502D595
:107E3000404261EB41014FF4806404F132045FEA97
:107E4000915C3FF4D8AE4FF003025FEADC0C18BF40
:107E500003325FEADC0C18BF033202EBDC02C2F132
:107E6000200300FA03FC20FA02F001FA03FE40EAC4
:107E70000E0021FA02F11444BDE600BF70B54FF0C8
:107E8000FF0C4CF4E06C1CEA11541DBF1CEA1355A6
:107E900094EA0C0F95EA0C0F00F0DEF82C4481EA0E
:107EA000030621EA4C5123EA4C5350EA013518BF2E
:107EB00052EA033541F4801143F4801338D0A0FB1B
:107EC00002CE4FF00005E1FB02E506F00042E0FBC8
:107ED00003E54FF00006E1FB03569CF0000F18BFCE
:107EE0004EF0010EA4F1FF04B6F5007F64F5407476
:107EF00004D25FEA4E0E6D4146EB060642EAC62109
:107F000041EA55514FEAC52040EA5E504FEACE2E75
:107F1000B4F1FD0C88BFBCF5E06F1ED8BEF1004F78
:107F200008BF5FEA500E50F1000041EB045170BDF4
:107F300006F0004646EA010140EA020081EA030138
:107F4000B4EB5C04C2BFD4EB0C0541EA045170BD34
:107F500041F480114FF0000E013C00F3AB8014F1AE
:107F6000360FDEBF002001F0004170BDC4F10004F7
:107F7000203C35DA0C341BDC04F11404C4F1200578
:107F800000FA05F320FA04F001FA05F240EA0200D3
:107F900001F0004221F0004110EBD37021FA04F609
:107FA00042EB06015EEA430E08BF20EAD37070BDC3
:107FB000C4F10C04C4F1200500FA04F320FA05F022
:107FC00001FA04F240EA020001F0004110EBD37024
:107FD00041F100015EEA430E08BF20EAD37070BD94
:107FE000C4F1200500FA05F24EEA020E20FA04F36D
:107FF00001FA05F243EA020321FA04F001F000411C
:1080000021FA04F220EA020000EBD3705EEA430E8C
:1080100008BF20EAD37070BD94F0000F0FD101F0BB
:108020000046400041EB010111F4801F08BF013CF4
:10803000F7D041EA060195F0000F18BF704703F032
:108040000046520043EB030313F4801F08BF013DB9
:10805000F7D043EA0603704794EA0C0F0CEA135575
:1080600018BF95EA0C0F0CD050EA410618BF52EA2F
:108070004306D1D181EA030101F000414FF0000035
:1080800070BD50EA410606BF1046194652EA430643
:1080900019D094EA0C0F02D150EA013613D195EAB7
:1080A0000C0F05D152EA03361CBF104619460AD1FF
:1080B00081EA030101F0004141F0FE4141F4700109
:1080C0004FF0000070BD41F0FE4141F4780170BDF9
:1080D00070B54FF0FF0C4CF4E06C1CEA11541DBF5E
:1080E0001CEA135594EA0C0F95EA0C0F00F0A7F860
:1080F000A4EB050481EA030E52EA03354FEA01318D
:1081000000F088804FEA03334FF0805545EA13139F
:1081100043EA12634FEA022245EA111545EA106567
:108120004FEA00260EF000419D4208BF964244F1FE
:10813000FD0404F5407402D25B084FEA3202B61A1D
:1081400065EB03055B084FEA32024FF480104FF4F1
:10815000002CB6EB020E75EB030E22BFB61A754665
:1081600040EA0C005B084FEA3202B6EB020E75EBF8
:10817000030E22BFB61A754640EA5C005B084FEA60
:108180003202B6EB020E75EB030E22BFB61A75462D
:1081900040EA9C005B084FEA3202B6EB020E75EB38
:1081A000030E22BFB61A754640EADC0055EA060EF9
:1081B00018D04FEA051545EA16754FEA06164FEA3C
:1081C000C30343EA52734FEAC2025FEA1C1CC0D1E8
:1081D00011F4801F0BD141EA00014FF000004FF075
:1081E000004CB6E711F4801F04BF01430020B4F136
:1081F000FD0C88BFBCF5E06F3FF6AFAEB5EB030CEE
:1082000004BFB6EB020C5FEA500C50F1000041EBEA
:10821000045170BD0EF0004E4EEA113114EB5C04B7
:10822000C2BFD4EB0C0541EA045170BD41F480118A
:108230004FF0000E013C90E645EA060E8DE60CEA92
:10824000135594EA0C0F08BF95EA0C0F3FF43BAFAF
:1082500094EA0C0F0AD150EA01347FF434AF95EA66
:108260000C0F7FF425AF104619462CE795EA0C0F4A
:1082700006D152EA03353FF4FDAE1046194622E717
:1082800050EA410618BF52EA43067FF4C5AE50EAF1
:1082900041047FF40DAF52EA43057FF4EBAE12E7E1
:1082A0004FF0FF3C06E000BF4FF0010C02E000BFC2
:1082B0004FF0010C4DF804CD4FEA410C7FEA6C5CA5
:1082C0004FEA430C18BF7FEA6C5C1BD001B050EA48
:1082D000410C0CBF52EA430C91EA030F02BF90EA33
:1082E000020F0020704710F1000F91EA030F58BFF2
:1082F000994208BF90422CBFD8176FEAE37040F054
:10830000010070474FEA410C7FEA6C5C02D150EAF1
:10831000013C07D14FEA430C7FEA6C5CD6D152EAAC
:10832000033CD3D05DF8040B704700BF8446104671
:1083300062468C461946634600E000BF01B5FFF770
:10834000B7FF002848BF10F1000F01BD4DF808ED40
:10835000FFF7F4FF0CBF012000205DF808FB00BF11
:108360004DF808EDFFF7EAFF34BF012000205DF86B
:1083700008FB00BF4DF808EDFFF7E0FF94BF0120B8
:1083800000205DF808FB00BF4DF808EDFFF7CEFFB9
:1083900094BF012000205DF808FB00BF4DF808EDF8
:1083A000FFF7C4FF34BF012000205DF808FB00BFC9
:1083B0004A0011D212F5001211D20DD56FF4787364
:1083C000B3EB62520ED44FEAC12343F0004343EAB9
:1083D000505323FA02F070474FF00000704750EA04
:1083E000013002D14FF0FF3070474FF0000070476E
:1083F0004FEA4102B2F1E04324BFB3F5001CDCF1C7
:10840000FE5C0DD901F0004C4FEAC0024CEA5070FE
:10841000B2F1004F40EB830008BF20F0010070472D
:1084200011F0804F21D113F13872BCBF01F0004030
:10843000704741F480114FEA5252C2F11802C2F162
:10844000200C10FA0CF320FA02F018BF40F00100E3
:108450004FEAC1234FEAD32303FA0CFC40EA0C0095
:1084600023FA02F34FEA4303CCE77FEA625307D1D2
:1084700050EA01331EBF4FF0FE4040F44000704709
:1084800001F0004040F0FE4040F40000704700BFA3
:1084900053B94AB9002908BF00281CBF4FF0FF316B
:1084A0004FF0FF3000F072B9ADF1080C6DE904CE69
:1084B00000F006F8DDF804E0DDE9022304B07047BF
:1084C0002DE9F047089E04468846002B4BD18A428E
:1084D000154667D9B2FA82F24AB1C2F1200701FA11
:1084E00002F320FA07F7954047EA030894404FEA61
:1084F000154E230CB8FBFEF71FFA85FC0EFB178800
:1085000043EA084307FB0CF1994209D9EB1807F13C
:10851000FF3080F01B81994240F21881023F2B44CA
:108520005B1AA4B2B3FBFEF00EFB103344EA034423
:1085300000FB0CFCA44509D92C1900F1FF3380F095
:108540000781A44540F2048102382C4440EA0740E8
:10855000A4EB0C0400271EB1D4400023C6E900435D
:108560003946BDE8F0878B4209D9002E00F0EB8038
:108570000027C6E9000138463946BDE8F087B3FA5E
:1085800083F7002F47D18B4202D3824200F2FA8058
:10859000841A61EB030301209846002EE0D0C6E95F
:1085A0000048DDE702B9FFDEB2FA82F2002A40F0AD
:1085B0008F80491B4FEA154E1FFA85F80127B1FB42
:1085C000FEFC230C0EFB1C1143EA014308FB0CF1DB
:1085D000994207D9EB180CF1FF3002D2994200F210
:1085E000CD808446591AA3B2B1FBFEF00EFB1014E5
:1085F00043EA044408FB00F8A04507D92C1900F110
:10860000FF3302D2A04500F2B6801846A4EB08045E
:1086100040EA0C409FE7C7F1200CBB4022FA0CFE59
:108620004EEA030E01FA07F420FA0CF521FA0CF3D6
:108630004FEA1E482543B3FBF8F92C0C08FB19330D
:108640001FFA8EFA44EA034309FB0AF49C4202FA39
:1086500007F200FA07F10BD91EEB030309F1FF3013
:1086600080F087809C4240F28480A9F10209734423
:108670001B1BADB2B3FBF8F008FB103345EA034413
:1086800000FB0AFAA24508D91EEB040400F1FF33EF
:108690006BD2A24569D90238744440EA0940A0FB74
:1086A0000289A4EB0A044C45C2464B4654D351D030
:1086B000002E69D0B1EB0A0564EB030404FA0CFC4C
:1086C000FD40FC404CEA0505C6E90054002747E799
:1086D000C2F1200320FA03F7954001FA02F021FAD3
:1086E00003F34FEA154E3843010CB3FBFEF71FFAB4
:1086F00085F80EFB173341EA034107FB08F38B4271
:1087000004FA02F407D9691807F1FF3C2FD28B4213
:108710002DD9023F2944CB1A81B2B3FBFEF00EFBE8
:10872000103341EA034100FB08F38B4207D9691873
:1087300000F1FF3C17D28B4215D902382944C91ADF
:1087400040EA07473BE73746304609E70746E7E692
:108750001846FBE64145ABD2B8EB020A69EB0E02C4
:1087600001381346A4E76046E9E7184695E76746EF
:10877000D1E781467CE702382C4447E7ACF1020C94
:108780002B442FE7384608E73746E9E6704700BF35
:108790001FB51C46094B1B680546D86852B1084BEB
:1087A0000091CDE9013207492B46224600F036F808
:1087B00001F000F8044B1A46F2E700BF9461002074
:1087C00080BA03008DBA0300BBBA030010B5054C94
:1087D00013462CB10A4601460220AFF3008010BDBB
:1087E0002046FCE700000000014B1868704700BFFE
:1087F0009461002008B5074B044613B10021AFF384
:108800000080054B1868836A03B19847204602F040
:10881000A3FC00BF00000000BCBA03000EB403B507
:10882000014603AB054853F8042B0068019300F0A0
:1088300059F902B05DF804EB03B070479461002071
:1088400070B50D4E0D4CA41BA4100025A54209D1F6
:108850000B4E0C4C02F082FCA41BA4100025A54278
:1088600005D170BD56F8253098470135EEE756F82A
:10887000253098470135F2E76463002064630020E7
:108880006463002088630020024B0146186800F0F2
:10889000A5B800BF94610020024B0146186800F0A3
:1088A0004FB800BF9461002082B001B901A942B164
:1088B0004BB113780B601278101C18BF012002B066
:1088C00070471046FBE76FF00100F8E710B5431E54
:1088D0000A44914200D110BD11F8014B03F8014F39
:1088E000F7E7884210B501EB020307D8421E994210
:1088F0000AD011F8014B02F8014FF8E78342F5D98D
:108900008118D21AD34200D110BD13F8014D01F8DD
:10891000014DF7E702440346934200D1704703F844
:10892000011BF9E738B502FB01F4214600F056F8C7
:10893000054618B122460021FFF7ECFF284638BD56
:1089400038B50546002945D051F8043C0C1F002BD2
:10895000B8BFE41801F0BCFF1F4A1368104633B9D2
:10896000636014602846BDE8384001F0B2BFA342FE
:108970000CD921686218934204BF1A685B6863606F
:1089800004BF521822600460ECE713465A680AB12B
:10899000A242FAD919685818A0420BD120680144A4
:1089A000581882421960DDD1106852685A6001443B
:1089B0001960D7E702D90C232B60D3E72068211870
:1089C0008A4204BF11685268626004BF09182160BE
:1089D0005C60C7E738BD00BF1C85002070B5CD1CAA
:1089E00025F0030508350C2D38BF0C25002D064653
:1089F00001DBA94203D90C233360002070BD01F0D4
:108A000067FF214A1468214691B9204C23681BB99D
:108A1000304600F0D7FD20602946304600F0D2FDF8
:108A2000431C24D10C233360304601F052FFE4E7AD
:108A30000B685B1B18D40B2B0FD90B60CD50CC18D7
:108A4000304601F046FF04F10B00231D20F0070023
:108A5000C31AD3D05A42E250D0E78C424B6816BFBB
:108A6000636013600C46EBE70C464968CCE7C41C16
:108A700024F00304A04205D0211A304600F0A2FDE4
:108A80000130CFD02560DBE71C8500202085002049
:108A90009368013B002B10B4936008DA9469A342F9
:108AA00001DB0A2903D15DF8044B00F0B5BD136862
:108AB000581C1060197008465DF8044B7047F8B5F3
:108AC00006460F461446D518AC4201D1002007E0F7
:108AD0003A4614F8011B3046FFF7DAFF431CF3D186
:108AE000F8BD00002DE9F04F9DB00C4617460393EA
:108AF000064618B183690BB901F09AFD7B4B9C4285
:108B000057D17468A38918075DD52369002B5AD003
:108B10000023099320238DF8293030238DF82A3043
:108B20004FF0010BB846454615F8013B0BB1252B1C
:108B300054D1B8EB070A0BD053463A46214630468B
:108B4000FFF7BDFF013000F0C280099B5344099339
:108B500098F80030002B00F0BA8000234FF0FF326D
:108B6000CDE90523049307938DF853301A93A84653
:108B7000052218F8011B5E4801F05AFE049B78BBE1
:108B8000D90644BF20228DF853201A0744BF2B2258
:108B90008DF853202A782A2A2AD0079AA84600203E
:108BA0000A25414611F8013B303B092B69D960B3D6
:108BB00024E0504B9C4201D1B468A3E74E4B9C4249
:108BC00008BFF4689EE72146304600F085FD002886
:108BD0009ED04FF0FF301DB0BDE8F08FA846A2E751
:108BE000434A801A0BFA00F0184304904546BEE74A
:108BF000039A111D12680391002A01DB079204E019
:108C0000524243F002030792049398F800302E2B4F
:108C10000ED198F801302A2B38D1039B1A1D1B68FE
:108C20000392002BB8BF4FF0FF3308F10208059301
:108C3000324D98F800100322284601F0F9FD40B1AA
:108C40004023401B03FA00F0049B034308F1010892
:108C5000049398F800102A488DF82810062208F18D
:108C6000010701F0E5FD002837D0264B1BBB039B15
:108C7000073323F0070308330393099B4B440993FD
:108C800050E705FB0232012088468AE7002308F1FD
:108C90000108059319460A25404610F8012B303A81
:108CA000092A03D9002BC3D00591C1E705FB012197
:108CB00001238046F0E703AB00932246124B04A940
:108CC000304600F0B7F8B0F1FF3F8146D5D1A38917
:108CD0005B063FF57EAF09987DE703AB0093224624
:108CE000094B04A9304600F05BFBECE740BC0300F5
:108CF000CABA030060BC030020BC0300D0BA030062
:108D0000D4BA0300358E0300BF8A03002DE9FF4764
:108D100055EC104B0D9FDDF830A0002D0E4691460E
:108D20001946B8BF22462B4627F02007BBBF05F1E6
:108D300000431D4600232D23B8BF1446462F0B7059
:108D400004D0452F00D10136022100E0032103ABFE
:108D5000019302AB00933246534645EC104B00F0B2
:108D6000BFFD472F804602D119F0010F26D0462FB4
:108D700008EB060911D198F80030302B0AD10022F7
:108D8000002320462946FFF7E1FA18B9C6F101068B
:108D9000CAF80060DAF80030994400220023204627
:108DA0002946FFF7D3FA38B93022039B4B4505D249
:108DB000591C03911A70F8E7CDF80C90039B0E9A9A
:108DC000A3EB08034046136004B0BDE8F087F7B595
:108DD00000290446BABF49422D232B23092904F850
:108DE000022B437020DD0DF107031F460A2691FB7D
:108DF000F6F506FB15113031092D03F8011C03F1BE
:108E0000FF32294609DC3031023B02F8011CBB422B
:108E1000224604D3101A03B0F0BD1346E7E713F857
:108E2000012B04F8012BF2E7302319448370021D53
:108E3000C170EFE72DE9F04F8DB00C46DDF858809A
:108E400016461F46054601F07DFC0368049318464C
:108E500000F0C8FB00230A93D8F8003005900733D0
:108E600023F0070303F1080294F818A0D4F800B027
:108E7000C8F80020D3E90023C4E91223D4E91289F9
:108E800029F000430793CDF818804FF0FF32A74B2D
:108E9000DDE9060102F0EAF870BB4FF0FF32A34BA8
:108EA000DDE90601FFF766FA30BB002200234046E9
:108EB0004946FFF755FA10B12D2384F843309C4AF8
:108EC0009C4BBAF1470F8CBF9046984603232BF07A
:108ED0000402236122604FF00009009733460BAA79
:108EE0002146284600F0E6F9013040F08D804FF031
:108EF000FF300DB0BDE8F08F42464B464046494634
:108F000002F0B4F810B18C4A8C4BDAE761684B1C64
:108F10004BF480620AA83ED1062363600023CDE9AA
:108F2000020309AB009349EC108B0DF1230322607F
:108F3000CDF804A061682846FFF7E8FE0AF0DF03D9
:108F4000472B804609D1099BD81C02DB62689342FB
:108F500047DDAAF1020A5FFA8AFABAF1650F0999A8
:108F600024D80139524604F150000991FFF72FFF30
:108F70000A9A1318012A8146236102DC2268D1076C
:108F800001D5013323619DF82330002BA5D02D237B
:108F900084F84330A1E7BAF1670F00F07781BAF1A6
:108FA000470FBBD10029B9D10123B6E7BAF1660F4B
:108FB00019D1002963680CDD216113B92268D20739
:108FC00002D501330B442361099BA3654FF00009CF
:108FD000D9E713B92268D00701D50233F3E701239B
:108FE000F1E74FF0670ADDE90932934205DB2268B9
:108FF0002361D107E8D50133E5E7002BD4BFC3F1E6
:10900000020301231344DEE723685A0507D42369CA
:10901000424631462846B84701302BD167E7BAF1BE
:10902000650F40F2DC8000220023D4E91201FFF733
:109030008DF9002833D00123414A31462846B847EC
:1090400001303FF454AFDDE909239A4202DB236883
:10905000D8070FD5DDE9042331462846B84701304B
:109060003FF445AF4FF0000804F11A090A9B013B99
:10907000434509DC23689B0700F10381E0680B9BF3
:109080009842B8BF184634E701234A46314628467D
:10909000B84701303FF42BAF08F10108E6E7099B20
:1090A000002B2BDC0123264A31462846B8470130E5
:1090B0003FF41DAF099B23B90A9B13B92368D90755
:1090C000D8D5DDE9042331462846B84701303FF4BE
:1090D0000EAF4FF0000904F11A0A099B5B424B45A1
:1090E00001DC0A9B94E70123524631462846B847E3
:1090F00001303FF4FCAE09F10109EEE70A9AA36DD5
:109100009A42A8BF1A46002A914607DD1346314607
:1091100042462846B84701303FF4E9AE04F11A034D
:109120004FF0000B29EAE979069315E0FFFFEF7F86
:10913000DFBA0300DBBA0300E7BA0300E3BA0300B7
:10914000EBBA03000123069A31462846B84701309E
:109150003FF4CDAE0BF1010BD4F858A0AAEB0903F4
:109160005B45EFDCDDE909239A42D04415DB236837
:10917000DA0712D40A9B0999A3EB0A02A3EB010AAE
:109180009245A8BF9246BAF1000F0EDC4FF00008DE
:109190002AEAEA7A04F11A0919E0DDE904233146E2
:1091A0002846B8470130E5D1A1E65346424631464C
:1091B0002846B8470130E9D199E601234A463146AD
:1091C0002846B84701303FF492AE08F10108DDE9C6
:1091D00009239B1AA3EB0A034345EEDC4AE70A9AEC
:1091E000012A01DCDB073AD50123424631462846F5
:1091F000B84701303FF47BAEDDE904233146284611
:10920000B847013008F101083FF471AE0A9B002213
:1092100003F1FF3AD4E912010023FFF797F8C8B928
:109220005346424631462846B84701300ED15EE6E5
:109230000123524631462846B84701303FF457AE25
:1092400008F101080A9B013B4345F1DC4B4604F160
:109250005002DEE64FF0000804F11A0AF2E701239B
:10926000DFE701234A4631462846B84701303FF43C
:109270003EAE08F10108E3680B9A9B1A4345F0DC07
:10928000FCE64FF0000804F11909F4E700293FF467
:109290008BAE0023CDE9020309AB009349EC108BA0
:1092A0002260CDF804A00DF123032846FFF72EFD20
:1092B000804648E62DE9F04791461F468A680B69CB
:1092C000DDF820809342B8BF1346C9F8003091F80A
:1092D000432006460C4612B10133C9F8003023681A
:1092E000990642BFD9F800300233C9F8003025682A
:1092F00015F0060507D104F1190AE368D9F8002032
:109300009B1AAB4228DC94F843302268003318BF24
:10931000012392062DD404F1430239463046C0475A
:10932000013020D02368E568D9F8002003F0060357
:10933000042B08BFAD1AA36822690CBF25EAE575A6
:1093400000259342C4BF9B1AED184FF000091A3450
:109350004D451AD1002008E00123524639463046D7
:10936000C047013003D14FF0FF30BDE8F087013531
:10937000C3E7E1185A1C302081F84300224494F8D6
:10938000451082F843100233C5E7012322463946CF
:109390003046C0470130E6D009F10109D8E70000A6
:1093A0002DE9F04301F1430C0C46097E85B06E298E
:1093B0001746064698460C9A00F0B38022D86329D7
:1093C00036D00AD8002900F0B980582900F08380EF
:1093D00004F1420584F8421032E0642901D0692981
:1093E000F6D120681368050603F104012AD51B682D
:1093F0001160002B03DA2D225B4284F843206F4872
:109400000A2239E0732900F09D8008D86F2920D006
:109410007029DDD1236843F02003236003E0752920
:1094200017D07829D4D1782384F84530644855E0A2
:109430001368191D1B68116004F1420584F842305D
:1094400001238CE01B68116010F0400F18BF1BB2A5
:10945000CFE713682568181D1060280601D51B6822
:1094600002E06806FBD51B8854486F2914BF0A2206
:109470000822002184F843106568A560002DC0F221
:109480009580216821F004012160002B3DD1002D41
:1094900040F08E806546082A0BD12368DB0708D58B
:1094A000236962689A42DEBF302305F8013C05F16A
:1094B000FF35ACEB05032361CDF800803B4603AAE2
:1094C00021463046FFF7F6FE01304DD14FF0FF3018
:1094D00005B0BDE8F083394884F845101368216869
:1094E0001D1D1B6815600A060BD5CA0744BF41F055
:1094F000200121601BB9226822F020022260102284
:10950000B7E74D0648BF9BB2EFE76546B3FBF2F104
:1095100002FB1133C35C05F8013D0B460029F5D170
:10952000B9E7136825686169181D106028061B6873
:1095300001D5196002E06A06FBD51980002323617A
:109540006546B9E71368191D11601D68626800213E
:10955000284601F06DF908B1401B60606368236123
:10956000002384F84330A7E723692A46394630466A
:10957000C0470130AAD023689B0713D4E068039B3F
:109580009842B8BF1846A3E701234A4639463046F9
:10959000C04701309AD00135E368039A9B1AAB4269
:1095A000F2DCEBE7002504F11909F5E7002BACD15B
:1095B000037884F8423004F142056CE7EDBA030009
:1095C000FEBA030038B5064C002305460846236062
:1095D000FDF766F9431C02D1236803B12B6038BD47
:1095E00044850020034613F8012B002AFBD1181AEA
:1095F0000138704710B56AB10139841810F8013B81
:1096000011F8012F934203D1A04201D0002BF5D1D4
:10961000981A10BD1046FCE7F8B50E4614460546EC
:1096200018B183690BB901F003F8214B9C422AD190
:109630006C68A369A360A3891A072ED5236963B355
:1096400023692068C01A6369F6B28342374604DC96
:109650002146284600F082FF28BBA368013BA36097
:1096600023685A1C22601E7063690130834204D053
:10967000A389DB0719D50A2E17D12146284600F009
:109680006DFF90B10FE00B4B9C4201D1AC68D0E76D
:10969000094B9C4208BFEC68CBE72146284600F006
:1096A0001BF80028CCD04FF0FF373846F8BD00BF7C
:1096B00040BC030060BC030020BC030049B1FF2A8A
:1096C00085BF8A2303600A704FF0FF3098BF0120E6
:1096D0007047084670470000324B70B51D6806465B
:1096E0000C4625B1AB6913B9284600F0A1FF2E4BFB
:1096F0009C420FD16C68B4F90C309AB215072CD487
:10970000D00611D40922326043F04003A3814FF008
:10971000FF303EE0254B9C4201D1AC68EBE7244B87
:109720009C4208BFEC68E6E7510712D5616B41B176
:1097300004F14403994202D03046FFF701F90023B7
:109740006363A38923F02403A38100236360236957
:109750002360A38943F00803A38123694BB9A3893C
:1097600003F42073B3F5007F03D02146304601F0A7
:109770001BF8A28912F001030CD00023A3606369D7
:109780005B42A361236953B9B4F90C3013F0800034
:10979000BAD170BD920758BF6369A360F2E7002099
:1097A000F7E700BF9461002040BC030060BC0300E9
:1097B00020BC030008B5062001F090FB012001F059
:1097C000CBFC2DE9F74F03690C69A3428046C0F238
:1097D0008280013C01F114074FEA840C00F1140669
:1097E00057F8245056F8240006EB0C03013507EB1C
:1097F0000C090193B0FBF5F595B34FF0000A38461C
:10980000B646D34650F8042B93B205FB03A34FEAA8
:10981000134A9BB2ABEB0303120CDEF800B005FB5E
:1098200002A213FA8BF34FEA124A1FFA82FBDEF808
:109830000020CBEB124202EB23429BB243EA0243ED
:1098400081454FEA224B4EF8043BDBD256F80C30F0
:1098500033B9019B043B9E421A4630D3C8F81040EE
:10986000404601F04DFA002825DB013530464FF027
:10987000000C57F8042BD0F800E093B2ACEB0303D4
:10988000120C13FA8EF3C2EB1E4202EB23429BB280
:1098900043EA0243B9454FEA224C40F8043BE8D280
:1098A00056F8242006EB84032AB9043B9E421A464C
:1098B0000BD3C8F81040284603B0BDE8F08F1268FB
:1098C000043B002ACAD1013CC5E71268043B002AC8
:1098D000EFD1013CEAE70020EEE7000000000000C5
:1098E0002DE9F04F57EC106B97B0456A069104468E
:1098F0000B921293DDF88080CDE900673DB910200E
:10990000FAF74AFD6062C0E901550560C560636A07
:10991000196851B15A684A60012393408B60204610
:1099200001F00CF8636A00221A603B1EBBBF23F0F3
:109930000043019300230122ACBFC8F80030C8F8EF
:109940000020AF4BDDF8048033EA080314D1129AEB
:1099500042F20F731360009B23B9C8F31300002871
:1099600000F04285219BDFF8ACB2002B00F044856B
:109970000BF1030300F03EBDDDE900670022002388
:1099800030463946FEF7E2FC814668B1129A01235F
:109990001360219B002B00F024859A4B219A03F140
:1099A000FF3B136000F028BD14AA15A947EC106B0B
:1099B000204601F01CFAC8F30A550490002D7CD013
:1099C000C7F3130343F07F5BB2464BF4401BA5F291
:1099D000FF35CDF84C9000228B4B50465946FEF790
:1099E00095F881A3D3E90023FEF748FA80A3D3E9D1
:1099F0000023FEF78DF8064628460F46FEF7D4F9F9
:109A00007DA3D3E90023FEF739FA02460B46304620
:109A10003946FEF77DF806460F4601F03DFB002271
:109A20008246002330463946FEF79AFC48B150463C
:109A3000FEF7BAF932463B46FEF788FC08B90AF150
:109A4000FF3ABAF1160F59D8704901EBCA01DDE9A6
:109A50000023D1E90001FEF7A1FC002850D00AF153
:109A6000FF3A00230F93149B5D1BB5F1010849BF1A
:109A7000C5F10103002305934FF0000858BF05937B
:109A8000BAF1000F3EDB0023D044CDF838A0079395
:109A9000069B092B00F29080052BC4BF043B069364
:109AA000069BA3F10203CCBF00250125032B00F286
:109AB0008F80DFE803F07D7F3171DDE914531D44B1
:109AC00005F23240202813DDC0F14000009B08FA67
:109AD00000F805F2124023FA00F048EA0000FEF711
:109AE00053F901238246A1F1F87B013D139372E7FC
:109AF000009BC0F1200003FA00F0F0E70123B1E77A
:109B00000F90B0E7059BA3EB0A030593CAF100038E
:109B1000079300230E93BBE701230A930B9B002BB3
:109B200059DD02939946666A00227260042202F1AE
:109B300014009842716853D9204600F0CBFE636A46
:109B40003060B9F10E0FD3F800B000F2E680002DBE
:109B500000F0E3809DED007BBAF1000F8DED107BEE
:109B600074DD2A4A0AF00F0302EBC30393ED007B76
:109B70004FEA2A16F0068DED087B65D5244BDDE90A
:109B80001001D3E90823FEF7A3FACDE9000106F09E
:109B90000F0603251E4F4CE001230A930B9B5344F1
:109BA00003F1010902934B46012BB8BF0123BAE729
:109BB0000023B2E70023F0E70125002306930A956E
:109BC0004FF0FF3302939946002212230B92AAE72B
:109BD00001230A93F4E70123029399461A46F5E715
:109BE000013171605200A2E761436F63A787D23FE2
:109BF000B3C8608B288AC63FFB799F501344D33F7C
:109C00000000F07FECBA03000000F83FA8BC03009E
:109C100080BC030019BC0300F10708D5DDE9080189
:109C2000D7E90023FEF72AF9CDE9080101357610BE
:109C30000837002EF0D1DDE90823DDE90001FEF749
:109C400047FACDE900011AE00225A3E700F0A08061
:109C5000CAF100069F4BA04F06F00F0203EBC203B0
:109C6000D3E90023DDE91001FEF708F9CDE9000191
:109C7000361100230225002E7FD1002BE1D10F9B4E
:109C8000002B00F08780DDE900670022934B30460F
:109C90003946FEF765FB00287CD0B9F1000F79D07A
:109CA000029B002B35DD0AF1FF3308933946002271
:109CB0008B4B3046FEF7E2F8CDE90001029F0135FB
:109CC0002846FEF771F8DDE90023FEF7D7F80022F9
:109CD000844BFDF71DFF0546A1F15076002F5DD1A5
:109CE0000022814BDDE90001FDF710FF2A463346D3
:109CF000CDE90001FEF752FB002840F088822A4699
:109D000006F10043DDE90001FEF72AFB002840F0E0
:109D10007C82DDE91023CDE90023159B002BC0F2E6
:109D20005081BAF10E0F00F34C816A4B03EBCA036A
:109D300093ED007B0B9B002B8DED027B80F2D88096
:109D4000B9F1000F00F3D48040F05E820022664B30
:109D500051EC170BFEF792F8DDE90023FEF714FB38
:109D60004F464E46002840F0348231230BF1010566
:109D70008BF800300AF1010A2FE2F20705D5D7E986
:109D80000023FEF77BF8013501237610083772E7D0
:109D9000022574E7CDF820A04F4691E74D4B03EB29
:109DA000C70353E902010A9B002B47D002460B462A
:109DB00000204E49FEF78CF92A463346FDF7A6FEF1
:109DC000CDE90C015D46DDE9000101F065F90646CB
:109DD000FDF7EAFF02460B46DDE90001FDF796FEBE
:109DE000303605F8016BDDE90C23CDE90001FEF703
:109DF000B7FA002863D1DDE9002300203749FDF7D9
:109E000085FEDDE90C23FEF7ABFA002840F0B780B1
:109E1000A5EB0B039F427FF77CAF0022304BDDE9BF
:109E20000C01FEF72BF80022CDE90C012C4BDDE9EB
:109E30000001FEF723F8CDE90001C4E72A463346C6
:109E4000FEF71CF8CDE90C010BEB07055E46DDE9DA
:109E5000000101F021F90746FDF7A6FF3037024661
:109E60000B46DDE90001FDF751FE06F8017BAE422D
:109E7000CDE900014FF0000226D11C4BDDE90C01B9
:109E8000FDF746FE02460B46DDE90001FEF786FAC5
:109E9000002874D1DDE90C2300201449FDF736FEBB
:109EA00002460B46DDE90001FEF75AFA00283FF4AE
:109EB00030AF15F8013C302B05F1FF3202D0DDF850
:109EC00020A04AE01546F4E7054BFDF7D7FFCDE9A2
:109ED0000001BCE7A8BC030080BC03000000F03F09
:109EE0000000244000001C40000014400000E03F3F
:109EF000DDE900675D46DDE9022330463946FEF7BD
:109F0000E7F801F0C9F88046FDF74EFFDDE90223CE
:109F1000FDF7B4FF02460B463046394608F13006DD
:109F2000FDF7F4FD05F8016BA5EB0B06B145024604
:109F30000B4639D1FDF7ECFDDDE9022306460F465D
:109F4000FEF72CFAC8B9DDE9022330463946FEF7A0
:109F5000FDF910B118F0010F0FD10499204600F05F
:109F6000EDFC0023129A2B700AF101031360219B70
:109F7000002B00F041821D603EE2CDF820A015F8D4
:109F8000012C392A05F1FF3308D19B450AD1089BE2
:109F90000133089330238BF800305B461A78013286
:109FA0001A708CE71D46EAE700229B4BFDF766FF1F
:109FB0000022002306460F46FEF7C8F900289AD073
:109FC000CBE70A9A002A00F08B80069A012A6EDC01
:109FD000139A002A67D003F23343079F059D059A21
:109FE00001211A4420460592984400F047FD064698
:109FF000002D0CDDB8F1000F09DD4545059A2B4613
:10A00000A8BF4346D21A0592ED1AA8EB0308079B96
:10A01000EBB10A9B002B67D08FB131463A46204600
:10A0200000F0CCFD049A01460646204600F02FFDC4
:10A0300004990890204600F081FC089B0493079B3C
:10A04000DA1B04D00499204600F0B8FD04900121E9
:10A05000204600F013FD0E9B0746002B00F0D08138
:10A060001A460146204600F0A9FD069B012B074633
:10A0700040DC009B002B39D1019BC3F31303002B61
:10A0800036D1019B23F000431B0D1B052BB1059B13
:10A090000133059308F10108012307930E9B002B60
:10A0A0002AD1012030E0149BC3F1360395E7079BCA
:10A0B00009F1FF37BB42BFBF079B0797FA1A0E9BF8
:10A0C000BBBF9B180E93DF1B0027B9F1000FB5BF74
:10A0D000059B059DA3EB09054B46B8BF00237EE712
:10A0E000079F059D0A9E83E7079AABE70023D4E705
:10A0F000009BD2E7002307933B6907EB83031869B2
:10A1000000F06EFCC0F12000404410F01F0047D06A
:10A11000C0F12003042B3BDD059BC0F11C00034470
:10A12000059305448044059B002B05DD1A460499E0
:10A13000204600F091FD0490B8F1000F05DD39468E
:10A140004246204600F088FD07460F9B53B3394630
:10A15000049800F0D5FD002824DA00230A2204998F
:10A16000204600F002FC0A9B04900AF1FF3A002B03
:10A1700000F04D81002331460A22204600F0F5FB15
:10A18000029B002B06464FDC069B022B4CDD11E0A8
:10A19000C9D0059A1C331A4405921D449844C2E75D
:10A1A0000346F6E7B9F1000F38DC069B022B35DDDC
:10A1B000CDF80890029B63B939460522204600F08D
:10A1C000D4FB01460746049800F09AFD00283FF7AB
:10A1D000CCAD0B9B5D466FEA030A4FF00009394690
:10A1E000204600F0ABFB002E3FF4B7AEB9F1000FF4
:10A1F00005D0B14503D04946204600F09FFB3146CB
:10A20000204600F09BFBA8E600273E46E1E7DDF88C
:10A2100020A03E46A9E500BF000024400A9BCDF8DF
:10A220000890002B00F0FA80002D05DD31462A460B
:10A23000204600F011FD0646079B002B4CD07168AC
:10A24000204600F047FB326902320546920006F1D3
:10A250000C010C30FEF73AFB01222946204600F0A3
:10A26000FBFC009BCDF814B003F00103B14607934B
:10A27000064639460498FFF7A4FA4946054600F118
:10A280003008049800F03CFD3246009039462046E4
:10A2900000F050FDC368024603BB014608900498D5
:10A2A00000F02EFD089A034611462046089300F060
:10A2B00045FB089BA3B9069A92B9079A82B9B8F1EF
:10A2C000390F29D0009B002B01DD05F13108059BDA
:10A2D0005D1C83F8008082E73046C2E70123E3E794
:10A2E000009A002A04DB25D1069A1ABB079A0ABBFA
:10A2F000002BECDD01220499204600F0ADFC39462C
:10A30000049000F0FDFC002803DCE0D118F0010F00
:10A31000DDD0B8F1390FD8D1059B059A5D1C3923E2
:10A32000137015F8013C392B05F1FF324FD0013382
:10A33000137054E7059A002B02F1010506DDB8F110
:10A34000390FE9D008F10108059BC2E7029A05F828
:10A35000018CA5EB0B03934221D000230A22049920
:10A36000204600F002FBB14504904FF000034FF08F
:10A370000A024946204605D100F0F7FA8146064612
:10A38000059576E700F0F1FA3146814600230A226E
:10A39000204600F0EAFA0646F2E74FF000090122F3
:10A3A0000499204600F058FC3946049000F0A8FCBF
:10A3B0000028B6DC02D118F0010FB2D115F8013C2B
:10A3C000302B05F1FF327FF40AAF1546F6E79345CF
:10A3D00005D131230AF1010A8BF80030FFE615465A
:10A3E0009FE7DFF864B007E0219BDFF860B01BB1A6
:10A3F0000BF10803219A1360584617B0BDE8F08F9F
:10A40000069B012B7FF735AE0E9B079349E6029B17
:10A41000002B03DC069B022B3FF7CCAE5D46394692
:10A420000498FFF7CEF900F1300805F8018B029A85
:10A43000A5EB0B039A42B0DD00230A2204992046C3
:10A4400000F093FA0490EAE7EBBA030010BC0300B3
:10A450008A892DE9F041054610070C4658D44B680F
:10A46000002B05DC0B6C002B02DC0020BDE8F0812A
:10A47000E66A002EF9D0002312F480522F68216A78
:10A480002B6032D0606DA3895A0705D56368C01A66
:10A49000636B0BB1236CC01A00230246E66A216A83
:10A4A0002846B047431CA38906D129681D2948D8EE
:10A4B000294ACA40D60744D500226260D9042269DD
:10A4C000226004D5421C01D12B6803B96065616B21
:10A4D0002F600029C9D004F14403994202D02846D4
:10A4E000FEF72EFA00206063C0E701232846B0473C
:10A4F000411CC8D12B68002BC5D01D2B01D0162BB9
:10A5000001D12F60B1E7A38943F04003A381ADE7F8
:10A510000F69002FA9D093070E6808BF4B690F6021
:10A5200018BF0023A6EB07088B60B8F1000F9CDD75
:10A5300043463A46216AA66A2846B047002806DC08
:10A54000A38943F04003A3814FF0FF308EE7074417
:10A55000A8EB0008E9E700BF0100402038B50B690F
:10A5600005460C46DBB118B183690BB900F060F801
:10A570000C4B9C4209D16C68B4F90C307BB121467C
:10A580002846BDE83840FFF763BF074B9C4201D126
:10A59000AC68F1E7054B9C4208BFEC68ECE7002093
:10A5A00038BD00BF40BC030060BC030020BC0300FA
:10A5B000002310B50446C0E90033836081814366FF
:10A5C000C281C0E904338361194608225C30FEF77A
:10A5D000A1F9054B6362054BA362054BE362054B92
:10A5E0002462236310BD00BF15AF030037AF030023
:10A5F0006FAF030093AF0300014900F085B800BFBF
:10A600005DA5030070B54A1E682555430E4605F149
:10A610007401FEF7E3F9044640B10021C0E90016D9
:10A620000C30A06005F16802FEF774F9204670BD99
:10A63000836910B5044633BBC0E912330365124B7E
:10A64000124A1B688262984204BF0123836100F0B2
:10A650001FF86060204600F01BF8A060204600F064
:10A6600017F80022E06004216068FFF7A1FF0122D3
:10A670000921A068FFF79CFF02221221E068FFF782
:10A6800097FF0123A36110BDBCBA0300F9A5030025
:10A69000F8B51B4B1E68B369074613B93046FFF780
:10A6A000C7FF4836D6E90134013B03D5336833B1DF
:10A6B0003668F7E7B4F90C506DB16834F4E704215B
:10A6C0003846FFF79FFF30600028F1D10C233B6034
:10A6D00004462046F8BD0B4B6566C4E90055A560ED
:10A6E000C4E90335C4E905550822294604F15C0094
:10A6F000FEF710F9C4E90D55C4E91255E9E700BFAA
:10A70000BCBA03000100FFFF2DE9F84380468946EB
:10A7100000F14804002614B93046BDE8F883D4E9B6
:10A720000175013F01D52468F5E7AB89012B07D9F5
:10A73000B5F90E30013303D029464046C8470643D9
:10A740006835EEE7044B1B68186A044B002808BF05
:10A750001846F030704700BF94610020F861002077
:10A7600070B50E46B1F90E10002996B014461D467C
:10A7700007DA00232B60B3891A0610D44FF48063E4
:10A780000EE06A4600F02CFC0028F2DB019A02F48D
:10A790007042A2F500535A425A412A60EEE7402324
:10A7A0000020236016B070BD8B8973B59D070646E7
:10A7B0000C4607D504F1470323602361012363613D
:10A7C00002B070BD01AB6A46FFF7CAFF00990546AB
:10A7D0003046FEF703F948B9B4F90C309A05EFD4C6
:10A7E00023F0030343F00203A381E3E70D4BB362BD
:10A7F000A389206043F08003A381009B6361019BD8
:10A8000020615BB1B4F90E10304600F0FBFB28B1BB
:10A81000A38923F0030343F00103A381A3891D430C
:10A82000A581CDE7F9A503000000000000000000AD
:10A8300001F0FF01102A2BDB10F0070F08D010F8F1
:10A84000013B013A8B422DD010F0070F42B3F6D1F5
:10A85000F0B441EA012141EA014122F007047FF00E
:10A8600000070023F0E80256083C85EA010586EA65
:10A87000010685FA47F5A3FA87F586FA47F6A5FAA1
:10A8800087F68EB9EED1F0BC01F0FF0102F00702AD
:10A8900032B110F8013B013A83EA010313B1F8D158
:10A8A0000020704701387047002D06BF3546033839
:10A8B000073815F0010F07D1013015F4807F02BF72
:10A8C000013015F4C03F0130F0BC0138704700BFC3
:10A8D0007047704770B5456A04460E463DB9102072
:10A8E000F9F75AFD6062C0E901550560C560656A07
:10A8F000EB6883B1636ADB6853F82600B8B90121BD
:10A9000001FA06F56A1D92002046FEF70BF860B1C9
:10A91000C0E901650EE0212204212046FEF702F87D
:10A92000636AE860DB68002BE4D1002070BD026838
:10A9300043F826200023C0E90333F7E770B5446AE3
:10A9400006460D463CB91020F9F726FD7062C0E9B5
:10A9500001440460C4603DB1736A6A68DB6853F8FF
:10A960002210296043F8225070BD2DE9F0410D6995
:10A970001F4606460C4601F1140C0023DCF80000CB
:10A9800081B202FB01710F0C000C02FB007089B256
:10A99000013301EB00419D424FEA10474CF8041B84
:10A9A000ECDCD7B1A368AB4212DC61683046013100
:10A9B000FFF790FF2269023204F10C0180469200F9
:10A9C0000C30FDF783FF21463046FFF7B7FF4446C2
:10A9D00004EB850301355F6125612046BDE8F08108
:10A9E000020C12040346B2B90304102013F07F4F87
:10A9F00004BF1B02083013F0704F04BF1B0104306A
:10AA000013F0404F04BF9B000230002B06DB5B00BD
:10AA100003D5013070470020E8E720207047036825
:10AA200013F0070201460BD0DA0723D4980749BF79
:10AA30005B089B0801200B605CBF0B600220704725
:10AA400098B2A8B91B0C102013F0FF0F04BF1B0A0B
:10AA500008301A0704BF1B0904309A0704BF9B087B
:10AA60000230DA0702D45B0806D001300B60704771
:10AA70001046E9E7002070472020704710B50C46CB
:10AA80000121FFF727FF01224461026110BD2DE97A
:10AA9000F74F14460A6923699A42B8BF0B468846A5
:10AAA000BCBFA0461C46D8F81070D4F81090D8F857
:10AAB0000830D8F8041007EB0906B342B8BF0131DB
:10AAC000FFF708FF00F1140505EB860E2B46002268
:10AAD000734516D304F1140208F1140102EB890343
:10AAE00001EB87070093009B019293420CD8002E44
:10AAF00003DD5EF8043D002B5DD0066103B0BDE8C8
:10AB0000F08F43F8042BE3E7B2F800B0BBF1000F7D
:10AB100023D08946AC464FF0000859F8044BDCF8C6
:10AB200000A0A3B21FFA8AFA0BFB03A34FEA144A50
:10AB3000DCF8004043444FEA14480BFB0A8404EB62
:10AB40001344E2469BB243EA04434F454FEA14489C
:10AB50004AF8043B2BD8CCF80480019BB3F802A040
:10AB60000432BAF1000F20D02B688946A8464FF076
:10AB7000000BB9F800C0B8F802400AFB0C445C4472
:10AB8000C4469BB243EA04434CF8043B59F8043BE7
:10AB9000B8F804B01B0C0AFB03B303EB14434F4596
:10ABA0004FEA134B05D8C8F8043004359BE7D44668
:10ABB000B3E7E046DDE7013E99E700002DE9F84301
:10ABC000154612F0030206460F4607D0013A214C03
:10ABD000002354F82220FFF7C8FE0746AD1035D0F9
:10ABE000746A3CB91020F9F7D7FB7062C0E90144E0
:10ABF0000460C460D6F82480D8F808404CB940F20C
:10AC000071213046FFF73AFF0023C8F808000446D8
:10AC100003604FF00008EB070AD53946224630465C
:10AC2000FFF735FF394681463046FFF787FE4F462E
:10AC30006D100BD0206838B9224621463046FFF708
:10AC400026FF2060C0F800800446E4E73846BDE8EF
:10AC5000F88300BF70BD03002DE9F0470C464FEAB2
:10AC6000621A236949680AEB0309A3680746164676
:10AC700009F10105AB4232DB3846FFF72BFE00231A
:10AC8000804600F114011A4653452BDB20692AEA5D
:10AC9000EA7A04F1140316F01F0201EB8A0103EBB8
:10ACA000800C25D0C2F1200E00201E688A469640F6
:10ACB00030434AF8040B53F8040B9C4520FA0EF07D
:10ACC00014D8486008B109F10205013D3846C8F8BA
:10ACD00010502146FFF732FE4046BDE8F0870131B3
:10ACE0005B00C7E741F823200133CDE75146DCE79D
:10ACF000043953F8042B41F8042F9C45F9D8E4E7B4
:10AD000003690A699B1A30B50CD1920014301431D2
:10AD10008418114454F8045D51F8042D954203D071
:10AD200005D30123184630BDA042F3D3FAE74FF014
:10AD3000FF33F7E72DE9F0470D4607461146284651
:10AD40001446FFF7DDFF061E08D131463846FFF7EF
:10AD5000C1FD0123C0E90436BDE8F087A4BF234646
:10AD60002C4638466168A6BF1D4600260126FFF71F
:10AD7000B1FD2B69C660266905F1140904F11402BE
:10AD800002EB860709EB830800F114054FF0000E73
:10AD900052F804AB59F8044B1EFA8AF1A3B2C91A4F
:10ADA000230CC3EB1A4303EB214389B24FEA234E32
:10ADB000C84541EA0343944645F8043BE8D8BC45FE
:10ADC00004D355F8043D83B10661C5E75CF8041B64
:10ADD0001EFA81F31A1402EB11429BB243EA0243BA
:10ADE0004FEA224E45F8043BE9E7013EE9E72DE949
:10ADF000F7430E46012159EC108B1546FFF76AFD0B
:10AE0000C9F30A540746C9F3130334BB0193B8F1DD
:10AE1000000327D002A840F8083DFFF700FE009984
:10AE2000F0B1019AC0F1200302FA03F30B43C240D0
:10AE30007B610192019BBB61002B14BF02210121A8
:10AE40003961C4B1A4F2334404443460C0F1350024
:10AE50002860384603B0BDE8F08343F48013D5E79B
:10AE60007961E7E701A8FFF7DAFD019B7B6101212A
:10AE700039612030E5E707EB8103A0F23240306012
:10AE80001869FFF7ADFDC0EB4110E1E71F2938B5A8
:10AE900004460D4604D9162303604FF0FF3038BD39
:10AEA000426C12B152F821304BB9204600F030F814
:10AEB0002A4601462046BDE8384000F017B8012B6D
:10AEC0000AD0591C03D1162303600120E7E70024B0
:10AED00042F82540284698470020E0E7024B01460B
:10AEE0001868FFF7D3BF00BF9461002038B5074C46
:10AEF0000023054608461146236000F015F9431C5F
:10AF000002D1236803B12B6038BD00BF4485002007
:10AF100000F0FAB810B50C46B1F90E1000F094F834
:10AF20000028ABBF636DA3891B1823F48053ACBF0B
:10AF30006365A38110BD2DE9F0411F468B89DB05B8
:10AF400005460C46164605D502230022B1F90E101F
:10AF500000F068F8A389B4F90E1023F48053A3819C
:10AF600032463B462846BDE8F04100F017B810B520
:10AF70000C46B1F90E1000F055F8431CA38915BF1B
:10AF8000606523F4805343F48053A38118BFA381E9
:10AF900010BDB1F90E1000F013B8000038B5074C21
:10AFA000054608461146002222601A46FBF760FC5F
:10AFB000431C02D1236803B12B6038BD44850020B7
:10AFC00038B5064C002305460846236000F08CF88F
:10AFD000431C02D1236803B12B6038BD4485002097
:10AFE00038B5074C0023054608461146236000F09B
:10AFF00083F8431C02D1236803B12B6038BD00BF26
:10B000004485002038B5064C0023054608462360D9
:10B0100000F082F8431C02D1236803B12B6038BDD5
:10B020004485002038B5074C0546084611460022E5
:10B0300022601A4600F080F8431C02D1236803B155
:10B040002B6038BD4485002038B5074C05460846BE
:10B050001146002222601A4600F076F8431C02D105
:10B06000236803B12B6038BD448500204FEA410CB2
:10B070007FEA6C5C02D150EA013C0AD14FEA430CF2
:10B080007FEA6C5C02D152EA033C02D14FF000002F
:10B0900070474FF0010070474FEA410212F500126D
:10B0A00015D211D56FF47873B3EB625212D94FEA0F
:10B0B000C12343F0004343EA505311F0004F23FAF9
:10B0C00002F018BF404270474FF00000704750EA4E
:10B0D000013005D111F0004008BF6FF0004070470B
:10B0E0004FF00000704700BF024B58221A604FF02B
:10B0F000FF30704744850020024B58221A604FF001
:10B10000FF30704744850020024B58221A604FF0F0
:10B11000FF30704744850020024B58221A600020FF
:10B12000704700BF44850020024B58221A604FF040
:10B13000FF30704744850020024B58221A604FF0C0
:10B14000FF30704744850020024B58221A604FF0B0
:10B15000FF30704744850020FEE700BFF8B500BF10
:10B16000F8BC08BC9E467047F8B500BFF8BC08BCE8
:10B170009E46704754696E795553422053657269F3
:10B18000616C00000000000000000000316502005A
:10B1900089630200796302006D630200F1620200BC
:10B1A0003D63020011630200D1630200F0FFFFFF64
:10B1B00000000000296502001201000200000040AA
:10B1C0009A232980000101020301000009020900FD
:10B1D000000100A032000000303132333435363700
:10B1E00038394142434445464C696C79676F0000E9
:10B1F000542D4563686F2D436172642D6E52463540
:10B200003238343000000000416461667275697440
:10B21000000000004D6173732053746F72616765A5
:10B2200000000000312E30007573626400000000E1
:10B23000050F3900021810050038B60834A909A016
:10B24000478BFDA0768815B665000101011C10052D
:10B2500000DF60DDD88945C74C9CD2659D9E648A1D
:10B260009F00000306B2000200010300000000007E
:10B2700015700200A5700200D17002001971020061
:10B2800025720200F97202000000000000000000B8
:10B29000717D020000000000817D0200917D0200AE
:10B2A000297E0200797F02000000000000000000FB
:10B2B000B1740200C9740200CD740200E57402008A
:10B2C000AD750200D577020000000000000000000C
:10B2D000718C0200958C0200998C0200BD8C0200DA
:10B2E000E58D0200659502000000000000000000EE
:10B2F000957802000579020031790200597902003F
:10B300008D7A0200917A0200000000000000000027
:10B3100049860200A1860200BD860200E186020085
:10B32000396D020019880200000000005F75736229
:10B33000645F7164656600005B5358313236325D7C
:10B3400020000000206661696C65642C20636F64D6
:10B35000652000005B5358313236325D20547261F3
:10B360006E736D697474696E67207061636B657468
:10B3700020000000202E2E2E200000007375636335
:10B38000657373006661696C65642C20636F646526
:10B3900020000000696E697469616C697A61746982
:10B3A0006F6E000063757272656E74206C696D69F2
:10B3B0007420636F6E66696775726174696F6E0081
:10B3C00043524320636F6E66696775726174696F7B
:10B3D0006E000000542D4563686F2D436172642038
:10B3E0004C6F526120636572746966696361746948
:10B3F0006F6E2074657374004672657175656E6357
:10B40000793A203931352E30204D487A000000003D
:10B4100042616E6477696474683A203530302E304A
:10B42000206B487A00000000537072656164696E99
:10B430006720666163746F723A2031320000000049
:10B44000436F64696E6720726174653A20342F38E7
:10B45000000000004F757470757420706F7765720E
:10B460003A20372064426D005061796C6F6164202E
:10B4700073697A653A20333220627974657300000B
:10B480005472616E736D697420696E746572766151
:10B490006C3A2033303030206D730000705F737071
:10B4A0006920213D204E554C4C000000433A5C552C
:10B4B000736572735C584B5C2E706C6174666F724E
:10B4C0006D696F5C7061636B616765735C66726107
:10B4D0006D65776F726B2D61726475696E6F6164F3
:10B4E0006166727569746E726635325C6C6962721F
:10B4F00061726965735C5350495C5350492E6370A7
:10B5000070000000535049436C6173733A3A5350D2
:10B5100049436C617373284E52465F5350494D5FE7
:10B52000547970652A2C2075696E74385F742C20EC
:10B5300075696E74385F742C2075696E74385F7429
:10B54000290000000000FFFF000080000000000054
:10B55000080008000000000000000000E8030000F0
:10B56000FFFFFFFFFFFFFFFFFFFFFFFFFFFFFFFFEB
:10B57000FFFFFFFF00000000000000001DE50200CB
:10B580000DE50200FDE40200EDE40200E1E402004A
:10B59000D9E4020001E40200D5E402009DE40200C7
:10B5A00089E4020019E4020079E4020029E40200BF
:10B5B00071E4020021E402004DE502002DE50200E5
:10B5C0005DE4020051E402004DE4020015E40200D3
:10B5D0000338FDD87047000053583132363100002F
:10B5E0000000000000000000D9FE0200C1ED0200D2
:10B5F00075EE02009D360300B1FC0200B9FD0200A9
:10B600001108030089010300DDF6020079F702004A
:10B61000B5EE020031EA020059E60200F1F0020044
:10B62000F1EF020021F302005DF4020065F2020076
:10B63000D9E50200B1E5020099F50200F9F902002E
:10B64000090E030099EA02001DEF020031EE02002C
:10B65000E1F1020095EB0200D1E902006DEA02007F
:10B66000B9EF020079EF0200711F030031200300DF
:10B67000D9F30200A9E90200191E0300CDF8020067
:10B6800001EE020085ED02001137030001EE020019
:10B69000A1ED020001EE0200A1ED020001EE0200A8
:10B6A000A1ED0200BDE6020035ED0200F1E9020065
:10B6B00045EA0200FFFFFFFF0000000080010000DC
:10B6C0008001000012AD101B0108AC0012AD00009B
:10B6D0000000000000000000D9FE0200C1ED0200E1
:10B6E00075EE02009D360300B1FC0200B9FD0200B8
:10B6F0001108030089010300DDF6020079F702005A
:10B70000B5EE020031EA0200B5360300F1F00200A6
:10B71000F1EF020021F302005DF4020065F2020085
:10B72000C5360300CD36030099F50200F9F9020091
:10B73000090E030099EA02001DEF020031EE02003B
:10B74000E1F1020095EB0200D1E902006DEA02008E
:10B75000B9EF020079EF0200711F030031200300EE
:10B76000D9F30200A9E90200191E0300CDF8020076
:10B7700001EE020085ED02001137030001EE020028
:10B78000A1ED020001EE0200A1ED020001EE0200B7
:10B79000A1ED02009D36030035ED0200F1E9020043
:10B7A00045EA020001010000010001000000010063
:10B7B000010000005000B00018017801B002180329
:10B7C000C8053006300C980C0F0603000012243612
:10B7D000480416283A4C081A2C3E0C1E30421022FF
:10B7E000344601132537490517293B4D091B2D3FC9
:10B7F0000D1F314311233547021426384A06182AF3
:10B800003C4E0A1C2E400E203244031527394B07AC
:10B81000192B3D4F0B1D2F410F2133450000000018
:10B820000000000085360300953603001D37030035
:10B830009D36030095360300A53603008D360300C0
:10B8400085360300953603008D360300AD360300C0
:10B8500095360300B5360300B5360300B536030050
:10B860009D3603009D360300BD360300C536030038
:10B87000CD3603008D360300AD360300D536030008
:10B88000D5360300E5360300E9360300E936030048
:10B89000F1360300F1360300F5360300AD36030040
:10B8A000AD36030095360300FD36030095360300E0
:10B8B00095360300FD360300053703000937030002
:10B8C0000D37030011370300093703001937030050
:10B8D000093703001937030009370300193703003C
:10B8E0009D360300FD360300494303003021120357
:10B8F0001203302103122130213003124370340728
:10B90000251652615261251634074370073470437F
:10B91000615216251625615270430734340743706F
:10B92000526125162516526143703407704307345F
:10B93000162561526152162507347043000000003D
:10B94000000000004943030049430300494303004A
:10B9500049430300494303004943030049430300AB
:10B96000494303004943030049430300494303009B
:10B97000494303004943030049430300494303008B
:10B98000893A0300893A03008D3A0300913A030093
:10B99000893A0300953A030000000000010000000E
:10B9A0000200000003000000040000000500000089
:10B9B0000600000007000000080000000900000069
:10B9C0000A0000000B0000000C0000000D00000049
:10B9D0000E0000000F000000100000001100000029
:10B9E0001200000013000000140000001500000009
:10B9F00016000000170000001800000019000000E9
:10BA00001A0000001B0000001C0000001D000000C8
:10BA10001E0000001F0000002000000021000000A8
:10BA20002200000023000000240000002500000088
:10BA30002600000027000000280000002900000068
:10BA40002A0000002B0000002C0000002D00000048
:10BA50002E0000002F0000000D0A0000546D7251EE
:10BA600000000000546D7220537663006C6F6F709D
:10BA70000000000043616C6C6261636B00000000B9
:10BA80002C2066756E6374696F6E3A200061737363
:10BA9000657274696F6E2022257322206661696C5D
:10BAA00065643A2066696C6520222573222C206C1F
:10BAB000696E65202564257325730A00986100204E
:10BAC0004300504F534958002E00232D302B2000A7
:10BAD000686C4C0065666745464700494E460069FC
:10BAE0006E66004E414E006E616E003000303132A5
:10BAF00033343536373839414243444546003031D6
:10BB00003233343536373839616263646566000034
:10BB100020202020202020202028282828282020FD
:10BB20002020202020202020202020202020202015
:10BB3000881010101010101010101010101010108D
:10BB4000040404040404040404041010101010106D
:10BB50001041414141414101010101010101010146
:10BB6000010101010101010101010110101010107A
:10BB70001042424242424202020202020202020217
:10BB8000020202020202020202020210101010203F
:10BB900000000000000000000000000000000000A5
:10BBA0000000000000000000000000000000000095
:10BBB0000000000000000000000000000000000085
:10BBC0000000000000000000000000000000000075
:10BBD0000000000000000000000000000000000065
:10BBE0000000000000000000000000000000000055
:10BBF0000000000000000000000000000000000045
:10BC00000000000000000000000000000000000034
:10BC1000496E66696E697479004E614E00000000DD
:10BC20000000000000000000000000000000000014
:10BC30000000000000000000000000000000000004
:10BC400000000000000000000000000000000000F4
:10BC500000000000000000000000000000000000E4
:10BC600000000000000000000000000000000000D4
:10BC700000000000000000000000000000000000C4
:10BC80000080E03779C34143176E05B5B5B89346D8
:10BC9000F5F93FE9034F384D321D30F94877825AA4
:10BCA0003CBF737FDD4F1575000000000000F03FC2
:10BCB0000000000000002440000000000000594087
:10BCC0000000000000408F40000000000088C340DA
:10BCD00000000000006AF8400000000080842E414F
:10BCE00000000000D01263410000000084D797419B
:10BCF0000000000065CDCD41000000205FA00242A1
:10BD0000000000E876483742000000A2941A6D4215
:10BD1000000040E59C30A2420000901EC4BCD64208
:10BD200000003426F56B0C430080E03779C34143B3
:10BD300000A0D8855734764300C84E676DC1AB4329
:10BD4000003D9160E458E143408CB5781DAF154447
:10BD500050EFE2D6E41A4B4492D54D06CFF0804422
:10BD6000F64AE1C7022DB544B49DD9794378EA4437
:10BD700005000000190000007D0000000000000028
:08BD8000D0A4FE7F01000000C9
:10BD8800000000000A00000000000306B2000800DE
:10BD980001000000A800080002000000A000140034
:10BDA800030057494E5553420000000000000000B0
:10BDB80000008400040007002A00440065007600A3
:10BDC80069006300650049006E0074006500720038
:10BDD80066006100630065004700550049004400A3
:10BDE8007300000050007B00390037003500460022
:10BDF80034003400440039002D0030004400300085
:10BE080038002D0034003300460044002D0038006F
:10BE18004200330045002D00310032003700430056
:10BE28004100380041004600460046003900440001
:10BE38007D000000000000000400000010000C005D
:10BE4800C47200202CB303000000000000000000B2
:10BE580000000000000000000000000000000000DA
:10BE680000000000000000000000000000000000CA
:10BE780000000000000000000000000000000000BA
:10BE880000000000000000000000000000000000AA
:10BE98000000000000000000FF000000010000009A
:10BEA800000000000000000000000000000000008A
:10BEB8000000000002000000000000000000000078
:10BEC8000000000000000000000000000300000067
:10BED800000000000000000000000000000000005A
:10BEE800000000000000000000000000000000004A
:10BEF800000000000000000000000000488500204D
:10BF08000090D003CC840020E0840020F48400203A
:10BF180008850020986100200000000040BC030054
:10BF280060BC030020BC030000000000000000000B
:10BF380000000000000000000000000000000000F9
:10BF480000000000000000000000000000000000E9
:10BF580000000000000000000000000000000000D9
:10BF680000000000000000000000000000000000C9
:10BF78000000000000000000430000000000000076
:10BF880000000000000000000000000000000000A9
:10BF98000000000000000000430000000000000056
:10BFA8000000000000000000000000000000000089
:10BFB8000000000000000000430000000000000036
:10BFC8000000000000000000000000000000000069
:10BFD8000000000000000000430000000000000016
:10BFE8000000000000000000000000000000000049
:10BFF80000000000000000004300000000000000F6
:10C008000000000000000000000000000000000028
:10C0180000000000000000004300000000000000D5
:10C028000000000000000000000000000000000008
:10C0380000000000000000004300000000000000B5
:10C0480000000000000000000000000000000000E8
:10C058000000000000000000BD960300A98803004E
:10C06800000000000FBB0300C8BA0300BBBA0300FE
:10C07800BBBA0300BBBA0300BBBA0300BBBA0300D8
:10C08800BBBA0300BBBA0300BBBA0300BBBA0300C8
:10C09800FFFFFFFFFFFFFFFFFFFFFFFFFFFF0000A6
:10C0A800010041534349490000000000000000001E
:10C0B8000000000000000000000000000000000078
:10C0C80000004153434949000000000000000000FF
:10C0D8000000000000000000000000000000000058
:10C0E80000000000016202003562020025660200BD
:10C0F8009DCD02005DD10200BD380300253A030042
:0CC10800E93F0300FD7803001162020013
:0400000330006771F1
:00000001FF
