:020000022000DC
:106000000000042089670300C9670300CB67030011
:10601000CD670300CF670300D167030000000000D5
:106020000000000000000000000000000567030001
:10603000D56703000000000025670300D96703004F
:1060400071690300DB670300DB670300DB670300A4
:10605000DB670300DB670300DD420300DB6703004F
:10606000DB670300DB670300DB670300DB6703001C
:10607000DB670300DB670300DB670300DB6703000C
:10608000DB67030089640300DB670300DB67030051
:10609000DB670300DB670300DB670300DB670300EC
:1060A000DB670300DB670300DB670300DB670300DC
:1060B000DB670300DB670300000000000000000056
:1060C000DB670300DB670300DB6703005D6F030032
:1060D000DB670300DB670300DB670300ED6C020096
:1060E000DB670300DB670300DB67030000000000E1
:1060F00000000000DB67030000000000D56F030014
:10610000000000000000000000000000000000008F
:10611000000000000000000000000000000000007F
:10612000000000000000000000000000000000006F
:10613000000000000000000000000000000000005F
:10614000000000000000000000000000000000004F
:10615000000000000000000000000000000000003F
:10616000000000000000000000000000000000002F
:10617000000000000000000000000000000000001F
:10618000000000000000000000000000000000000F
:1061900000000000000000000000000000000000FF
:1061A00000000000000000000000000000000000EF
:1061B00000000000000000000000000000000000DF
:1061C00000000000000000000000000000000000CF
:1061D00000000000000000000000000000000000BF
:1061E00000000000000000000000000000000000AF
:1061F000000000000000000000000000000000009F
:10620000F1EE103A43F08073E1EE103A704700BFB0
:1062100010B5054C237833B9044B13B10448AFF3E0
:1062200000800123237010BD8C630020000000005B
:106230000CBE030008B5034B1BB103490348AFF381
:10624000008008BD00000000906300200CBE030029
:10625000154B002B08BF134B9D46A3F5803A002138
:106260008B460F461348144A121A12F05FFB0F4B6D
:10627000002B00D098470E4B002B00D098470020F1
:10628000002104000D000D48002802D00C48AFF397
:10629000008012F0E1FA2000290010F0C7FA12F095
:1062A000B5FA00BF00000800000004200000000054
:1062B000000000008C6300204885002000000000E2
:1062C000000000000146014800F08EBAC4630020BF
:1062D00038B5064B1D783DB100242046013400F04E
:1062E00047FEE0B28542F9D838BD00BFC063002048
:1062F000407DFF2806D010B500F086FD044618B199
:10630000204610BD0020704710F0E0FF204610BD71
:10631000407DFF280ED000B583B00DF1070100F0DD
:10632000C7FD20B19DF8070003B05DF804FB4FF0F6
:10633000FF30F9E74FF0FF30704700BF407DFF2886
:1063400011D000B583B001220DF1070100F068FD06
:1063500020B94FF0FF3003B05DF804FB9DF8070053
:1063600003B05DF804FB4FF0FF307047407DFF281D
:1063700001D000F0FDBD7047407DFF2801D000F046
:106380003DBE0020704700BFF8B50646407DFF289F
:106390001CD017465AB10D46144600F00FFD294691
:1063A000224680B1707D00F08DFD241A01D138465F
:1063B000F8BD054410F08AFF707D00F0FFFC29460F
:1063C00022460028EED13F1B3846F1E70020F8BDF9
:1063D0000AB32DE9F043524991F81C6191F81D511F
:1063E00091F81E7193B0994614467B1CAA1C8046F6
:1063F000B01C81F81C0181F81D2181F81E3101A813
:106400004222002112F092FAB9F1410F05D8002082
:1064100013B0BDE8F083422070478DF806608DF818
:106420000E608DF82660721C40F20126D2B2ADF8E3
:106430001060DFF8F0C08DF81E20242640F6083EDC
:106440006B1C8DF827208DF83120ADF804E08DF815
:1064500016608DF820608DF82460CDF818C00426F1
:106460004FF0060C65F07F0540F209424FF0010E37
:1064700098F81410ADF80C208DF81CE005228DF86A
:106480001F608DF830608DF822C040F207568DF8FD
:1064900025C08DF82A5020464FF0030E63F07F048C
:1064A0004FF0080C02234FF411658DF814108DF88D
:1064B00007308DF808308DF809308DF812308DF8DE
:1064C00021308DF815208DF823208DF82BE08DF8E4
:1064D0002CC04FF00A0EADF82E504FF0400C01A921
:1064E000ADF8286007258DF833308DF840208DF801
:1064F0004140422244F20204ADF838608DF83B304E
:106500008DF83A708DF834E08DF83CC08DF83F502E
:10651000ADF8424012F0E6F9422013B0BDE8F08336
:10652000C463002020010524A0F11000FFF750BF34
:1065300070B50368184A5B6882B093428DF8071003
:1065400024D10546407DFF281DD000F037FC0DF119
:10655000070601243146224688B1687D00F0B2FC6E
:10656000241A02D1012002B070BD064410F0AEFE24
:10657000687D00F023FC314622460028EDD1C4F1AD
:10658000010002B070BD002002B070BD01220DF10B
:106590000701984702B070BD89630200437DFF2B5D
:1065A00000D07047094B1A78002AFAD110B500F1D3
:1065B000100442750649204601221A7000F0E0F9E5
:1065C00021460448BDE8104000F0F0B8C063002048
:1065D00084B10300C4630020407DFF2807D000B5CC
:1065E00083B000F0EBFB20B103B05DF804FB0020AA
:1065F0007047019010F06AFE019803B05DF804FB4B
:1066000001B900B1704700B583B0694600F0ECFBFA
:10661000009BB3F5966F02D003B05DF804FB00F069
:106620007BFBF9E730B4084B084A4FF47F4102F195
:106630000805002430324FF47A7099821D60C3E956
:1066400001401A6130BC7047A863002094B1030078
:106650002DE9F0410024484E2546435D4719A3B17A
:1066600003F14002D2B2012A0AD9F42B08D81A0643
:106670000ED44FF0010EA3F55842B2F5006F56D27A
:1066800001354719435D002BEAD12046BDE8F08172
:1066900003F0E002C02A57D003F0F002E02A66D0EF
:1066A00003F0F802F02AEBD103F007024FF0040EDA
:1066B0007B7803F0C00CBCF1800FE1D197F802C0E9
:1066C0000CF0C00803F03F03B8F1800F43EA8213D7
:1066D000D6D10CF03F0CBEF1030F4CEA83132DD042
:1066E000FA7802F0C007802FCAD102F03F0242EAD6
:1066F0008313A3F58032B242C2D8A3F55847B7F549
:10670000006FBDD3B3F5803F05F1040510D31E2CF7
:10671000BBDC6300970A0B44C2F30902A7F52057BC
:10672000A2F5105221F814705A80023495E775448E
:10673000202CAAD021F8143001348EE7A3F5006292
:10674000B2F5784F97D39BE77A7802F0C007802F95
:1067500003F01F0394D102F03F0242EA8313A3F136
:106760008002B2F5F06F8BD24FF0020E83E703F098
:106770000F024FF0030E9BE7FFFF0F0090F8503120
:106780000B2B0CD871B103F1480210B45C1C80F8DB
:10679000504140F822105DF8044B18467047002322
:1067A000184670470B461846704700BF70B5044640
:1067B0000E68B4F81821B4F81A31656936689B1A66
:1067C00008469BB294F81C112A44B04758B1B4F85B
:1067D00018216369104480B2A4F81801588094F815
:1067E0001C211A71012070BD2DE9F043284DDFF8FE
:1067F000B090AC4604468846BCE80F0089B003AFB1
:106800000FC703AE0FCE05F1140E25460FC59EE847
:106810000700DCF800303B806B4636682E8003C3EF
:106820006B4603CB012504F118034FF480766361B6
:10683000A061E16184F8202004F59870C4F81891F3
:106840002022A4F81C61002184F81E5112F06EF879
:1068500040F20947042240F2EF230E4E0E48C4F8DE
:1068600028010021C4F82C1184F85021A3804FF492
:10687000E131A571C4F82071C4F824610748FFF71D
:106880008DFE404600F036FA284609B0BDE8F08398
:10689000C8B10300F8B1030000B20300A8630020F0
:1068A0000900000100487047C4630020014B58698B
:1068B000704700BFC46300202DE9F04F89B0F8B1E4
:1068C000032816D02B4C94F8503183424FD94830CE
:1068D00004F5AA7154F82000FFF7BAFEC0B20130E7
:1068E000400040F44070A4F85201234809B0BDE8CC
:1068F000F08F204CD4F82C0150B104F5AA71EBE7CD
:106900001C4CD4F82031A4F854314FF44170EAE71C
:10691000684600F003FA054610B300F1FF3A0DF1A6
:106920000103164FE94653FA8AFAA64604AE97E8E1
:106930000F0019F801CB86E80F000CF00F080DF1DD
:10694000200BD8440BEB1C1C18F8108C1CF8103CC6
:10695000AEF85681D145AEF854310EF1040EE6D1B1
:106960006800C0B20130400040F44070BBE7002036
:10697000BCE700BFC463002016650020E8B1030037
:1069800010B504460248FFF7F9FE207110BD00BFA4
:10699000C463002030B5144C236883B013B3186867
:1069A00051B906F08DFB236893F90400012103B06F
:1069B000BDE8304010F0BEBE0C4B00930025012313
:1069C0008DF805308DF8045002AB13E9060006F08F
:1069D00013FB236893F90400294603B0BDE8304057
:1069E00010F0A8BE03B030BD5865002080BA8C01FD
:1069F0000448006828B108B5006806F067FB01206C
:106A000008BD704758650020084B1B6843B141B969
:106A1000074B4022C3F88020BFF34F8FBFF36F8F27
:106A20007047034B40221A60704700BF5865002032
:106A300000E100E0024B53F8200000B1C06870474D
:106A40005C65002030B4094CBDF8085054F8204073
:106A500044B1246934B10846A44611461A462B466F
:106A600030BC6047002030BC704700BF5C65002030
:106A700030B4084CBDF8085054F8204044B1646963
:106A800034B10846A44611461A462B4630BC60472E
:106A900030BC70475C650020024B186808B190F864
:106AA00060007047646500202DE9F843234C256899
:106AB000002D3CD01E462C2303FB00531746D3F871
:106AC000209088460446B9F1000F32D0484612F0B3
:106AD00095FD2C2303FB0454D4E90954DFF864C06A
:106AE000174B08280246494628BF08224046002D79
:106AF00008BF6546002C08BF1C4611F0F3FE28466F
:106B000012F07CFD10280246294628BF1022384684
:106B100011F0E8FE204612F071FD042802462146DD
:106B2000304628BF0422BDE8F84311F0DBBEBDE8C3
:106B3000F883DFF814900820CBE700BF64650020DD
:106B400034B2030024B2030018B2030070B5104E33
:106B50003368D3B12C2404FB0034054662691AB1B2
:106B60009047336884F832002C2202FB053393F8F7
:106B7000324014B10124204670BD284623463A22F3
:106B8000022101F0E7F8204670BD1C46204670BD8A
:106B900064650020074B1B6853B110B42C2404FB20
:106BA0000030C46A038E0C6013805DF8044B70479C
:106BB000704700BF6465002008B52022002305212E
:106BC00001F0C8F84FF0FF3008BD00BF30B4094CE9
:106BD00024685CB10D4611462C2202FB0044E46996
:106BE00024B11A462846234630BC1847012030BC41
:106BF000704700BF6465002030B4094C029A2468D5
:106C000054B10D462C2101FB0044A46824B119465F
:106C10002846234630BC18474FF0FF3030BC704741
:106C20006465002030B4094C029A246854B10D46C2
:106C30002C2101FB0044E46824B119462846234670
:106C400030BC18474FF0FF3030BC704764650020FF
:106C5000044B1B682BB12C2202FB0030036903B1EB
:106C60001847704764650020054B1B682BB12C2228
:106C700002FB0030836903B118470120704700BF51
:106C80006465002005F0DCBB00B5164B83B04022E4
:106C9000002483F8272301A9012320468DF804301E
:106CA0008DF8054002F0DAFE4FF0804302A8D3F8D9
:106CB000385400F8084D0FF015FE0B4B019301A856
:106CC0000FF03CFE0FF04CFEEB0707D400214FF015
:106CD000FF3002F04DFFFFF7FBFAF7E7204605F023
:106CE000AFFBF3E700E100E0856C0200002005F057
:106CF0001DB800BF00B5002383B00322CDE90023F7
:106D000003490448C8220EF07FFB03B05DF804FB82
:106D100038B20300896C020010F084BC4FF080523E
:106D2000536E1BBA0360136E1BBA43600820704792
:106D30000048704740B2030070B51E4C2368D3B1C1
:106D4000012901D0012070BD1578C5F34115012D31
:106D500013D0022D0FD15478012C21D0022CF1D167
:106D60009388072B07D1144C114623892246BDE88E
:106D7000704003F035BE002070BD51782229E1D16A
:106D800011465288003218BF01225A7503F010FED6
:106D90002268D369002BD5D0507D9847284670BD16
:106DA0009C69002CE7D0114623782246BDE870404C
:106DB00003F016BE686500200460002010B504468C
:106DC00002F034FE08B9002010BD02F037FE0028A2
:106DD000F9D1044B4FF4367202FB0434207900F0F1
:106DE000010010BDEC650020064A4FF4367303FB2A
:106DF00000230833186808609A889B798B718A8011
:106E0000704700BFEC65002008B5044A4FF43673A4
:106E100003FB0020103002F055FC08BDEC6500209B
:106E20002DE9F8434FF4367404FB00F41E4E4FF680
:106E3000FF73074604F110054FF6FE70824288BFCB
:106E40001A463544284692B202F066FC804602F0AB
:106E5000EDFD10B94046BDE8F88302F0EFFD814634
:106E60000028F7D13444E378002BF3D0284602F011
:106E700041FC3F28EED9E178484603F0E7FC0028C2
:106E8000E8D0284602F036FC3F2804D8E17848468E
:106E900003F0ECFCDEE7054AE178484602EBC71256
:106EA000402303F0F3FCD5E7EC6500206C6500207F
:106EB000034A4FF4367303FB0020103002F096BCF7
:106EC000EC6500202DE9F8434FF4367505FB00F51D
:106ED000244F4FF6FF73064605F124044FF6FE706B
:106EE000824288BF1A463C4492B2204602F0B8FC67
:106EF0008046204602F0E6FB3F2802D84046BDE827
:106F0000F88302F093FD0028F8D002F097FD814647
:106F10000028F3D1204602F0D5FB0028EED03D44F6
:106F20004846A97803F092FC0028E7D00E4B402297
:106F300002EBC6161E442046314602F0EDFB034626
:106F400060B13246A978484603F0A0FC0028D5D1AC
:106F5000064B1B68DB07D1D500BECFE7A97803F04D
:106F600085FCCBE7EC6500206C650020F0ED00E0CF
:106F70002DE9F041804602F059FD10B90020BDE82E
:106F8000F08102F05BFD07460028F7D14FF436741C
:106F900004FB08F4164E04F124053544284602F09B
:106FA00091FB0028EAD026443846B17803F04EFC25
:106FB0000028E3D040220F4B02EBC8189844284623
:106FC000414602F0A9FB044660B14246B17838461A
:106FD000234603F05BFC40B9074B1B68DB07CDD5AC
:106FE00000BECCE7B17803F041FC2046C7E700BF04
:106FF000EC6500206C650020F0ED00E008B5044A67
:107000004FF4367303FB0020243002F073FB08BDFD
:10701000EC65002070B5204C82B000214FF4367230
:1070200020460D4611F082FCFF234FF4E132082682
:1070300004F138016371A26001234FF4807200955E
:1070400004F11000A67302F001FB144B1B78C3F38C
:107050008003009304F59C7101234FF4807204F1C6
:10706000240002F0F3FA04F50E7101200DF03CFC4F
:1070700004F52271064601200DF036FC06B130B948
:10708000074B1B68DB0700D500BE02B070BDC4E92A
:107090000756C4E90C05F8E7EC650020B86000204D
:1070A000F0ED00E038B5094C206A256B20B10EF0F8
:1070B00013F80023C4E907332DB128460EF00CF86D
:1070C0000023C4E90C33012038BD00BFEC6500206B
:1070D00010B50E4C0E482378002202600271DA07C8
:1070E00009D59B070DD521780A48C1F38001BDE879
:1070F000104002F063BC103002F040FC23789B0784
:10710000F1D4044802F03AFCEDE700BFB86000207B
:10711000EC650020106600202DE9F0414B79022B30
:1071200082B004D00025284602B0BDE8F0818B79FA
:10713000022BF7D1364EB3782BB1364B1B68DB07E9
:10714000F0D500BEEEE78B7833700C780C44074620
:107150006378242B4FF009050BD1082A02D822E0CE
:10716000AA4220D323781C441D446378242BADB25B
:10717000F6D0052B38D0042B15D163790A2B12D108
:10718000254A94F800800192022301320092384689
:1071900004EB08011A4603F095FA0028CDD00E350D
:1071A00018FA85F5ADB202F041FC0028BBD002F020
:1071B00045FC04460028B6D1F378002BB3D017481D
:1071C00002F098FA3F28AED9F178204603F03EFB52
:1071D0000028A8D0114802F08DFA3F28F17811D884
:1071E000204603F043FB9EE72146384603F00AFBA6
:1071F0000028A2D0A378737023781C441D44ADB23C
:107200006378B8E7064A2046402303F03FFB8AE74D
:10721000EC650020F0ED00E0EE650020FC6500204C
:107220006C65002038B5137803F06003202B01D083
:10723000002038BD294C938825789D42F8D1537899
:10724000203B032BF4D8DFE803F008151E020129C8
:1072500036D0032939D0012038BD01290CD00329AB
:10726000F9D11F4B002BF6D01E490020AFF3008050
:10727000012038BD0129EED111460723194A03F038
:10728000AFFB012038BD01291AD00329E3D1164BE9
:1072900055881B781548257113F004011CBFE9437C
:1072A00001F0010102F08AFB114B002BD3D0C5F392
:1072B000400205F001010020FFF7A2F9012038BDCE
:1072C000114603F075FB012038BD0A4B002BC2D0DC
:1072D00051880020AFF30080BDE700BFEC650020BF
:1072E00000000000F4650020B86000201066002057
:1072F00001660200000000002DE9F0475F4CE278D3
:107300008A420D4680461F4659D15D4E9AB231469B
:1073100004F1100002F0A4FA5A4BC3B16379FF2BB9
:1073200015D0A7B106EB070A04F1100902E0564593
:107330000DD0637916F8012B9A42F8D1484602F035
:10734000D1F90028F3D16179AFF30080EFE74E4B1C
:1073500023B14E4802F0C6F9002863D002F066FB64
:10736000002862D1A3789D4202D00120BDE8F087B9
:10737000474B13B10020AFF3008002F057FB002809
:107380002BD1444802F09EF90028EED1002FECD01A
:1073900017F03F07E9D1A178404603F057FA0028DB
:1073A000E3D0A17840463B463A4603F06FFA002806
:1073B000DBD1394B1B68DA070CD500BED6E7A378C2
:1073C0008B42D5D0344B1B68DB0703D500BE0020B1
:1073D000BDE8F0870020BDE8F08702F02FFB0546EE
:1073E0000028CED12B4802F06DF90028C9D0A17831
:1073F000284603F02BFA0028C3D04022274925480D
:1074000002F08AF9034600282CD02846234AA178A6
:1074100003F03CFA0028A8D11F4B1B68D907B0D550
:1074200000BEAEE7AFF3008098E702F007FB064628
:10743000002897D1E378002B94D0144802F05AF931
:107440003F288FD9E178304603F000FA002889D030
:107450000E4802F04FF93F28304607D8E17803F094
:1074600005FA7FE7A17803F001FA8AE74023044A8E
:10747000E17803F00BFAA37875E700BFEC65002014
:107480006C6500200000000000000000FC6500208A
:107490000000000010660020F0ED00E0AC65002068
:1074A000704700BF01207047704700BF704700BFA2
:1074B000044B0022C3E90022C3E90222C3E90422EB
:1074C000704700BF446A002001207047044B00222F
:1074D000C3E90022C3E90222C3E90422704700BFC6
:1074E000446A00202DE9F0434B79032B83B004D08C
:1074F0000024204603B0BDE8F0830B79C3EBC3043E
:107500001234A4B2944205D9254B1B68DA07EFD593
:1075100000BEEDE7234A5578002D3ED0557B002D67
:10752000F2D102F10C054FF4A0770E788A1992F887
:1075300001C0BCF1210FE7D1AA608946895D804670
:107540006E1CA81C1144CDE900061A4640460323D0
:1075500003F0B8F80028D7D099F80630A978012BA5
:1075600004BF99F80730EB700123AB7199F8022042
:10757000AB682A70B3F80730AB800029B9D00A4A4B
:1075800040463A44402303F081F90028B1D1044B2E
:107590001B68DB07ADD500BEABE715468027C4E707
:1075A000F0ED00E0446A0020C46800202DE9F047B7
:1075B000137803F01F06012E82B003D0002002B022
:1075C000BDE8F087DFF80882978898F80040FFB29E
:1075D000BC4200F0B08098F80C40BC42EED1374677
:1075E000B4464FF0C00E4FF0130A4FF0120913F0DB
:1075F00060030C460546164604D1012900F0A4801C
:107600000120DCE7202BD9D15378013B0A2BD5D8B8
:1076100001A252F823F000BFED760200E3760200EB
:10762000CD760200BD750200BD750200BD75020079
:10763000BD750200BD7502008D7602006576020000
:107640004576020001291BD00329D9D173880C2665
:1076500006FB0786DBB260461946B371FFF720FFD1
:107660000120ACE70129CBD173880C2202FB0787EC
:107670001B0A60461946FB71FFF714FF00289DD0D6
:107680003146284603F094F9012098E7012900F0DB
:1076900086800329B4D1F48871884B4B402C4FEA83
:1076A0001122204628BF402011F0FF01734407D06B
:1076B000012C05D91C788C4202D1013880B20133EB
:1076C00000906046FFF7D4F9012078E7012997D1AF
:1076D00008EB090231462846234603F081F920468B
:1076E0006DE701298CD108EB0A02F3E7012987D164
:1076F000F3887188344F402B4FEA1122184628BF77
:10770000402011F0FF01774454D0012B52D90138A9
:1077100080B239707B1C00906046FFF793F90444F7
:10772000A3B2002B49D1294A1268D2077FF546AF90
:1077300000BE184643E74FF0000E7746F4464FF080
:10774000070A4FF0060952E75378062B7FF436AF4D
:1077500053881B0A212B12D0222B7FF42FAF6046B7
:10776000FFF768F97B001F4408EB870802463146A3
:107770002846B8F8043003F033F920461FE77B00B1
:107780001F4408EB8708D8F80820002A3FF416AFFA
:107790001378314602B0BDE8F04703F021B9F38811
:1077A000402B3FF60BAF084A3146724403F018F9FC
:1077B000204604E73B460024ADE73A4631462846DA
:1077C00003F00EF90120FAE6C4680020F0ED00E0B5
:1077D000446A0020F0B52C4CA67865788E4283B0C0
:1077E000074610D0A9422CD0A07B657B88423FD0B1
:1077F000A94244D0254B1B68DA0702D4002003B00D
:10780000F0BD00BEFAE780264FF0400C0020A942F0
:107810009BB21AD01E4D3544FAB9009311462B463F
:107820000222FFF725F92A46A1783846402303F0C3
:107830002DF80028E3D1154B1B68DB07DED500BE11
:10784000DDE74FF0400C00209BB2114961444AB97A
:107850001A46FFF729FE0120D1E72A460221FFF749
:1078600025FEE0E70A460121FFF720FE0120C6E7DA
:107870000C344FF4A0764FF4807C0120C7E74FF41E
:10788000807C0120E0E700BF446A0020F0ED00E0CA
:10789000C468002070B5194C82B000210D464FF429
:1078A000EC72204611F042F804F1380101238022E5
:1078B00004F11000009501F0C9FE04F1B8010123A4
:1078C0008022009504F1240001F0C0FE04F59C71B3
:1078D00001200DF009F804F5C471064601200DF0F1
:1078E00003F830B9064B1B68DB0700D500BE02B0B9
:1078F00070BDC4E90756C4E90C05F8E7DC6A00204E
:10790000F0ED00E038B5094C206A256B20B10DF090
:10791000E3FB0023C4E907332DB128460DF0DCFB5F
:107920000023C4E90C33012038BD00BFDC6A00200D
:1079300010B5084C002304F11000C4E90033C4E979
:10794000023302F01BF804F12400BDE8104002F0FD
:1079500015B800BFDC6A00202DE9F0434B79012BFC
:1079600083B004D00025284603B0BDE8F0838B79AE
:10797000012B0C46064616D049780429F2D1002581
:10798000032BEFD1E379002BECD1DFF8FC8098F8E2
:10799000013013B998F802700FB3384B1B68DB073E
:1079A000E0D500BEDEE7CB79002BDBD10B781C44A1
:1079B0009DB2617824290BD1954202D9D2E7AA421F
:1079C000D0D323781C442B44617824299DB2F6D06F
:1079D0000429C7D16379012BC4D1A379D0E7A37857
:1079E00088F8003094F8009021794D44ADB2A1445C
:1079F00039B925E099F800308F421D44ADB2994461
:107A00001ED2AA421CD399F80130052BF2D1494667
:107A10003046019202F0F6FE019A0028BDD099F896
:107A20000230D90914BF88F8013088F8023099F87B
:107A30000030217901371D44FFB2ADB29944D9E736
:107A40000F4801F057FE3F288DD998F8021000200A
:107A500002F0FCFE002886D0094801F04BFE3F28CA
:107A600098F8021003D8002002F000FF7BE7054AD7
:107A70004023002002F00AFF75E700BFF0ED00E0B0
:107A8000EC6A00209C6A0020DC6A0020002070471D
:107A9000F8B53C4DAA788A421F4612D19AB23A49AB
:107AA00005F1100001F0DCFE384B13B10020AFF3FC
:107AB0000080374801F01EFE3F282CD801242046C4
:107AC000F8BD6B788B4208D0324B1C6814F001046F
:107AD000F5D000BE00242046F8BD064605F124007E
:107AE00001F0F0FD40BB2C4801F0ECFD0028E5D191
:107AF000002FE3D017F03F07E0D16978304602F05D
:107B0000A5FE04460028D9D0697830463B463A465F
:107B100002F0BCFED3E7A978002002F097FE0446ED
:107B20000028CBD01A4801F0E5FD3F28A9781ED8DF
:107B3000002002F09BFEC2E76978002002F086FE7A
:107B40000028D0D04022154905F1240001F0E4FDC1
:107B5000034690B1114A6978002002F097FE002890
:107B6000ACD10C4B1B68DB07BDD500BEBBE7064A9A
:107B70004023002002F08AFEA1E7697802F076FE39
:107B8000B1E700BFDC6A00209C6A00200000000012
:107B9000EC6A0020F0ED00E0006B00205C6A002041
:107BA00030B4114B9C689A6B93F83C5083F82C10BE
:107BB000A21A022183F830109A6225B942F2050117
:107BC00083F83E50998744B13AB11A7BD20906D165
:107BD00093F82F1030BC02F099BE30BC704793F878
:107BE0002E1030BC02F092BEB46E002038B5214B8E
:107BF000214C05461BB1607BFFF736F8A8B1A06B9E
:107C0000A36894F82F101D4A1B1AB3F5007F28BFF4
:107C10004FF4007328469BB202F038FE20B9184B8F
:107C20001B68DB0700D500BE38BDA268A36B84F8D3
:107C30003E0042F20771D31A0120A1870221A362FC
:107C400084F82C0084F83010002AEDD0002BEBD003
:107C5000237BDB0906D194F82F102846BDE8384075
:107C600002F054BE94F82E102846BDE8384002F0C9
:107C70004DBE00BF696C0200B46E0020B46C0020E1
:107C8000F0ED00E070B5304CE28AA36852BA92B2CF
:107C900086B0054612B1B3FBF2F292B2A66BD4F8ED
:107CA0001110607B9B1BB3F5007F28BF4FF400735E
:107CB00009BA0093B6FBF2F302FB13621944234B9B
:107CC000FEF79AFF031E20DB94F82E200DD01146FC
:107CD0009BB228461D4A02F0D9FDA0B91C4B1B6877
:107CE000DB0710D500BE06B070BD0724194603A8F7
:107CF0008DF80C508DF8102005938DF811308DF80B
:107D00000D4002F0B7FB06B070BDA268A36B43F64E
:107D100002200021D31AA08784F83E1001200221FE
:107D2000A36284F82C0084F83010002AEBD0002BDA
:107D3000E9D0237BDB0914BF94F82E1094F82F10A0
:107D4000284602F0E3FDDEE7B46E0020B46C0020AC
:107D5000F0ED00E010B4054C012084F83C1084F8EC
:107D60003D2084F83E305DF8044B7047B46E00202F
:107D700040220021014810F0D9BD00BFB46E0020A0
:107D800040220021014810F0D1BD00BFB46E002098
:107D90004B79082B01D0002070478B79062BFAD144
:107DA000CB79502BF7D1162A06D81C4B1B68D90764
:107DB000F1D500BE0020704770B5194D8B7885F85D
:107DC0002D300B7882B005F12F0205F12E061944F3
:107DD0000223CDE900261A46044602F073FC48B996
:107DE0000E4B1B68DA0702D500BE02B070BD002042
:107DF00002B070BD204695F82F100A4A00241F23B8
:107E000085F8304002F042FD30B9044B1B68DB07B7
:107E100002D500BE1720E8E71720E6E7F0ED00E006
:107E2000B46E0020B46C0020012901D001207047FD
:107E3000F0B5137803F07F01022985B0054606D01E
:107E400003F06003202B1AD0002005B0F0BD547859
:107E5000012CF5D15388002BF6D1434E918896F82A
:107E60003030042BC9B279D096F82E408C423DD0E8
:107E700096F82F408C4257D0012005B0F0BD5378C2
:107E8000FE2B16D0FF2BDFD15388002BDCD1D488FA
:107E9000A3B2002BD8D1344E1146284686F8303094
:107EA000C6E90D33B48786F83E3002F081FD01202B
:107EB000CBE75388002BC7D1D388012BC4D12B49E2
:107EC0008DF80F3000294DD00192FEF7E5FD019AA3
:107ED0000028B9D0431EDBB204AC114604F8013DC2
:107EE00028462246012302F07BFDC5E7022BC3D1C1
:107EF000B26BB3681E4F9B1AB36206F120030FCB1F
:107F000007C73A46214602F80C39032428460D23B8
:107F100086F8304002F0BAFC0028ADD1154B1B6842
:107F2000DB0791D500BE90E7002BA5D1214602F0DA
:107F3000DFFC0028A0D12146284602F005FD0028DC
:107F40009AD1002496F82F10094A86F83040284626
:107F50001F2302F09BFC0028E0D08DE702F0D6FC46
:107F6000204672E70B46B7E7B46E0020996A02001C
:107F7000B46C0020F0ED00E02DE9F041B44C94F831
:107F80003050012D8EB01E46074645D028D3032D14
:107F900005D0022D5FD001200EB0BDE8F08194F82D
:107FA0002E308B42F7D10D2EF5D1E37B282B00F03C
:107FB0001A812A2B40F00D81A64B13B1607BFEF78E
:107FC00047FE002594F82F10A34A84F830501F2351
:107FD000384602F05BFC002861D094F83050D8E7B6
:107FE00094F82F508D42D6D11F2B06D1DFF868822E
:107FF0009A4BD8F800209A4271D0042394F82E109E
:1080000084F83030384602F081FC384694F82F105E
:1080100002F07CFC0020BFE7B3F5007F08D9904B4D
:108020001B68D90700D500BE00200EB0BDE8F08166
:10803000E27BA36B282A00F087802A2A00F08F8039
:10804000217B626B1E44CB09A66336D096422CD3AB
:10805000022384F8303094F82E10384602F074FC75
:10806000002898D1A368A26B94F82E60934202D99D
:10807000217BC9092ED19B1A7A4AA3620FCA764D79
:1080800007C52A46314602F80C39032538460D2328
:1080900084F8305002F0FAFB00287FF47CAF704B7C
:1080A0001B68DB07C0D500BE76E76D4B1B68DA079F
:1080B00093D500BE94F830506BE793B2607B664A6C
:1080C00004F10F01FEF778FD0028C0F29F80A66B37
:1080D000626BBBE73146384602F018FC5BE7C446EA
:1080E000BCE80F0026460FC69CE80F0007C626F81E
:1080F000023B1B0C3370D4E90123E17B5A4E6262D0
:1081000001200022282963632662A26284F82C20C1
:10811000A26384F8300000F0AD802A2900F0DF80EF
:10812000002B00F0EF80227BD20940F0EB80B3F50A
:10813000007F00F26F819BB22946474A384602F021
:10814000A5FB0028ABD048E7626B1E449642A663AD
:10815000BFF47EAFFFF796FD94F8305019E7E28A3E
:1081600052BA92B21AB1A168B1FBF2F292B2D4F84B
:108170001110394DB3FBF2FC09BA02FB1C32607BD3
:10818000009661442B46FEF74DFD0028C0F2FB81AE
:10819000864230D9361A40B1A36B291813FA80F3FE
:1081A00032462846A36310F0A8FB002394F82F5012
:1081B0008DF818500722194605A88DF814700796F7
:1081C0008DF819308DF8152002F054F994F83050DC
:1081D000DFE6264B002B3FF4F4AE04F10F01607B89
:1081E000AFF30080EDE6224B002B3FF4EAAE607B5C
:1081F000AFF30080E5E6D4E90D231E449642A66362
:10820000BFF426AF3846FFF7F1FCE6E6A368A66B9D
:1082100094F83C1084F82C509A1B0220A26284F837
:10822000300021B942F2050084F83E10A087002BEF
:108230003FF44EAF002A3FF44BAF237BDB0940F005
:10824000E58194F82F10384602F060FB3FE700BF4D
:10825000B46E0020516C0200B46C002055534243B0
:10826000F0ED00E0D46E00205553425300000000B2
:1082700000000000E28A52BA92B20BBB002A3FF41F
:10828000E7AE94F83C10A362022284F82C2084F814
:10829000302000297FF4DFAE42F205010022A187E1
:1082A00084F83E20002B3FF4D6AE237BDB0940F060
:1082B0009A812946384602F029FB94F8305068E646
:1082C000207BC00913D0002A00F08081B3FBF2F2BA
:1082D000002A00F0A3812829384694D13AE7E28A9F
:1082E00052BA92B2002BC9D0207BC009EBD094F8CF
:1082F0003C10A362022284F82C2084F8302000294C
:10830000CAD0D2E7667B252900F22B81DFE811F085
:10831000220129012901E500290129012901290159
:1083200029012901290129012901290129012901FD
:1083300029012901BD00290129012901290129015A
:1083400029012901990087002901290171002901CA
:108350002901290129014C0029012600304604AADF
:1083600005A9FEF717FC059B002B00F04481BDF822
:108370001020002A00F03F81013B1BBA12BAC8E965
:1083800000320820A368002B44D0984228BF18462A
:1083900083B26063A64A94F82E10384602F076FA4B
:1083A00000283FF47CAE18E605AD00230DF10E0267
:1083B000304604A96B600593AB60FEF7EBFB049AB3
:1083C000002A00F01881BDF80E30002B00F0138158
:1083D00012BA082106925BBA0222ADF81E308DF85F
:1083E00017108DF81C2095E8070088E807000C207E
:1083F000C8E7904B03B33046227DE17CAFF30080A9
:10840000D0B994F83C302BB943F602220023A2875E
:1084100084F83E3001213846FFF7C2FBDDE5864B8C
:1084200053B1E17C3046C1F3400301F00102090978
:10843000FEF7CCFB0028E4D0A368002B3FF408AE85
:10844000E8E79DF816307D49002203F0800362F3CF
:10845000C7138DF8163003238DF815208DF81720DB
:108460008DF81430002900F0E1803046FEF7FCFB67
:108470009DF8163080F0010060F3C7138DF81630B8
:10848000059BC8F8003004207CE74FF0203302251C
:108490000022CDE90522304607A909AA08934FF02A
:1084A000800C079309930D93CDE90A330C931F2693
:1084B0000DAB8DF816508DF8175005AD8DF818607E
:1084C0008DF815C0FEF7F0FA0FCD594E0FC60FCD3F
:1084D0000FC62B683360242054E794F83C2094F8AE
:1084E0003D0094F83E10DFF848C1DFF858E14FF046
:1084F00000084FF00003CDE90588CDE9078862F355
:1085000003038DF81630F0220A23ADF824808DF88D
:1085100020008DF821108DF814208DF81B3005AD4A
:108520000FCDACE80F002B68ACF80030BEF1000FA7
:1085300076D0ACF1100130464FF40072AFF30080FA
:108540000028A4F83C8084F83E800FDB00283FF42C
:1085500073AF17E73046FEF7F9FA00283FF451AF42
:108560006AE794F83C30002B7FF454AFA38E304A76
:108570003349607BFEF720FB0028FFF64BAF002855
:108580003FF45AAFFEE6A36BA2681E4443F60220F6
:108590000021931BA08784F83E1001200221A663CE
:1085A000A36284F82C0084F83010002A3FF453AD05
:1085B000002B3FF450AD237BDB0914D194F82F102E
:1085C000384602F0A3F994F83050E2E4012294F81E
:1085D0003C1084F82C200222A36284F83020002969
:1085E0003FF45AAE5EE694F82E10384602F08EF94B
:1085F00094F83050CDE494F83C30002B7FF40AAF6F
:1086000043F6022284F83E30A28703E794F82E1046
:10861000384602F07BF9D4E90D2617E50222D6E7A9
:10862000A4F83CE084F83EE01220ABE601201FE70E
:10863000B46C002000000000CD6B0200696C0200E9
:10864000C36E00200000000070B5134C134E84B0C0
:1086500020464FF4AE72002110F068F94025002347
:1086600004F58E720092CDE901561A46194604F1BE
:10867000B000039504F068F92E4404F17002002361
:10868000CDE90025CDE90265201D1946012204F03F
:108690005BF904B070BD00BF746F0020F46E002061
:1086A00010B5054C04F1B00004F07AF9201D04F077
:1086B00077F9012010BD00BF746F002038B5074C5A
:1086C0002046002500F8B85B01F058F904F10C00D1
:1086D00001F054F984F8B150657138BD746F002011
:1086E0004B79FF2B01D0002070472DE9F04FDFF8C8
:1086F00024B19BF8B13083B04BBB9BF8053033BB42
:108700000B788A460AEB02050AEB030489788BF89A
:108710000010A542064614D91AF80320A3189D425A
:108720000FD36278042A0CD00B2A0AD0052A0BF149
:10873000B8080BF1B0070BF10C0917D09D421C468D
:1087400009D8A4EB0A0080B203B0BDE8F08F002086
:1087500003B0BDE8F08F1A7813449D42F1D36278DC
:10876000042AEED00B2AECD0052AE7D12146304668
:1087700002F048F8002843D0A378DB0905D19BF824
:10878000B1301BB32278A318D8E79BF80530002B33
:10879000F8D14846019301F0F1F8A2788BF8052052
:1087A000A2889BF804C0019B1849C2F30A02A2F5F3
:1087B0000072B2FA82F2520962F3410C18468BF849
:1087C00004C004F037F92278A318B7E7404601F057
:1087D000D5F8A3788BF8B130A3889BF8B020C3F309
:1087E0000A03A3F50073B3FA83F35B0963F3410251
:1087F000394630468BF8B02004F064F90028C1D126
:10880000034B1B68DB07A2D500BEA1E7786F0020F1
:10881000F0ED00E0746F002070B51C4C94F8B120AE
:108820008A4205461E460FD1B4F8BC20F2B9184B57
:1088300023B1B2B217490020AFF300802846164991
:1088400004F040F9012070BD63798B4201D0002013
:1088500070BD124B1BB1B1B20020AFF300801049C4
:10886000284604F0E7F848B1012070BDB2B2D4F850
:10887000B41004F1B80000F0F3FFD8E73246284600
:10888000074904F099F8012070BD00BF746F002003
:1088900000000000F46E00202470002000000000A2
:1088A000786F0020F8B50E688D88B7783544AE42F1
:1088B0000BD23B469F42344603D10BE06378042B36
:1088C00005D023781C44A542F8D80020F8BDA37831
:1088D0009F42F6D1E3789A42F3D1A542F5D9237DA0
:1088E000012B06D9144B1B68DA07EED500BE002019
:1088F000ECE723790D46DBB1012BE6D12278E38941
:10890000617A1344114423442144994204D3DCE79F
:108910000A7811448B42D8D94A78052AF8D101F057
:1089200071FF28B9044B1B68DB07CED500BEF8BD2C
:10893000A41BEC800120F8BDF0ED00E0C28832B944
:10894000654B1B68DB0700D500BE00207047F0B404
:108950000378624803EB830403EB4403C058831895
:1089600003D08E781C7BA64207D95B4B1B68D907C6
:1089700000D500BE0020F0BC70472EB9012C01D9F3
:108980000120F8E701268E7001248C60C1F80E40AA
:108990004C7700256FF03F0481F822508C766FF001
:1089A00003056FF06404CD760C774D4DC1F81E5071
:1089B000082481F82340825CB3F80D4014441C4421
:1089C0001344A342D1D2474F9D78102D0CD827FADB
:1089D00005F0C04310F0010006D1DA78964203D1C9
:1089E00007E05A78242AEFD01A7813449C42F8D82A
:1089F000BBE79C42B9D0062D06D0102D04D0042D23
:108A0000B9D1012248730A73CF781A79974218D8DE
:108A10001FB9012AB4D80127CF701A781A44A2428C
:108A20000FD2967806F0FD0CBCF1050F0FD0112E79
:108A300003D10CE05678242EF3D0167832449442B9
:108A4000F8D8254B1B68DA0794D500BE93E7D67893
:108A5000B742F2D19442F4D0D1F812408CB9062D2D
:108A600030D0102D2ED0042D09D1B2F80560B2F807
:108A700007505C7D05FB06F304FB03F4E408C1F832
:108A800012404B6863B9557E012D3FF679AFD2F89D
:108A90001A3025B9D2F81E209A427FF471AF4B608C
:108AA000114AA2FB03235A0BCBD0631E1344B3FB22
:108AB000F2F30233B3F5807F28BF4FF48073C1F81F
:108AC00016305DE7B2F80530B2F8074004FB03F456
:108AD0002401E408D3E700BFF0ED00E0D0700020EF
:108AE00003010101501001005917B7D12DE9F84FCA
:108AF0000B785D4C03EB83050E4603EB45030989B8
:108B0000E7589146804679B13944CB7803F00303A6
:108B1000012B00F09480738933B13B44DA7802F082
:108B20000302012A00F091807488B58800233C4438
:108B3000B381F38133827382B382F3823D44A2789E
:108B4000AC4238BF134609D29A4203D10CE0637895
:108B5000042B06D023781C44A542F8D80020BDE899
:108B6000F88FA3789A42F5D1E3789945F2D1A542DE
:108B7000F4D994F804A0BAF1020F15D8E31BF380DE
:108B8000B9F1000F16D023781C44BAF1000F4CD075
:108B90004FF0000B06E06378052B28D0042B03D0A0
:108BA00023781C44A542F6D8304B1B68DA07D5D58C
:108BB00000BED3E7737F012B12D006F11E03494696
:108BC00086F81D90A6F81890A6F81A90184630223C
:108BD0000FF0ACFE01463046FFF7B0FE0028BDD0D6
:108BE00023781C44BAF1000FD2D10120B7E7E37813
:108BF00003F00303B9F1000F01D0012B18D0022BB1
:108C0000ACD12146404601F0FDFD28B306EB4B03F5
:108C1000E21B1A8122780BF101039A4514444FF0AC
:108C2000010BBFD8B9F1000FDFD002237377DCE767
:108C3000A388B269C3F30A039342E2D28EE700230A
:108C40003381897801F08EFE65E700227281997880
:108C5000404601F087FE67E7044B1B68DB077FF5A2
:108C60007DAF00BE7BE700BFD0700020F0ED00E0DC
:108C700010B4064C06480023C4E900331946C4F872
:108C800007304E225DF8044B0FF050BED07000202C
:108C9000DC7100200120704710B4064C0648002308
:108CA000C4E900331946C4F807304E225DF8044B7E
:108CB0000FF03CBED0700020DC7100202DE9F041A7
:108CC0004B790E2B04D04FF000084046BDE8F081F0
:108CD0008B79012BF7D1CB79012BF4D13E4E336840
:108CE0002BB13E4B1B68DB07EDD500BEEBE714460E
:108CF0000F461A46314605463760B480FFF7D2FD6D
:108D00000028E0D0F2883368B97813443C44A74285
:108D100093F814C03B4605D308E05A78042A4DD096
:108D20000B2A4BD01A7813449C42F6D8BCF1000FA2
:108D30004ED02B494A88002AD3D1D81B1FFA80F87D
:108D40003272A1F802809C4293F802E00A8098BF38
:108D5000034605D80BE05A78042A2BD00B2A29D0D9
:108D60001A7813449C42F6D8DB1B1FFA83F80022C2
:108D7000BCF1010FA1F804804A77B2D117FA80F054
:108D800017FA83F3984281780AD282788A4203D113
:108D900018E04278042AF8D0027810448342F8D8C8
:108DA000284600220E49FFF7A1FE00288BD0A6F826
:108DB00004808AE79A787245D2D0D5E79A788A42B9
:108DC000B0D0B3E7C278012AE6D18342EFD1E7E71A
:108DD000DB1B1FFA83F8EAE7D0700020F0ED00E01B
:108DE000DC7100202DE9F047167806F01F04012CF5
:108DF0008CB004D0002420460CB0BDE8F087DFF82A
:108E0000F892B2F804C0D9F80070804615465FFAAF
:108E10008CF317B1BA789A422CD0B44F7C88002CCE
:108E2000E9D03A7802EB820002EB400259F802E006
:108E30007444A2789A42DDD1C6F34116F3B2002BF6
:108E400000F09C80012B12D15FEA1C2C0FD16B88A3
:108E50001B0A022B00F02E81062B00F01781012B3C
:108E600000F0F580A24B1B68DB0700D500BE07238E
:108E70003B77BFE7C6F34116F4B2002C47D0012C74
:108E800025D15FEA1C2C26D0B9F80620BB18B95CA6
:108E9000DA89114419448B420ED29A78023A052A93
:108EA00006D8DA78624503D107E05A78242AF4D04C
:108EB0001A7813449942F8D849B1002389F8093047
:108EC000012498E78A4B1B68D90700D500BE072309
:108ED00089F809308EE76B881B0A012B00F095801A
:108EE000022BEFD16B78812B00F04781862BE9D1E3
:108EF0000129E2D10B46404629467E4A01F070FD29
:108F00000028DAD1FF2389F80930002473E76B7851
:108F10000A2B4AD00B2B3ED10129CED1EB88002B56
:108F2000F0D1B9F80630FA181179A9B1F85CD189F5
:108F3000537A0144034413440A44934205D395E110
:108F400019780B449A4240F2918159780529F7D15A
:108F50009978404601F006FD0026A9F806606A8867
:108F600065494046FFF79EFC04460028CAD02946C2
:108F7000404601F01DFD89F809603CE76B780A2B3B
:108F800027D00B2B7FF46EAF012900F0BD800023AA
:108F90003B7701242FE7564B1B6813F001032FD1B9
:108FA00007221C4689F8092025E7012985D1EB888D
:108FB000012BA7D1B9F80620BF18A3D00CAAF978C5
:108FC00002F8301D294601F00BFD04460028D2D1DD
:108FD00098E70129DBD1EB88012B35D1FB889BB3C6
:108FE0001EEB030330D00CAADB7802F8303D40467C
:108FF0000B46294601F0F4FC044628B33E77FAE616
:1090000000BE072389F80930F5E66B78812B00F064
:10901000D180862B00F0BE80012B7FF453AF012955
:1090200000F0CB8002297FF448AF344B002B3FF493
:1090300044AF99F80A100020AFF30080B0FA80F432
:1090400089F809006409D6E6FF233B77D2E67B7FE7
:109050000BB187F81DC06C78842C61D8822C65D246
:10906000012C00F00A81812C7FF4FCAE01298ED105
:10907000EB883BB1294640463023214A01F0B0FC41
:10908000002884D1FF233B770024B4E66B78812B42
:1090900000F0A180862B7FF4E5AE01297FF477AF45
:1090A000294640460123134A01F09AFC00287FF428
:1090B0006EAFE7E76B78812BD8D040F2B080852B7C
:1090C00000F09780862B7FF4CDAE01297FF45FAF4F
:1090D000EB88012BD6D10B4640462946094A01F0C0
:1090E0007FFC00287FF453AFCCE700BFDC71002089
:1090F000F0ED00E079B20300D07000200000000025
:10910000FA7100207AB203006A8839464046FFF7B8
:10911000EDFC002898D02946404601F049FC36E78E
:10912000862CD2D065D3872C7FF49CAE01297FF4A6
:109130002EAFEB88002BA5D0B64EE94606F1300ADB
:1091400030687168B268F368CC46ACE80F0010363E
:109150005645E146F4D19DF80210002940F09F8069
:10916000832C00F08381872C00F06481822C00F036
:10917000618108233B7700243DE601297FF49DAE01
:10918000294640460123A44A01F02AFC00287FF426
:1091900094AEB7E601297FF490AEEB88012B7FF403
:1091A000B1AE294640469D4A01F01AFC00287FF4E2
:1091B00084AEA7E601297FF480AEEB88012B7FF413
:1091C000A1AE294640460123954A01F009FC00283A
:1091D0007FF473AE96E601297FF4D9AE0B46404684
:1091E000294607F11C0201F0FBFB00287FF4CFAEFB
:1091F00048E701297FF4CBAEEB88022B7FF442AF26
:109200000CAA302122F8301D4046294601F0E8FB27
:10921000044600283FF436AF00233B77EBE5012BF3
:109220007FF420AE01293FF425AF02297FF4AFAED1
:109230007849A1F11E00FFF781FB044660B3794B2A
:109240007A6BBA613BB1734A79783878AFF30080B2
:1092500000287FF49CAE7449002302204FF48072F2
:109260000880C7E903337B61BA83C4E56F4B1B6891
:10927000D8077FF547AE00BE44E601293FF4FAAEB9
:1092800002297FF484AE6349A1F11E00FFF756FB6B
:10929000044600287FF47BAE08233B77ABE59DF8BE
:1092A000030000287FD1FA88002A3AD01EEB02037F
:1092B00037D01EF80220B3F80D005D4E104418445C
:1092C000134498420FD99A78102A04D826FA02F249
:1092D000D20700F1D5801A7813449842F1D95A7810
:1092E000242AF8D1EDE70346832C5AD0872C4CD0A2
:1092F000822C7FF43EAF01218DF803101A781A44B6
:10930000904237D9947804F0FD06052E10D0112C28
:109310000ED0147822449042F2D95478242CF8D1FB
:10932000EEE7424B1B68D9077FF523AF00BE20E76D
:10933000D478A142EDD1997806291DD010291BD0EF
:1093400004297FF416AFB2F80510B2F807205B7D50
:1093500002FB01F203FB02F3DB08CDF812306A4690
:1093600029464046302301F03BFB044600283FF4E9
:1093700089AE51E70246DEE7B2F80510B2F80730D1
:1093800003FB01F31B01DB08E7E79A78062A06D006
:10939000102A02D0042A7FF4ECAE997DACE79979CB
:1093A000AAE71979A8E7019B002BD8D1FA88002AEF
:1093B000B7D01EEB0203B4D01EF802E0B3F80D20C4
:1093C000DFF86CC072449E1873449E420ED99A789E
:1093D000102A03D82CFA02F2D20756D41A78134472
:1093E0009E42F2D95A78242AF8D1EEE733461A7809
:1093F00013449E4264D99A7802F0FD01052948D0B1
:10940000112A46D01A7813449E42F2D95A78242A57
:10941000F8D1EEE7FA710020D97000207AB203008B
:10942000DA70002000000000DC700020F0ED00E0A9
:109430005010010001238DF8023001234FF001127A
:10944000029300230392ADF810304FF6C0428DF81E
:10945000223040F29B13ADF81A20ADF81C30404A80
:10946000CDF81E2008238DF8233078E7FB88002BE9
:10947000E3D01EEB0303E0D01B7B8DF80230DCE76A
:10948000DA7891427FF427AF2EE7DA789142A5D1BE
:10949000ADE7DA789042B5D1823C052C3FF669AE53
:1094A00001A252F824F000BF299502000D95020098
:1094B000EF9402007391020073910200C5940200C0
:1094C0003346E9E7D3F8151042F21073B1FBF3F31A
:1094D000019100293ED0DDF812208BB9931CB3F521
:1094E000807F28BF4FF48073CDF8163037E75A7E5F
:1094F00072BBD3F8221042F21073B1FBF3F3E7E72B
:10950000013A1A44B2FBF3F30233E8E75A7ECAB1D8
:10951000053203EB8202D2F80210D3F81A3042F27D
:109520001072B3FBF2F3D3E75A7E72B1053203EB4C
:109530008202D2F80220D3F81A1042F21073B2FB62
:10954000F3F3C5E7D3F81E10E7E7D3F81E20F2E7E0
:10955000002301930023ADF81630ADF81830FEE675
:10956000030101012DE9F84F334C238953B12278CF
:10957000324F02EB820502EB45057D592B449F7863
:109580008F420AD02E4B1B68DB0703D500BE00209C
:10959000BDE8F88F0020BDE8F88FD4E904369E427C
:1095A00005460BD327490023C4E90333636119B18E
:1095B00061781046AFF300800120E9E701F046F939
:1095C0000028E7D0DFF88090A36999F80000D4E97B
:1095D000042BA2EB0B0808EB00069E4228BF1E4698
:1095E000B04213D9164B1B6813F0010301D000BE23
:1095F000002339462846144A01F048F90028DBD1F7
:109600000F4B1B68DA07C5D500BEC1E7E168A6EBC2
:10961000000A5944484452460FF064F90BEB0A0320
:10962000D0456361B3B2E4D199F8012042F002025F
:1096300089F80120DDE700BFDC710020D070002038
:10964000F0ED00E000000000DC7000202DE9F041AA
:10965000B2F5004F9DF8188030D80446C0681E4609
:109660000F46154618B14FF0FF310BF07FFB206914
:1096700018B14FF0FF310BF079FBE288E06827600A
:1096800066F30E02C2F30721002368F3C711E280DC
:109690006381A580E171238118B11A4619460AF049
:1096A00049FF206938B100231A4619460AF042FFE3
:1096B0000120BDE8F0810120BDE8F0810020BDE877
:1096C000F08100BF03894289808892B29BB29342A5
:1096D00036BFC2EB40029B1A9B189BB2984228BF30
:1096E00018467047028943899BB2981AB0FA80F0F5
:1096F0004009704703894289808892B29BB29342A5
:1097000036BFC2EB40029B1A9B189BB2984286BFA1
:10971000C01A80B2002070472DE9F8430546006961
:109720000E46174618B14FF0FF310BF01FFB2B8987
:109730006989A8889BB289B28B4236BFC1EB4004CD
:109740005C1AE418A4B2002C4AD0A04206D283428C
:109750002CBF191A191889B269810446BC4228BF66
:109760003C468842A4B203D8091A89B28842FBD980
:10977000EA882B68401AC2F30E0887B21FFA88F2F3
:10978000BC4202FB013125D917FB08F91FFA89F900
:109790004A4630460FF0A6F8E21B12FB08F206EB31
:1097A000090092B229680FF09DF86A89A88892B2E0
:1097B00011198BB29A4215D940001B1A9BB2286925
:1097C0006B8120B100231A4619460AF0B3FE2046E9
:1097D000BDE8F88302FB04F230460FF083F8E4E7BB
:1097E00069898BB240008342E9DBE6E738B505467C
:1097F00000690C4618B14FF0FF310BF0B7FA298918
:109800006B89AA8889B29BB2994236BFC3EB4200EA
:10981000C81A401880B200B3824209D291422CBFCC
:109820008B1A8B189BB29A426B8103D89B1A9BB2FE
:109830009A42FBD9EA882968C2F30E02204602FB4D
:1098400003110FF04FF80124286920B100231A46B4
:1098500019460AF06FFE204638BD0446F4E700BF03
:109860002DE9F0471446002A4FD00546C0680F4640
:1098700018B14FF0FF310BF079FAEA792E89698936
:10988000AB88D209B6B289B242D18E4236BFC1EBA3
:109890004301711A891989B2994252D2591A89B26F
:1098A0008C42E88828BF0C46C0F30E08B34230460D
:1098B00003D8C01A80B29842FBD21B1A2A681FFA3A
:1098C00083F9A14508FB002047D219FB08FA1FFACB
:1098D0008AFA524639460FF005F8A4EB090212FB4A
:1098E00008F207EB0A0192B228680EF0FBFFA319F9
:1098F0009BB2AA88B3424FEA420201D3934201DBF2
:109900009B1A9BB2E8682B81F8B92046BDE8F08726
:10991000E8889C42C0F30E080FD28E4223D3721AFD
:1099200092B2580022448242C0DBCE18361BB6B237
:10993000B14220D9361AB6B2B8E7E41A08FB047768
:10994000B3B9E86800240028DFD000231A4619467E
:109950000AF0F0FD2046BDE8F08708FB04F2394626
:109960000EF0C0FFC3E75800421A324492B2D9E762
:109970000E461C4698E7B04298DCDBE710B504467B
:10998000C06818B14FF0FF310BF0F0F9206918B141
:109990004FF0FF310BF0EAF9E06800236381238187
:1099A00018B11A4619460AF0C5FD206920B10023F6
:1099B0001A4619460AF0BEFD012010BD38B5C3791C
:1099C000B1EBD31F1FD00446C0680D4618B14FF04D
:1099D000FF310BF0CBF9206918B14FF0FF310BF0DC
:1099E000C5F9E379E06865F3C713E37120B100239B
:1099F0001A4619460AF09EFD206920B100231A4636
:109A000019460AF097FD012038BD00BF704700BF1E
:109A1000704700BF0020704700207047704700BFAC
:109A2000704700BF704700BF704700BF024B5878B7
:109A3000003018BF0120704784720020024B187854
:109A4000C0F38000704700BF84720020024B18787A
:109A5000FF3818BF01207047186100202DE9F0473A
:109A6000374E3378FF2B82B004D00125284602B050
:109A7000BDE8F087002946D03822884607460021F5
:109A800030480EF053FF304B3049002501201D7047
:109A90000AF02AFF2E4B1860002834D02D4C2346A4
:109AA000626833F80C0B618800950AF0D1FCA1685C
:109AB00005460BF035FB284B1D6075B3274B23B1D2
:109AC0002748AFF30080274B1860254CDFF89CA097
:109AD0002278DFF8909000252B460EE0D9F8003070
:109AE00013EB45130FD05B686BB1984722780135B3
:109AF000EDB2511DA9422B4615DBAA42EED89B1AA6
:109B00000AEB4313EFE7184B1B68DA0700D500BEDA
:109B10000025284602B0BDE8F087134B1B68DB0721
:109B2000F6D500BEA2E741463846377001F050FE38
:109B300005460028F1D0384601F04CFE96E700BFFC
:109B40001861002084720020847300203472002089
:109B5000BC720020BC600020C07200200000000029
:109B6000307200202C720020F0ED00E07CB2030087
:109B7000B94B1B78FF2B00F0A1812DE9F04F044673
:109B80008BB04FF47A7200238002A10D0EF08CFC92
:109B9000B24DDFF8E4B2B24E8246671C286800F08E
:109BA0002481002C00F02181BAF1000F14BF52462D
:109BB000012207A90AF048FFC0B19DF81D30013B02
:109BC000072B00F21481DFE813F0F200D300CA0083
:109BD000BF00B700410014000800089B0BB10998B2
:109BE000984728680BF06EFA0028D6D10BB0BDE874
:109BF000F08F9DF820109B4B01F07F0703EB47038C
:109C000003EBD11393F826006FF3000083F82600CE
:109C100093F826006FF3820083F82600002F00F0EF
:109C20004581914A1B7D12789342C0F03381501DCB
:109C30009842C0F234819B1A0BEB43139F699DF845
:109C40002120099B9DF81C00B847CAE7874A137872
:109C5000002B00F024811378013BDBB213701378E2
:109C600003F0FF00002BBCD1DFF8F8919DF81C80B9
:109C700099F8003043F0010389F8003099F8263054
:109C800060F3000389F8263099F8263060F38203E8
:109C900089F8263099F8273060F3000389F82730D7
:109CA00099F8273060F3820389F8273000F002FF2B
:109CB0009DF8203003F06002602A00F00681402AFF
:109CC00000F00A8103F01F03012B00F0D581C0F0E2
:109CD0001281022B40F0F9809DF8241001F07F07DB
:109CE000082F00F2F2807B00C80901934B44034423
:109CF00000905D481F7D03789F4280F00F8233689B
:109D000003EB4717002A00F0108257B1786900F082
:109D1000D1FE7B69404608AA0121984700287FF4BC
:109D200060AF9DF81C00002101F0BEFF80219DF86E
:109D30001C0001F0B9FF54E74A4B1B78D8077FF5A8
:109D400050AFFFF771FE4CE7464B1A78D7077FF507
:109D500048AF1878C0F3C000FFF764FE41E7414BFD
:109D6000DB78D9077FF53DAF0898FFF751FE38E75C
:109D70003D4F9DF81C903A780023984610E03368D8
:109D800013EB481300F08080DB68484698473A7828
:109D900008F101085FFA88F8511D8845434645DC03
:109DA0009045A3EB0203EAD30BEB4313ECE72E4FF2
:109DB0009DF81C903A78002398460FE0336813EB27
:109DC00048135BD0DB68484698473A7808F10108A9
:109DD0005FFA88F8511D884543460FDC9045A3EB98
:109DE0000203EBD30BEB4313ECE72246E1E6204BF7
:109DF0001B68DA077FF5F5AE00BEF2E638220021D7
:109E000018480EF093FD1B4A4FF0FF33C2E90533AB
:109E1000C2E90033C2E90233D3611384136100F055
:109E20003FFE104B9DF820209A70DAE63822002180
:109E30000C480EF07BFD0F4A4FF0FF33C2E90533AB
:109E4000C2E90033C2E90233D3611384136100F025
:109E500027FEFFF7E5FDC4E618610020C072002070
:109E60002C72002084720020307200208473002045
:109E7000F0ED00E0887200207CB20300A44B1B6868
:109E8000D907CCD500BECAE7A14B1B68DA07DED5DF
:109E900000BEDCE7326812EB43137FF4CFAE9C4B7D
:109EA0001B68DB077FF5A2AE00BE9FE6099B9DF80D
:109EB00021209DF81C0000F013FE92E67047FCF78D
:109EC000F5FC0246002840F0E981914B1B68DA0757
:109ED0007FF527AF00BE24E78E4800283FF421AF6E
:109EE00000F0E8FD404608AA0121FCF725FF002804
:109EF0007FF477AE15E7202A00F0F180002AE4D144
:109F00009DF82130092BE0D801A252F823F000BFC0
:109F100037A0020017A00200CB9E020059A0020049
:109F2000CB9E0200F99F0200A59F0200CB9E02007B
:109F30008F9F0200399F02009DF8223001931A463C
:109F400099F801309A4200F0548199F80130002BC1
:109F500040F05481019B89F80130002B00F04781CB
:109F6000581EC0B2FCF7A2FC18B14378022B00F0D7
:109F7000C181674B1B68DB0700D500BE644B1B68C3
:109F8000D80700D500BE002389F80130C9E60AAA27
:109F900099F8013002F80E3D4046012308A900F06F
:109FA0001FFD1EE6BDF82200030A5A1EC0B20E2A8B
:109FB0003FF6B7AE01A151F822F000BFAFA20200F8
:109FC0008BA202007BA20200239D0200239D0200BF
:109FD0005DA202008BA20200239D0200239D0200CD
:109FE000239D0200239D0200239D0200239D020069
:109FF000239D0200DFA2020008A800F061FD404698
:10A000009DF8221001F0ECFB99F8003043F00203B8
:10A0100089F80030E5E5BDF82230012B7FF481AEF0
:10A0200099F8003040466FF3C30308A989F800305F
:10A0300000F0BEFCD5E599F80030990801F0020166
:10A04000C3F340130AAA0B4322F80E3D40460223F5
:10A0500008A900F0C5FCC4E5BDF82230012B7FF44F
:10A0600060AE99F80030404643F0080308A989F82B
:10A07000003000F09DFCB4E59DF824300F2B3FF636
:10A0800050AE4B44244A1B791778BB4238D237680C
:10A0900017EB43173FF445AE786900F00BFD7B6981
:10A0A00008AA01214046984700287FF49AAD9DF800
:10A0B000203013F060077FF434AE9DF821300A3B66
:10A0C000012B3FF62EAE00F0F5FC9DF821300A2B57
:10A0D00000F0FC8008A9404600F06AFC81E59DF88C
:10A0E00024300F2B3FF61DAE4B440B4A1B791778DB
:10A0F000BB4260D2376817EB43173FF412AE05E658
:10A100007A1D9A42FFF60DAEDB1B0BEB4317C3E73C
:10A11000F0ED00E0396D020030720020581DB842A9
:10A1200039DA002A7FF4FDAD17469DF82130012B66
:10A1300003D036D3032B7FF4C8AEBDF822200292A1
:10A14000AAB9B84A012B10783DD001F0ADFD019BB2
:10A15000009A4B44134493F8262042F0020283F8FD
:10A16000262093F8262042F0010283F82620002FB3
:10A170003FF437AD786900F09DFC7B69012108AAA6
:10A1800040469847002000F095FC99F82730D90701
:10A190003FF527AD9EE7FB1A0BEB4317002AC4D00F
:10A1A000B4E5019B009A4B44134420330AAA9B79DF
:10A1B000C3F3400348E77A1D9A42FFF6B2ADDB1BBA
:10A1C0000BEB4317A2E501F097FD019B009A029962
:10A1D0004B44134493F8262061F3410283F8262070
:10A1E00093F8262061F3000283F82620BFE7FFF7EB
:10A1F00017FC404608A900F0DBFBF2E400214046D2
:10A2000001F000FB404601F09FFB874F99F80230B8
:10A210000293002300943A781C460CE00BEB4313A6
:10A22000DB68404698473A780134E4B2501D8442D6
:10A23000234600F3CE809442A3EB0203EED23368B0
:10A2400013EB4413ECD1794B009C1B68DB0700D562
:10A2500000BE9DF8083089F802307BE6FFF7DAFB94
:10A26000024600283FF45DAD4046137808A900F08F
:10A27000B7FB00287FF4B5AC53E5BDF82410FCF71C
:10A280001BFB02460028EFD14BE5022B3FF417AE33
:10A29000FFF7C2FB024600283FF443AD4046538817
:10A2A00008A900F09DFB00287FF49BAC39E5FCF782
:10A2B000F9FA024600283FF408AE4046122308A9E6
:10A2C00000F08EFB00287FF48CAC2AE50AAA08A9CE
:10A2D00002F80E7D4046012300F082FB81E4544BDE
:10A2E000002B3FF41EADFCF723FD024600283FF48F
:10A2F00018ADD3E7C27999F80030511161F3041316
:10A30000921162F3451389F800304388CDF810802C
:10A31000CDE900A4C318039300F10907039BBB42D6
:10A3200037D97B780B2B03BF3B7897F803A0FF1836
:10A330004FF0010A7B78042B43D1039B3A4ACDF8B6
:10A3400014A0DB1B00219BB20291127888469A462A
:10A3500017E0346814EB481433D052463946049859
:10A3600023699847082808F1010201D9824543D2A0
:10A370002D4B5FFA82F81A78CDF80880511D884578
:10A380001CDC029B9045A3EB0202E2D30BEB4214D0
:10A39000E3E7DDF81080DDE900A4FFF73FFB28E7E5
:10A3A0000246434604463946224802F0B1FA1E4BA3
:10A3B000029A1B78053393422744AFDADDE900A403
:10A3C000D7E51A4B1B68DF07DDE900A47FF5D6ADA2
:10A3D000D3E5382200211848009C0EF0A7FA174A4E
:10A3E0004FF0FF33C2E90533D3611384C2E9003370
:10A3F000C2E9023313612CE7DDF814A0BAF1010FB2
:10A400001ED00021CBB2534501F10101C8D2BA7868
:10A41000134459FA83F31A79FF2AD2D183F80480BE
:10A42000F0E700BF1861002030720020F0ED00E07E
:10A43000316D020098720020847200208872002022
:10A4400023690A4A0A498B4208BF4FF0020A934225
:10A45000D7D17B79012BD4D1BB79012BD1D1FB7919
:10A46000002B08BF4FF0020ACBE700BF597902006A
:10A47000197102002DE9F0434378023B85B005468F
:10A480000E46042B0CD8DFE803F0495D037E3F0045
:10A49000844B1A78D70715D51A7842F004021A703F
:10A4A000814B18688EB933464FF0FF3229460AF0C7
:10A4B00041F8003018BF0120F0B97C4B1B68DB0766
:10A4C00000D500BE05B0BDE8F08304AA002342F821
:10A4D0000C3D29460AF03EFA019B43B1744B4FF004
:10A4E00080525A6040BFBFF34F8FBFF36F8F003071
:10A4F00018BF01200028E0D0324669782878FFF79D
:10A5000085FA05B0BDE8F0836A4A13780133DBB2FF
:10A510001370654B1868002ED7D1C4E7614B1A78C9
:10A520006FF300021A701A7800216FF341021A705B
:10A5300059701A7861F382021A705B4B1868002E0A
:10A54000C3D1B0E75C4FDFF874913978DFF87081E0
:10A55000002423460AE0D8F8003013EB44130AD154
:10A560000134E4B24A1DA242234615DB8C42F2D3E9
:10A570005B1A09EB4313DB69002BF1D0696828787B
:10A5800098473978ECE7474B1A78D4079AD51A7868
:10A590006FF382021A7083E7424C237858072FD555
:10A5A000237841496FF3820323702B788DF80430B0
:10A5B00005220023CDF80A30CDF80630ADF80E3074
:10A5C00008688DF80520002E59D004AA01A942F888
:10A5D000103D0AF0BFF9009B43B1354B4FF080525C
:10A5E0005A6040BFBFF34F8FBFF36F8F003018BF6B
:10A5F000012000284DD12D4B1B68D90700D500BE86
:10A60000E378DA077FF55EAF274A2B786968106830
:10A610008DF8043003220023CDF80A30CDF806303F
:10A62000ADF80E3002918DF80520F6B104AA01A90B
:10A6300042F8103D0AF08EF9009B43B11C4B4FF0DD
:10A6400080525A6040BFBFF34F8FBFF36F8F00300F
:10A6500018BF012000283FF430AF32469DF80510A6
:10A660009DF80400FFF7D2F92CE733464FF0FF3294
:10A6700001A909F05FFF003018BF0120EAE7334667
:10A680004FF0FF3201A909F055FF003018BF01203B
:10A69000AFE732469DF805109DF80400FFF7B6F9C4
:10A6A000AEE700BF84720020C0720020F0ED00E031
:10A6B00000ED00E084730020307200207CB20300C3
:10A6C0002C7200202DE9F84F0A9F002A4CD09046AA
:10A6D0004A78052A0C460ED1CE7806F00306B3421E
:10A6E00009D18A7802F07F02082A0DD9204B1B6815
:10A6F000DA0700D500BE1E4B1B68DB0702D4002022
:10A70000BDE8F88F00BEFAE7DFF868B0DFF868A0B0
:10A710009BF8009000250EE06278052AEBD1E278E4
:10A7200002F00302B242E6D1A27802F07F02082AC8
:10A73000DCD89BF800909AF802100022204602F024
:10A7400095F80028D2D04846214601F06FF800283D
:10A75000D1D0A278D30916BF0B9B3A701A70227819
:10A76000013545451444D7D10120BDE8F88F00BF1D
:10A77000F0ED00E0186100208472002030B51E4D1D
:10A7800085B0082400230290019303918DF80540C1
:10A790002868144682B9134601A94FF0FF3209F028
:10A7A000C9FE003018BF0120E0B9144B1B68DB075D
:10A7B00000D500BE05B030BD04AA01A942F8103D85
:10A7C0000AF0C8F8009B43B10D4B4FF080525A601D
:10A7D00040BFBFF34F8FBFF36F8F003018BF012012
:10A7E0000028E2D022469DF805109DF80400FFF7EE
:10A7F0000DF905B030BD00BFC0720020F0ED00E0E3
:10A8000000ED00E038B58B7803F07F03082B06D904
:10A810000B4B1B68DB0700D500BE002038BD094A82
:10A82000094B0C46204691781D78002202F01EF854
:10A830000028EDD021462846BDE8384000F0F6BF9C
:10A84000F0ED00E08472002018610020CB0926336F
:10A8500001F07F010348044A03EB410108441168F9
:10A8600001F0BABF84720020BC720020CB092633ED
:10A8700001F07F010348044A03EB410108441168D9
:10A8800001F0D6BF84720020BC72002038B5154C90
:10A8900001F07F0504EB450404EBD1142034A079CA
:10A8A000C00706D5104B1B68DA0700D500BE002094
:10A8B00038BDA5790D4845F001050078A57101F076
:10A8C000F1F80028F4D1A379074A60F30003A371DB
:10A8D000A37960F38203A3711368DB07E7D500BE99
:10A8E00038BD00BF84720020F0ED00E01861002048
:10A8F000054B01F07F0203EB420303EBD11191F80A
:10A90000260000F0010070478472002010B50C4B47
:10A9100018780C4601F0C8F90A4904F07F0301EBEE
:10A92000430101EBD41191F8263043F0020381F882
:10A93000263091F8263043F0010381F8263010BD0F
:10A940001861002084720020054B01F07F0203EBA8
:10A95000420303EBD11191F82600C0F34000704789
:10A960008472002010B50F4B18780C4601F036F8B1
:10A970000D4904F07F0301EB430101EBD41191F881
:10A9800026306FF3410381F8263091F826306FF3BB
:10A99000000381F8263091F826306FF3820381F8A6
:10A9A000263010BD1861002084720020704700BF5F
:10A9B0000A4630B4094C496805461068234603C36B
:10A9C0000023C4E9023392F900209A422846ACBF22
:10A9D000802119461A4630BCFFF758BFC8730020C3
:10A9E000F0B50E462B4C496807463068A2602546F4
:10A9F00003C50021E181F588AB4228BF2B4683B017
:10AA0000A381ADB13BB3002A3DD094F90000402BA7
:10AA100028BF402300282CDB1F4A3846FFF736FFAB
:10AA200098B91E4B1B68DB0712D500BE03B0F0BD02
:10AA300096F90030002BACBF8021002138462B4610
:10AA40002A46FFF723FF0028EBD0012003B0F0BD1A
:10AA5000002003B0F0BD94F90020002AACBF1946D5
:10AA600080211A463846FFF711FF0028D9D001206F
:10AA7000ECE71146084801931A460DF033FF064AE9
:10AA8000019B8021EEE7054B1B68D907E0D500BE8E
:10AA90001046CBE7C873002088730020F0ED00E07B
:10AAA000034B0022C3E90022C3E902221A61704766
:10AAB000C8730020014B1861704700BFC8730020A5
:10AAC0000346064A5968006810B41346002403C3BD
:10AAD000C2E902445DF8044B704700BFC873002010
:10AAE00070B5404C2278C909B1EBD21F82B006463E
:10AAF00015D03BB13C4B1B68DA0700D500BE0020E7
:10AB000002B070BD2146FFF751FF2369002B40D0F2
:10AB10002246304603219847012002B070BD94F9C7
:10AB20000020A068002A08DB0028E8D01A462F4938
:10AB300001930DF0D7FEA068019BE589E2881D44D2
:10AB4000ADB21844AA42A060E58101D03F2B23D8C2
:10AB5000236923B1234A02213046984788B194F9EA
:10AB6000002000239A42ACBF8021194630461A4685
:10AB7000FFF78CFE68B91C4B1B68DB07BFD500BE16
:10AB8000BEE70146304601F08FF83046802101F0E3
:10AB90008BF8012002B070BDA28994F90010531BFC
:10ABA0009BB2402B28BF402300290ADB95424FF07F
:10ABB000000112D00D4A3046FFF768FE0028DAD0B7
:10ABC000E7E795420BD001461A46084801930DF07D
:10ABD00089FE8021054A019BEDE70A46EBE78021CB
:10ABE0000022E8E7C8730020F0ED00E08873002041
:10ABF00000B170470BF030BC00B170470BF036BCB1
:10AC00000138C3B2042B07D856230D4A03FB00F0CA
:10AC100013181B79DB0706D40A4B1B68DB0700D52A
:10AC200000BE00207047CB09363301F07F0103EBF3
:10AC30004101054B08441044196801F0CDBD00BF27
:10AC4000DC730020F0ED00E08C7500200138C3B209
:10AC5000042B07D856230A4A03FB00F013181B796C
:10AC6000DB0701D400207047CB09363301F07F01A8
:10AC700003EB4101034B08441044196801F0D8BDAF
:10AC8000DC7300208C750020F0B5441EE5B2042D65
:10AC900083B017D8562505FB04F5174E01F07F0445
:10ACA00005EB4404344404EBD1143034A779FF0796
:10ACB0000BD5124B186810F0010001D000BE002027
:10ACC00003B0F0BD002003B0F0BD1F4613460A4696
:10ACD0000146705DA579009745F00105A57100F06A
:10ACE000BDFB0028ECD1A37960F30003A371A37925
:10ACF00060F38203A371E3E7DC730020F0ED00E072
:10AD00002DE9F047764DAF798F4284B091461E46CB
:10AD100004465BD0E2234FF0000AA9718DF80910B8
:10AD20008DF80830ADF80CA0002E00F0B3800121A2
:10AD300003AF0DF10808FBF72DFE41463A4602230A
:10AD40002046FBF755FE51462046FBF723FE9DF8B3
:10AD50000C30EB702223D9F800908DF80730002ECC
:10AD60003ED020460121FBF715FE3A460DF10701C2
:10AD700001232046FBF73CFE9DF80C30EB70494662
:10AD8000082300222046FBF733FE20460021FBF774
:10AD900001FE0026102241F2F20320460121EA7151
:10ADA000ADF80830ADF80C60FBF7F4FD3A464146CB
:10ADB00002232046FBF71CFE31462046FBF7EAFD46
:10ADC0009DF80C30EB7004B0BDE8F087222303AF90
:10ADD0000DF10808D9F800908DF80730002EC0D189
:10ADE0004FF0FF31E86D09F0C1FF31462046FBF717
:10ADF0000BFE20460121FBF7CDFD3A460DF1070180
:10AE000001232046FBF7F4FD9DF80C30EB70324631
:10AE1000082349462046FBF7EBFD31462046FBF769
:10AE2000B9FD20460121FBF7EFFD3346324631469E
:10AE3000E86D09F07FFB102241F2F2034FF0FF3181
:10AE4000E86DEA71ADF80830ADF80C6009F08EFFDE
:10AE500031462046FBF7D8FD20460121FBF79AFD3D
:10AE60003A46022341462046FBF7C2FD31462046C2
:10AE7000FBF790FD20460121FBF7C6FD3346324625
:10AE80003146E86D09F056FB9DF80C30EB7004B0CC
:10AE9000BDE8F0874FF0FF31E86D09F067FF3146FC
:10AEA0002046FBF7B1FD03AF204601210DF1080854
:10AEB000FBF770FD3A46022341462046FBF798FD1A
:10AEC00031462046FBF766FD20460121FBF79CFD3D
:10AED000334632463146E86D09F02CFB37E700BFB8
:10AEE000907500202DE9F04F4B781D070E4685B078
:10AEF00090460978044662D1DA0600F14881B268CA
:10AF000012B1B288002A5AD1E24D03F02006AB7983
:10AF100066F07F068B42F6B200F06481E2230027E0
:10AF2000A9718DF809108DF80830ADF80C70B8F1E2
:10AF3000000F00F06C82012120460DF10C090DF18B
:10AF4000080AFBF727FD51464A4602232046FBF735
:10AF50004FFD39462046FBF71DFD9DF80C30EB7088
:10AF6000F223EE718DF8096000268DF80830ADF8F7
:10AF70000C60B8F1000F40F0D980E86D4FF0FF3160
:10AF800009F0F4FE41462046FBF73EFD2046012134
:10AF9000FBF700FD4A46022351462046FBF728FDF9
:10AFA00041462046FBF7F6FC20460121FBF72CFD2D
:10AFB000434642464146E86D09F0BCFA45E0B54DCE
:10AFC00013F02007AA7946D1914240F0BE800DF1DE
:10AFD0000C090DF1080AB37813F0100F0CBF102202
:10AFE0002022EA2300278DF809208DF80830ADF8DB
:10AFF0000C70B8F1000F00F0FA8001212046FBF739
:10B00000C9FC02234A4651462046FBF7F1FC39466B
:10B010002046FBF7BFFC9DF80C30EB707378EB71AA
:10B02000F222012120468DF809308DF80820ADF874
:10B030000C70FBF7AFFC51464A4602232046FBF753
:10B04000D7FC39462046FBF7A5FC9DF80C30EB7089
:10B0500005B0BDE8F08F914240F0A1800DF10C09E0
:10B060000DF1080AB37813F0100F0CBF40228022B4
:10B07000EA2300278DF809208DF80830ADF80C7010
:10B08000B8F1000F00F0E48001212046FBF782FCBC
:10B09000514602234A462046FBF7AAFC3946204681
:10B0A000FBF778FC9DF80C30EB7032882B899A42C4
:10B0B0002AD0B788F2887388BF1ABFB25B099F4253
:10B0C00028BF1F4617F0FF0740F008813A23AF70F2
:10B0D0008DF8097000278DF80830ADF80C70B8F1C4
:10B0E000000F00F0D98001212046FBF753FC5146A8
:10B0F00002234A462046FBF77BFC39462046FBF7F5
:10B1000049FC9DF80C30EB7033782B7273786B72BE
:10B110007378EB71F22200268DF809308DF8082043
:10B12000ADF80C60B8F1000F3FF427AF20460121C5
:10B13000FBF730FC51464A4602232046FBF758FCF9
:10B1400031462046FBF726FC7FE7E223A9718DF804
:10B150000910ADF80C708DF80830B8F1000F00F050
:10B16000DE80012120460DF10C090DF1080AFBF7E4
:10B1700011FC51464A4602232046FBF739FC39466A
:10B180002046FBF707FC9DF80C30EB7023E74346A5
:10B1900006F10802FFF7B4FD05B0BDE8F08FE22329
:10B1A0000027A9718DF809108DF80830ADF80C70E2
:10B1B000B8F1000F00F0D980012120460DF10C09F3
:10B1C0000DF1080AFBF7E6FB51464A4602232046EA
:10B1D000FBF70EFC39462046FBF7DCFB9DF80C30F4
:10B1E000EB703FE70DF10C090DF1080AB8E64FF0DE
:10B1F000FF31E86D09F0BAFD41462046FBF704FC3B
:10B2000001212046FBF7C6FB02234A465146204651
:10B21000FBF7EEFB41462046FBF7BCFB0121204635
:10B22000FBF7F2FB434642464146E86D09F082F9DE
:10B230009DF80C30EB707378E86DEB71F2224FF0F3
:10B24000FF318DF80930ADF80C808DF8082097E6B5
:10B250004FF0FF31E86D09F089FD41462046FBF7CC
:10B26000D3FB20460121FBF795FB4A4602235146BA
:10B270002046FBF7BDFB41462046FBF78BFB2046F3
:10B280000121FBF7C1FB434642464146E86D09F008
:10B2900051F907E7907500204FF0FF31E86D09F094
:10B2A00065FD41462046FBF7AFFB20460121FBF739
:10B2B00071FB4A46022351462046FBF799FB414663
:10B2C0002046FBF767FB20460121FBF79DFB434629
:10B2D00042464146E86D09F02DF912E712238DF838
:10B2E0000730D6F808B0B8F1000F64D0204601212D
:10B2F000FBF750FB4A460DF1070101232046FBF7FF
:10B3000077FB9DF80C30EB7059463B4600222046F7
:10B31000FBF76EFB00212046FBF73CFBD6E64FF027
:10B32000FF31E86D09F022FD41462046FBF76CFB3A
:10B330000DF10C09204601210DF1080AFBF72AFB4B
:10B340004A46022351462046FBF752FB414620461F
:10B35000FBF720FB20460121FBF756FB4346424604
:10B360004146E86D09F0E6F80DE74FF0FF31E86D72
:10B3700009F0FCFC41462046FBF746FB0DF10C09A9
:10B38000204601210DF1080AFBF704FB4A4602237F
:10B3900051462046FBF72CFB41462046FBF7FAFAC4
:10B3A00020460121FBF730FB434642464146E86D0B
:10B3B00009F0C0F812E74FF0FF31E86D09F0D6FC54
:10B3C00041462046FBF720FB20460121FBF7E2FA2D
:10B3D0004A460DF1070101232046FBF709FB9DF8C2
:10B3E0000C30EB7042463B4659462046FBF700FBCB
:10B3F00041462046FBF7CEFA20460121FBF704FB2D
:10B40000434642464146E86D09F094F85EE64FF047
:10B41000FF31E86D09F0AAFC41462046FBF7F4FA3B
:10B420000DF10C09204601210DF1080AFBF7B2FAD3
:10B430004A46022351462046FBF7DAFA41462046A7
:10B44000FBF7A8FA20460121FBF7DEFA4346424605
:10B450004146E86D09F06EF87FE500BF2DE9F04147
:10B4600002F07F0CBDF818E0D20981BBBCF1000FDF
:10B470005ED13E4EA6F160077178B47882F0010289
:10B4800062F345110A466FF3041244F01001727022
:10B49000B170B278B360032363F3030200258046E2
:10B4A000A6F804E0B270F5802846FFF7A1FBBC7A4D
:10B4B000C4BB01252046BD72FFF79EFB22464046D5
:10B4C00031462C46FFF70EFD2046BDE8F08182F0A4
:10B4D0000108BCF1000F2ED0254F01223C4604E0AC
:10B4E0000132142A04F10C0418D094F86C508D42E7
:10B4F000F6D102EB420507EB850595F8615005F0A2
:10B500000F066645ECD1C5F34015454504F16C06C0
:10B51000BFD00132142A04F10C04E6D100242046E5
:10B52000BDE8F0812846FFF767FB2046BDE8F081C3
:10B5300082F00108D0E70E4F01243D4602E00134BD
:10B54000142CEBD095F86C608E4205F10C05F6D109
:10B5500004EB4406B60007EB060C9CF861C01CF037
:10B560000F0FECD160363E4486E700BFF075002037
:10B570009075002042DF704743DF704744DF70471B
:10B5800012DF7047F0B5334CBFF35B8F014604F513
:10B5900090730125D3E84F2FC3E8405F0028F9D10D
:10B5A000BFF35B8F12F0FF0F48D1082929D04E015D
:10B5B000A21954F806C028489388284F01F59476BC
:10B5C00001EB810E50F82660D2889A1A93B2B6B277
:10B5D00000EB8E0209B2B34228BF3346C2F800C75F
:10B5E00007EB8100C2F8043747F82150BFF36F8F93
:10B5F000BFF34F8F1A4B984218D0043B984215D096
:10B60000F0BD154BD3F8C024D1030FD494F80B111F
:10B6100061B11449D4F80001C3F8A007C3F8A42706
:10B620000D60BFF36F8FBFF34F8FF0BD0023BFF3EB
:10B630005B8F84F82031BFF35B8FF0BD0A4B0B4862
:10B640005A68C2F30802003218BF0122BDE8F04078
:10B65000FFF794B8E07600200070024028700240A6
:10B66000507002404870024000ED00E0E5B6020074
:10B67000174BBFF35B8F01460122D3E84F0FC3E89E
:10B680004C2FBCF1000FF8D1BFF35B8F10F0FF0F10
:10B6900014D10A60BFF36F8FBFF34F8F0D4B9942E8
:10B6A00003D0043B994200D070470B4BBFF35B8F34
:10B6B000002283F82021BFF35B8F7047074B0848B7
:10B6C0005A68C2F30802003218BF0122FFF756B8C9
:10B6D0000078002050700240E076002000ED00E08D
:10B6E00071B60200F0B5334CBFF35B8FC1B204F505
:10B6F00090730126D3E84F2FC3E8406F0028F9D19B
:10B70000BFF35B8F12F0FF0F47D1082928D04D01FE
:10B71000621954F805E028489388DFF8B0C001F5B5
:10B72000947550F82570D2888D009A1A93B2BFB2E2
:10B730006A1800EB8202BB4228BF3B46C2F800E712
:10B740006544C2F804374CF82160BFF36F8FBFF334
:10B750004F8F1A4B9D4218D0043B9D4215D0F0BD2F
:10B76000154BD3F8C024D1030FD494F80B1161B159
:10B770001349D4F80001C3F8A007C3F8A4270E604A
:10B78000BFF36F8FBFF34F8FF0BD0023BFF35B8F0D
:10B7900084F82031BFF35B8FF0BD0A4B0A485A682A
:10B7A000C2F30802003218BF0122BDE8F040FEF7E4
:10B7B000E5BF00BFE07600200070024050700240FC
:10B7C0004870024000ED00E0E5B60200287002403B
:10B7D00001207047014B80225A60704700E100E071
:10B7E000074BD3F80014D3F8002400200A434FF489
:10B7F0008001C3F80024C3F85801C3F8041370474C
:10B8000000700240074B4FF4001229B9C3F8082317
:10B81000054B83F821117047C3F80423024B83F8CA
:10B820002111704700700240E076002070B48A78E1
:10B830008C88414EC97802F07F03D50905EB43009F
:10B8400006EB001001F00301C4F30A04012904818E
:10B850002BD0012101FA03F4BDB1384802339940DD
:10B86000C0F80413D0F810352343C0F81035334B1B
:10B8700042F48071C3F81825C3F80C15BFF36F8F1D
:10B88000BFF34F8F012070BC70472C4803F10C06AA
:10B89000B140C0F80413D0F8141503F594730C43A9
:10B8A000C0F8144540F82350E1E7082B08D0244B9A
:10B8B000186810F00100E6D000BE002070BC704790
:10B8C000EDB9B6F818311BB11C4B8022C3F81C250A
:10B8D0001A4A0023C2F85031D2F8003313F400138F
:10B8E00008BFC2F85431154B4FF44012C3F804237B
:10B8F000D3F8142542F48072C3F81425BEE7B6F8D5
:10B9000008210E4B0021C3F82C1112B18022C3F87C
:10B910001C250A4AD2F8003313F4001308BFC2F8FA
:10B920005431064B074AC3F80423D3F8102542F4D8
:10B930008072C3F81025A1E7E07600200070024075
:10B94000F0ED00E0000820001F4B80222DE9F041BF
:10B95000C3F88420BFF34F8FBFF36F8F01241B4DBB
:10B960001B4FA0460026A30004F10C02A11C03F10A
:10B97000804303F51C3308FA01F108FA02F20A4386
:10B98000C7F8082328465E60013420229E62002109
:10B990000CF0CCFF082C05F12005E4D10D4BC7F8C5
:10B9A00008332022C7F81C6500217E620A48BE6465
:10B9B0000CF0BCFFC7F81485C7F81085024B802235
:10B9C0005A60BDE8F08100BF00E100E00077002090
:10B9D0000070024000083000E077002001F07F0294
:10B9E000082A70B44FEAD11128D0012303FA02F0DB
:10B9F000C043B1B1294C951CAB40C4F80833D4F80E
:10BA00001055274B2840C4F8100501EB420103EB09
:10BA100001110023CB72BFF36F8FBFF34F8F70BC48
:10BA200070471E4C02F10C05AB40C4F80833D4F843
:10BA300014551B4B2840C4F81405E6E7184B03EBDC
:10BA400001100024A0F808411448D1B14FF400645B
:10BA5000C0F80843D0F8104524F48074C0F81045AD
:10BA6000B3F81841B3F808510C48EC424FF0000607
:10BA700008BF4FF40014C0F81C6508BFC0F80843A5
:10BA8000C3E74FF48014C0F80843D0F8144524F4F9
:10BA90008074C0F81445C0F85011E1E7007002400E
:10BAA000E076002001F07F004FEAD11CF0B50CEBEE
:10BAB0004005744E2D01771985B0FC7A4CB1724B5C
:10BAC0001C6814F0010401D000BE0024204605B01B
:10BAD000F0BD04F0FF0E7251BB80A7F806E000280D
:10BAE00043D1002B57D0BCF1000F00F08E8006EB45
:10BAF000401100EB8003CD8A8A8A0C8B0969521BA6
:10BB00009B0092B203F1804303F51C33A24228BF8D
:10BB100022465E4DC3F8001600B2C3F804265C4B03
:10BB2000BFF35B8F05EB80010122D3E84F4FC3E8E1
:10BB3000472F002FF9D1BFF35B8FE4B2002C40F008
:10BB4000908045F82020BFF36F8FBFF34F8F514B8C
:10BB5000994202D0043B994219D1BFF35B8F002375
:10BB600086F82031BFF35B8F11E0BCF1000FBED12E
:10BB700006EB40160123F372BFF36F8FBFF34F8FB5
:10BB8000B37A23B1F37A03F0FF04002B74D10124BC
:10BB9000204605B0F0BD404AD2F88024C2F3C0125E
:10BBA0006245A0D03D4D6A688DF80810C2F30801C7
:10BBB00000314FF4E06218BF012101A803938DF812
:10BBC0000930ADF80420FEF755FCBFF35B8F06F596
:10BBD00090720123D2E84F1FC2E8403F0028F9D1FC
:10BBE000BFF35B8FCCB2002C38D12A4A1360BFF36D
:10BBF0006F8FBFF34F8F1C46BFF35B8F204686F8D5
:10BC00002011BFF35B8F05B0F0BD0123204AF37212
:10BC1000BFF35B8FD2E84F4FC2E8413F0029F9D113
:10BC2000BFF35B8FE4B26CB91D4A1360BFF36F8F33
:10BC3000BFF34F8FBFF35B8F86F820C11C46BFF365
:10BC40005B8F43E7154B16495A681648C2F3080242
:10BC5000003218BF0122FEF791FD37E76A680D49EF
:10BC6000F3E70E4B0F485A68C2F30802003218BFC0
:10BC70000122FEF783FD29E786F80AC0FFF782FC60
:10BC800024E700BFE0760020F0ED00E00470024001
:10BC900000780020507002400070024000ED00E08B
:10BCA0004C70024071B6020011F07F0008B512D04E
:10BCB00008280BD00E4B41F48072C909C3F818252F
:10BCC00004D10C4B03EB40139A7A62B9BFF36F8F28
:10BCD000BFF34F8F08BD064B01225A65BFF36F8F2C
:10BCE000BFF34F8F08BD9972FFF74CFCEEE700BF22
:10BCF00000700240E076002011F0770F12D00A4B5E
:10BD000041F48072C3F80C15C3F80C25CA09C3F8B6
:10BD1000181504BF01F5947143F82120BFF36F8F0C
:10BD2000BFF34F8F704700BF007002402DE9F04F06
:10BD3000A54BA64CD3F8000300238BB01E461F462C
:10BD4000012520FA03F11A19C9074FEA820209D521
:10BD5000116839B105FA03F117600E43BFF36F8F15
:10BD6000BFF34F8F0133192BEBD1F20700F135826E
:10BD7000974D330508D5944BD3F8A83601229BB2D2
:10BD8000A5F8163185F81C21B70206F4800424D5E5
:10BD90008D4BD3F81425D00540F1FC81002C00F028
:10BDA000A182D3F80024D20740F19C82D3F8103549
:10BDB000DA0540F1FB8195F81C3107AF002B40F00C
:10BDC000BD82814BD3F82035089338464FF4407339
:10BDD0000121ADF81C30FEF74DFB04B37A4AD2F8CE
:10BDE000004440F201732340C2F80034E30500F13F
:10BDF0005682670510D5744B0122C3F808259A6551
:10BE0000D3F8002312F4001208BFC3F854216E4B7C
:10BE10004FF40012C3F80423A00500F1358231026B
:10BE20003DD5694BD3F880C4D3F88414D3F888E4A3
:10BE3000D3F88C74D3F89084D3F89444D3F898044E
:10BE4000D3F89C245FFA8CF35FFA80FCD0B25A06D8
:10BE5000C9B25FFA8EFEFFB25FFA88F85FFA84F922
:10BE600001D105291BD00024224668F3070263F3A1
:10BE7000070461F30F2469F30F226EF317446CF388
:10BE8000174260F31F6267F31F644FF4C063012120
:10BE900007A8CDE90842ADF81C30FEF7EBFA4D4B90
:10BEA0003340002B40F09181DFF82491464F4D46FE
:10BEB000CA4609F5907800241DE02B44DA7A002A5E
:10BEC00000F0D781DA88AAF804200022DA72D98833
:10BED00009914FF4E063012107A88DF820B08DF897
:10BEE0002120ADF81C30FEF7C5FABBF1080F47D092
:10BEF00001340AF1200A04F10C0326FA03F3DB07EC
:10BF00005FFA84FBF1D504EB840307EB8303DAF8D3
:10BF10000020D3F80807630112FA80F2E918CAF882
:10BF20000020CA8880B2024492B2082CCA80C4D0D1
:10BF3000BAF808208242C0D1CA88BAF804109142E7
:10BF4000BBD9BBF1000FD0D10122BFF35B8FD8E882
:10BF50004F3FC8E8412F0029F9D1BFF35B8F13F0A1
:10BF6000FF0F40F052821C490A60BFF36F8FBFF38E
:10BF70004F8FBFF35B8F85F82031BFF35B8FB7E73F
:10BF8000164B3340002B00F002810F4BD3F86C248A
:10BF90000192C3F86C24BFF36F8FBFF34F8F16F479
:10BFA000806600F06E81D3F88024D3F8803483F06B
:10BFB0008003C3F3C0130593C2F3C0130493DFF8E7
:10BFC00008A00024A84613E000700240409C001026
:10BFD000E0760020FCFB1F004C70024000040001D2
:10BFE000002C00F0F281072E52D0013409F1200913
:10BFF0000199E14004EB8403C9070AEB830308EBD2
:10C000004412E6B2ECD5D3F80816D9F81070C9B2CC
:10C010000F44C9F81070D08A014489B2D182A8496E
:10C02000D08AB9F8145061188900854202914FF006
:10C03000010C66F07F0103914FF4E06B4FF0000EAE
:10C04000614607A840F2B480D18AB9F81820C3F835
:10C0500000766D1AADB2954228BF1546994AC3F8CD
:10C060000456BFF35B8FD2E84F3FC2E841CF0029AF
:10C07000F9D1BFF35B8F13F0FF0F40F0ED80029B0F
:10C08000C3F800C0BFF36F8FBFF34F8F072EACD143
:10C09000019BDB03454601D4059B43B1EB7A23B1F9
:10C0A000EB88AA889A4200F271810123AB72019B4E
:10C0B0009F030BD595F82B3023B1EB8CAA8C9A42B9
:10C0C00000F28881012385F82A30019B5E030DD59B
:10C0D00095F84B3033B1B5F84630B5F844209A4264
:10C0E00000F27D81012385F84A30019B1C030DD5A8
:10C0F00095F86B3033B1B5F86630B5F864209A42E4
:10C1000000F27E81012385F86A30019BD8020DD5AB
:10C1100095F88B3033B1B5F88630B5F884209A4263
:10C1200000F23881012385F88A30019B99020DD5F0
:10C1300095F8AB3033B1B5F8A630B5F8A4209A42E3
:10C1400000F22D81012385F8AA30019B5A020DD5FA
:10C1500095F8CB3033B1B5F8C630B5F8C4209A4263
:10C1600000F22281012385F8CA30019B1B020ED503
:10C1700095F8EB30002B00F0F380B5F8E630B5F819
:10C18000E4209A4240F2EC800720FFF7FBF90BB065
:10C19000BDE8F08FD3F81025D1053FF50CAE95F82A
:10C1A00021211AB94FF40012C3F8082307AF08E69B
:10C1B000D38A09939DF80C30ADF81CB08DF820306F
:10C1C0008DF821E0FEF756F90DE70023BFF35B8FF2
:10C1D00085F82031BFF35B8F66E63B4B3B4A3C4D15
:10C1E0003C4800240127C2F81475C2F81075546049
:10C1F00094625C609C629C60DC62DC601C631C611D
:10C200005C635C619C639C61DC63DC611C64546204
:10C210009464C2F85841D2F80034D2F800140B43A9
:10C22000C2F80034D2F80033C2F808332146C2F80D
:10C23000040328464FF492720CF078FB40234FF42D
:10C240008072394607A82B832B818DF82040ADF8EA
:10C250001C20FEF70FF98CE51F4B20485A68029905
:10C26000C2F30802B2EB0E0218BF0122FEF786FAF3
:10C27000B9E61B4B1B68D80789D500BE0BB0BDE8DB
:10C28000F08FCDE904669AE600220523012107A874
:10C290008DF81C208DF81D30FEF7ECF8BFE501216C
:10C2A000C2F82C150423002207A88DF81C208DF855
:10C2B0001D30FEF7DFF867057FF5AEAD9BE500BFEB
:10C2C000019C0010007800200470024000700240C1
:10C2D000E07600200514C00100ED00E071B6020018
:10C2E000F0ED00E04F4BBFF35B8F0122D3E84F1F0F
:10C2F000C3E8402F0028F9D1BFF35B8F11F0FF0F87
:10C3000032D1494BD3F8C004C70352D495F80B116E
:10C3100001F0FF07002967D04449D5F80071C3F840
:10C32000A077C3F8A4070A60BFF36F8FBFF34F8FE6
:10C33000D3F81035D8053FF53EAD37E7B5F81631DF
:10C340000993002285F81C2188234FF4E0623846C7
:10C350000121ADF81C20ADF82030FEF78BF830E558
:10C36000012385F8EA3012E7314B32485A68C2F3AC
:10C370000802003218BF01220821FEF7FFF92A4BFC
:10C38000D3F81035DB053FF516AD0FE70020FFF7BA
:10C39000F9F88CE60420FFF7F5F8019BC6E60520C6
:10C3A000FFF7F0F8019BD1E60620FFF7EBF8019BC1
:10C3B000DCE6BFF35B8F85F82011BFF35B8FD3F80A
:10C3C0001035DF053FF5F7ACF0E6049900293FF49E
:10C3D0000CAE18E60120FFF7D5F8019B76E60220A7
:10C3E000FFF7D0F8019B81E6BFF35B8F85F82071E2
:10C3F000BFF35B8FD3F81035D9053FF5DCACD5E63C
:10C400000320FFF7BFF8019B80E6094B0A485A68F2
:10C410000A49C2F30802003218BF0122FEF7AEF942
:10C4200066E500BF007800200070024048700240BE
:10C4300000ED00E0E5B6020071B602004C7002406B
:10C4400030B5012885B000F09F8057D3022840D135
:10C45000BA4BD3F80435002B40F0D780B74AD2F856
:10C4600000341C05FBD54FF40063C2F80034BFF361
:10C470006F8FBFF34F8FB24AB24B12681B68082A06
:10C4800000F0D780AD4BB04D80240122C3F81C458D
:10C49000C3F80423C5F88441FDF7D8FA002840F01A
:10C4A000F880AA4D43F204044FF080432268AA4268
:10C4B00011D0D3F80C14D3F80C24D003F6D5CA0746
:10C4C000F4D59E4B0122C3F80425BFF36F8FBFF351
:10C4D0004F8F05B030BD04AA002102F80C1D104694
:10C4E000FFF74EF89DF804000028E2D010460191B5
:10C4F000FFF744F8019A002AD8D0E2E78F4BD3F82F
:10C500000025002AE5D14FF480014FF40062C3F802
:10C510000813C3F80024BFF36F8FBFF34F8F884B0E
:10C520001B68082B00F0B780844B0122C3F800255C
:10C53000BFF36F8FBFF34F8F43F2040203F18D53AC
:10C5400003F57723126803F2DB539A4200F0CA80A6
:10C550004FF08043D3F80C24D3F80C34D90301D521
:10C56000D207B6D443F20402784B12689A4200F024
:10C570001881774B00221A601B6801934FF08043AB
:10C58000012201991A60A4E76C4BD3F80025002A18
:10C590009FD00022C3F80425BFF36F8FBFF34F8FE6
:10C5A00069498020C1F88400BFF34F8FBFF36F8FBC
:10C5B000D3F80013C3F80813C3F80025BFF36F8F37
:10C5C000BFF34F8F43F2040103F18D5303F577233B
:10C5D000096803F2DB53994200F0998001AB5D4A90
:10C5E000012111605C4A5168C1F30801003118460D
:10C5F0004FF000024FF0020318BF01218DF8042014
:10C600008DF80530FDF736FF63E743F204024F4B28
:10C6100012689A4200F0B0804FF08043D3F80C24A7
:10C62000D3F80C34DB037FF519AFD5077FF516AFD0
:10C630004FE7032B0AD8494A1168002940F0988037
:10C64000474C49F275301060216010605A1E022A72
:10C6500010D8424A1168002967D1424D3848394BF9
:10C6600000681B6849F2753414602960146008285A
:10C670007FF408AF032B3FF605AF3B493B4B40F23D
:10C68000E370402208601A60BFF36F8FBFF34F8FD3
:10C69000F8E66C6005E72B4B1B685A1E022A12D87D
:10C6A0002E4B1A68002A40F08E802E4949F27532CE
:10C6B00003201A6008601A60214A224B12681B6826
:10C6C000082A7FF431AF032B3FF62EAF234B1A68B5
:10C6D000002A74D1224949F27532C0201A600860DC
:10C6E0001A6021E704AB002203F80C2D1846FEF770
:10C6F00047FF9DF8041000293FF42AAF1846019225
:10C70000FEF73CFF019B002B7FF4E3AE2AE704AB6E
:10C7100003F80C2D1846FEF733FF9DF80420002A7D
:10C720003FF45DAFFEF728FF5CE70549054B0D4A76
:10C7300008681B680021116099E700BF0070024083
:10C74000300100103401001000E100E0DBE5B151E0
:10C75000000100400400004000ED00E000EC064055
:10C7600014EC064014ED06400078024004780240C4
:10C77000174A0021116069E704AB002203F80C2D71
:10C780001846FEF7FDFE9DF8041000293FF444AF63
:10C7900018460192FEF7F2FE019B002B7FF499AE42
:10C7A0005CE604A8002300F80C3DFEF7E9FE9DF8C6
:10C7B0000430002B3FF4DDAEFEF7DCFE89E6044BCF
:10C7C000C0221A60B0E6034B03221A6074E700BF70
:10C7D00014EC064014ED0640F8B5037813F001049C
:10C7E00005D10678C6F3800626B12046F8BD0024A0
:10C7F0002046F8BD0F4605464FF0FF31384608F099
:10C80000B5FA2A7812F001040FD12B785B0704D413
:10C810002B7843F004032B700124002338461A467A
:10C82000194607F087FE2046F8BD3446F5E700BFFD
:10C8300070B505460E4608464FF0FF3108F096FAEF
:10C840002878C0F3800444B90024002330461A46F7
:10C85000194607F06FFE204670BD2B7813F00102D9
:10C86000F2D12B7862F382032B70EEE710B4C37819
:10C87000848803F00303022BC4F30A0426D019D8DA
:10C88000012B04D0002318465DF8044B70470229A1
:10C8900040F2FF3208BF4FF48062A242F3D21A4B3B
:10C8A0001B6813F00103EED000BE002318465DF8AC
:10C8B000044B7047022914BF40234FF48063A34206
:10C8C000EDD3012318465DF8044B704702290BD0C5
:10C8D00012B1B4F5007F11D0A4F108039BB2182B5C
:10C8E00006D9402CEDD0DAE7B4F5007FD7D1E8E7E0
:10C8F000064A22FA03F3DB07D1D5E2E70024402100
:10C90000134644710171BEE7F0ED00E00101000142
:10C910000A44914216D230B44C78052C05D00C78DC
:10C9200021448A42F8D830BC70478C7804F07F05E7
:10C9300000EB4505E4092B550C7821448A42EBD8DD
:10C9400030BC7047704700BF2DE9F04182B00678D7
:10C95000089DBDF82470009361F300060446294643
:10C9600000F8086B012316463A46BDF82C80FCF708
:10C970006DFE05B13FB90A9B63600120A4F80280F7
:10C9800002B0BDE8F08104F11C01012007F0ACFF0A
:10C9900026B903463046C4E90503ECE70023FAE76D
:10C9A00010B50446406908B108F096FBA06908B1CB
:10C9B00008F092FB012010BDF0B50B460D4613F8B0
:10C9C000081B83B011F0020F0746184640F2FF1310
:10C9D0000CBF3F241C461646FCF774FEE8B9E6B1CE
:10C9E00026421AD12B786978DA07384618D5FEF72F
:10C9F00007F990B12B78697813F0010313D0002365
:10CA00003846CDE900331A46FEF73EF930B9084BF7
:10CA10001B68DB0701D500BE00E0002003B0F0BDBD
:10CA2000FDF714FFE5E738461A46FDF72FFFEDE75F
:10CA3000F0ED00E070B501F1080582B00646284629
:10CA40000C46FCF73FFE38B123786178DB073046AF
:10CA500005D5FEF7D5F830B9002002B070BDFDF75E
:10CA6000F5FE0028F8D0284662886168FCF754FE7D
:10CA7000054690B1237862686178D80717D50023FE
:10CA8000CDE9003330462B46FEF7FEF8B0B90C4B2B
:10CA90001B68DB07E0D500BEDFE72078617810F087
:10CAA0000104304608D1FDF7E1FE2046D5E73046C7
:10CAB0002B46FDF7EBFEE9E7FEF7C8F82846CCE782
:10CAC000F0ED00E02DE9F0418A890B7882B00C4648
:10CAD0000646E2B9DD07497857D5FEF791F80028F8
:10CAE0004FD0227863886178D20751D5002B5DD072
:10CAF000626800253046CDE90055FEF7C5F80028EC
:10CB00004DD1374B1B68DB073BD500BE3AE003F045
:10CB1000020301F10808002B40460CBF40274FF4E8
:10CB20000077304D08BF6FF03F05FCF7E3FD87420B
:10CB300027D823786178DB07304634D5FEF760F8D4
:10CB4000F8B14046FCF7D6FD874233D805EA00022B
:10CB500065882378617890B2854228BF0546DA0758
:10CB600032D5002D37D062680023CDE9003330463E
:10CB70002B46FEF789F80028C3D0284602E0FEF7CE
:10CB800065F8002002B0BDE8F081FDF75FFEA6E782
:10CB900073B162683046FDF779FE0028B1D0608835
:10CBA00002B0BDE8F081FDF751FEC9E71A46A0E7E3
:10CBB0001A46EFE72078617810F001043046DED1A4
:10CBC000FDF754FE2046DDE73DB1626830462B4656
:10CBD000FDF75CFECFE72A46C6E72A46F6E700BF28
:10CBE000F0ED00E000FEFFFF08B505460C460B48DF
:10CBF0000B4906F07FFF2946084806F07BFF0949EC
:10CC0000064806F077FF21460A22044806F0D2FFC4
:10CC10004FF47A7007F0B2FBFAE700BFA863002078
:10CC200048B3030054B3030070B54E4884B04FF4CA
:10CC3000E1310446F9F7B2FC07F094FB40F6B73651
:10CC4000054607E007F08EFB401BB04207D80A20DC
:10CC500007F094FB2046F9F7BFFC0028F2D0012131
:10CC60001E200AF0E3FC01211E200AF063FD64206F
:10CC700007F084FB00211E200AF05CFD642007F011
:10CC80007DFB01211E200AF055FD642007F076FB94
:10CC9000354800F065F90721102200238DE80E00C9
:10CCA000B0EE081AAB2308220C21DFED300A9FED0D
:10CCB000300A304801F00CFE002848D121211B2207
:10CCC0002C4804F05DFE9FED2C0A2A4804F07CFA03
:10CCD0000146002843D10123009341F60F5241F24F
:10CCE0002103244804F06CFD002834D11D4806F0CF
:10CCF00041FF22491B4806F045FF2149194806F02B
:10CD000041FF2049174806F03DFF1F49154806F02E
:10CD100039FF1E49134806F035FF1D49114806F03A
:10CD200031FF1C490F4806F02DFF1B490D4806F046
:10CD300029FF1A490B4806F025FF1949094806F052
:10CD400021FF07F00FFB174B186004B070BD0146C0
:10CD50001548FFF749FF01461448FFF745FF1448FF
:10CD6000FFF742FFA8630020E47900200000FA43A7
:10CD7000000059442C78002000000C43E4B3030069
:10CD800008B4030044B4030084B403009CB403005B
:10CD9000B4B40300CCB40300E0B40300F4B4030063
:10CDA0000CB5030008780020A4B30300D0B303003F
:10CDB000B4B3030030B5164D164987B00F23009366
:10CDC00028460D23112200F099F8134B04930122F9
:10CDD000002348208DF815208DF8143009F066FDE9
:10CDE00006AB044613E903000E2202AB83E80300FE
:10CDF000009207230195204628220B2100F0D8F944
:10CE00000648214607B0BDE8304001F051BD00BFE3
:10CE1000E479002000F0024080841E002C7800207D
:10CE200038B507F09FFA2C4A1368C31A002B4DDB64
:10CE30002A4900F6B83010600D4601F120000B467B
:10CE4000552204E012F0010F0CBF5522AA2203F86C
:10CE5000012B8342A3EB0102F4D1214C214922682A
:10CE60000023100E60F30703100C60F30F23100A69
:10CE700060F3174362F31F632B601B4806F03AFE12
:10CE80000A222168184806F047FE1849164806F09D
:10CE900031FE002320221149154803F029F80546E8
:10CEA00060B11449104806F025FE29460A220E48B2
:10CEB00006F080FE23680133236038BD0E490A481E
:10CEC00006F060FE23680133236038BD0120BDE811
:10CED000384007F053BA00BF087800200C780020D3
:10CEE0000478002064B30300A863002084B3030027
:10CEF0002C78002094B303008CB3030070B5002499
:10CF000044749DF81050C9B10F4E0160B142846065
:10CF100012D00E4CA14204BF012101710C4951F8FD
:10CF20002220027351F82330837351F82530437364
:10CF30000023C373037470BD0471EFE7054B064A09
:10CF4000064824210BF030FC0030024000F0024083
:10CF500028BA030028B5030090B5030038B50300D4
:10CF6000437C03B1704730B5012285B04274032180
:10CF7000FF22019304468DF803208DF806208DF8DA
:10CF80000510827B417B8DF800204FF080451A46CA
:10CF900002958DF80110057BC373694603740393F2
:10CFA0008DF8025009F05AFDA37B1F2B86BF03F0BA
:10CFB0001F030C4A4FF0A04203F5E07340F2013129
:10CFC00042F82310637B1F2B86BF03F01F03054924
:10CFD0004FF0A04103F5E07340F2033241F8232003
:10CFE00005B030BD0003005010B5044609F07EFEC8
:10CFF0000023637410BD00BF10B483B002AB03E91B
:10D0000006009DF805309DF80410026813F1FF3307
:10D0100018BF012300240229C2F800451C460374EE
:10D02000C17332D003292DD0012925D0224B00997C
:10D03000B3FBF1F3B3F5007FC2F854451FD2FF2BC9
:10D040000FD87F2B24D83F2B25D81F2B26D80F2B6A
:10D0500027D8072B02D819498A4225D04FF0004122
:10D0600001E04FF080610723C2F82415C2F80035B3
:10D0700003B05DF8044B704743F00204D6E74FF06D
:10D080000071F0E743F00604D0E743F00404CDE775
:10D090004FF00061E7E74FF08051E4E74FF00051B7
:10D0A000E1E74FF08041DEE7042B34BF4FF0A051A1
:10D0B0004FF02061D7E700BF0090D00300F002409E
:10D0C00003680022C3F80025704700BF002B3AD048
:10D0D0002DE9F047814684B00D4617461E464FF6AF
:10D0E000FF784FF0000A4645344628BF4446002DDD
:10D0F00014BF2346002300950297361B01938FB17E
:10D10000002269464846039409F052FE05B12544C1
:10D110002744002EE7D104B0BDE8F087CDE90055E3
:10D120000295361B002269464846CDF80CA009F04E
:10D130003FFE4DB94645344628BF4446002EEDD14A
:10D1400004B0BDE8F08770472544002ECBD1E2E75C
:10D1500010B586B006AB012403F8111D002202A908
:10D160000293CDE90343059409F022FE9DF80700E0
:10D1700006B010BD30B40B4A0B4BD2F8B840D2F811
:10D18000BC00D2F8B4101C7300220124074D1C719E
:10D1900098735973DA731A741D605A749A6030BCAC
:10D1A000704700BF28BA0300F879002000F0024061
:10D1B0002DE9F0471A4DAC4607468A4691469846F7
:10D1C000BCE80F003C464FF0000E44F804EB0FC4DF
:10D1D0009CE807001C3584E807000FCD82B007F1FA
:10D1E00030040A9EC7F82880C7E908A9FE620FC468
:10D1F0002B6823600CABC7F844E093E803006C464F
:10D2000084E803002C2009F051FB94E80C000B99F2
:10D21000054601F0B7F938463D6002B0BDE8F08739
:10D22000D0B5030010B5044600680368DB6B98476F
:10D230002068216A036882681B6898472068216A11
:10D24000036802695B68BDE810401847006803681E
:10D250001B6C18472DE9F04F057C83B00446407CD9
:10D260000D9F0C9E0196ED0805EBD0053D44284628
:10D27000894690469B4609F01BFB0646284609F066
:10D2800017FB8246207C08285FFA89F35FFA88F151
:10D2900032D843EA0102638932704B4506F101003E
:10D2A00034D03A46A1890BF041FB20680368DB6A61
:10D2B00098472068216A0368C2685B6898472068BD
:10D2C00003682A4631461D6B5346A8472068216AE9
:10D2D000036802695B689847206803685B6B98473E
:10D2E00023894B4517D0304609F0E4FA504603B085
:10D2F000BDE8F04F09F0DEBA43EA18226389717085
:10D30000D2B24B4506F102003270CAD159463A46B4
:10D310000BF0E8FAC9E7217C01983A460AEBD10103
:10D320000BF0E0FADFE700BF2DE9F04790F804C00A
:10D3300084B004460F4616461D46BCF1000F00F0AF
:10D34000B480427C53B2002BB8BF0733DB10013BE3
:10D350005BB2002B0DF10808C0F2BB80B0F80AE008
:10D360004146D800013B5BB24EFA00FCB3F1FF3FEF
:10D3700001F801CBA0F10800F4D194F810C04FEAF5
:10D38000DC0C0CF1FF335BB2581C09D00139D8001A
:10D39000013B27FA00F05BB201F8010F581CF6D1EF
:10D3A0000CEBD20707EB050A504609F081FA8146DB
:10D3B00047B1013FFFB2013741463A460BF092FABE
:10D3C00009EB070031462A460BF08CFAE36A206825
:10D3D0000133036865D0DB69984706460BE0206897
:10D3E0000368DB6C984720680368DB699847E3694A
:10D3F000801B984263D22068E16A03689B68984763
:10D400000028ECD1504609F053FA0646206803681C
:10D41000DB6A98472068216A0368C2685B6898479E
:10D420002068036852461F6B49463346B847206858
:10D43000216A036802695B689847206803685B6B30
:10D440009847E36A2068013303683ED09B69012155
:10D45000984720680368DB69984707460BE0206817
:10D460000368DB6C984720680368DB699847E369C9
:10D47000C01B98420CD22068E16A03689B689847F9
:10D480000028ECD163691BB115B1E27CB05C984710
:10D49000484609F00FFA304604B0BDE8F04709F0FD
:10D4A00009BA5B6932219847ACE74189CDE900C3ED
:10D4B00013463A46FFF7CEFE04B0BDE8F087484673
:10D4C00004B0BDE8F04709F0F5B95B690121984760
:10D4D000D8E7414651E700BF2DE9F04F457C0446AF
:10D4E00068B20028B8BF07309846C310013B85B02A
:10D4F0005BB2002B9DF838A09DF83CB001920BDB8D
:10D50000DA0003A8013B41FA02F65BB200F8016BB6
:10D510005E1CA2F10802F5D1A77CED0805EBD70748
:10D520004744384609F0C4F9064645B103AA12F843
:10D53000013B00F8013B831BDBB29D42F7D8A27C84
:10D54000A18908EBD2020BF0F1F9BAF1000F1ED05D
:10D55000E26A20680132036800F08180DB69984745
:10D5600081460DE020680368DB6C984720680368FB
:10D57000DB699847E369A0EB0900984280F0898055
:10D580002068E16A03689B6898470028EAD138461A
:10D5900009F08EF9814620680368DB6A98472068A5
:10D5A000216A0368C2685B689847206803683A4646
:10D5B00031461F6B4B46B8472068216A03680269F1
:10D5C0005B689847206803685B6B9847BAF1000F67
:10D5D00020D0E26A20680132036863D09B69012190
:10D5E000984720680368DB69984707460BE0206886
:10D5F0000368DB6C984720680368DB699847E36938
:10D60000C01B984255D22068E16A03689B6898471E
:10D610000028ECD1636933B3B8F1000F23D0E27C6A
:10D6200019F802009847A17C05EBD1010746424654
:10D63000494401980BF056F9304609F03BF9484649
:10D6400009F038F93FB9BBF1000F1DD0A76917B138
:10D650002046B8470746384605B0BDE8F08F5B69FD
:10D660003221984793E7A17C019805EBD10142460E
:10D6700049440BF037F9304609F01CF9484609F0E7
:10D6800019F9BBF1000FE1D15F46384605B0BDE89E
:10D69000F08F304609F00EF96FF43077384605B058
:10D6A000BDE8F08F5B69012198476369002BB3D116
:10D6B000D9E7304609F0FEF8484609F0FBF86FF468
:10D6C0003077384605B0BDE8F08F00BF2DE9F04F48
:10D6D00083B004460C9F807C9DF834A09DF838B040
:10D6E000D51905EBD00528461646CDE9001309F0FB
:10D6F000DFF880465EB106F1FF395FFA89F909F17A
:10D70000010900994A460BF0EDF808EB0900A27CEC
:10D71000A18907EBD2020BF009F9BAF1000F1DD075
:10D72000E26A2068013203687DD0DB699847814650
:10D730000DE020680368DB6C984720680368DB69AC
:10D740009847E369A0EB0900984280F08680206842
:10D75000E16A03689B6898470028EAD1284609F0E7
:10D76000A7F8814620680368DB6A98472068216A29
:10D770000368C2685B689847206803682A46414688
:10D780001D6B4B46A8472068216A036802695B68E5
:10D790009847206803685B6B9847BAF1000F20D068
:10D7A000E26A20680132036860D09B6901219847D2
:10D7B00020680368DB69984705460BE0206803682A
:10D7C000DB6C984720680368DB699847E369401B76
:10D7D000984252D22068E16A03689B689847002803
:10D7E000ECD163691BB317B3E27C19F802009847C8
:10D7F000A17C06EBD10105463A46494401980BF05D
:10D8000071F8404609F056F8484609F053F805BB50
:10D81000BBF1000F1CD0A569DDB120462B4603B03B
:10D82000BDE8F04F18475B693221984796E7A17C25
:10D83000019806EBD1013A4649440BF053F84046B3
:10D8400009F038F8484609F035F8BBF1000FE2D18D
:10D850005D46284603B0BDE8F08F404609F02AF83F
:10D860006FF43075284603B0BDE8F08F5B69012185
:10D8700098476369002BB6D1D9E7404609F01AF8FA
:10D88000484609F017F86FF43075284603B0BDE834
:10D89000F08F00BF90F811C02DE9F04F04464FFA09
:10D8A0008CF00028B8BF07301D46C310013B83B081
:10D8B0005BB2002B9DF830609DF8347090460CDB15
:10D8C000DA0001A8013B5BB241FA02FEB3F1FF3F6F
:10D8D00000F801EBA2F10802F4D14FEADC0B0BEBEC
:10D8E000050A504608F0E4FF8146BBF1000F09D05D
:10D8F00001AA12F8013B00F8013BA0EB0903DBB2DF
:10D900009B45F6D841462A460AF0ECFFE6B1E26AAA
:10D9100020680132036871D0DB69984780460CE0CB
:10D9200020680368DB6C984720680368DB699847C8
:10D93000E369A0EB0800984271D22068E16A0368AD
:10D940009B6898470028EBD1504608F0B1FF80460D
:10D9500020680368DB6A98472068216A0368C26808
:10D960005B6898472068036852464946D3F830A060
:10D970004346D0472068216A036802695B6898477C
:10D98000206803685B6B984706B3E26A206801323F
:10D9900003684DD09B690121984720680368DB69C3
:10D9A000984706460BE020680368DB6C98472068C0
:10D9B0000368DB699847E369801B98423FD220687F
:10D9C000E16A03689B6898470028ECD16369CBB192
:10D9D000C5B1E27C18F8020098470546484608F0B1
:10D9E00069FF404608F066FFADB99FB1A56995B1E2
:10D9F00020462B4603B0BDE8F04F18475B69322143
:10DA00009847A1E7484608F055FF404608F052FF06
:10DA1000002FEBD13D46284603B0BDE8F08F4846C5
:10DA200008F048FF6FF43075284603B0BDE8F08F6A
:10DA30005B69012198476369002BC9D1E2E7484639
:10DA400008F038FF404608F035FF6FF4307528467F
:10DA500003B0BDE8F08F00BF2DE9F04F83B004465E
:10DA6000DDF830809DF834909DF838B0019102EBDC
:10DA70000807384615469A4608F01AFF06463DB193
:10DA8000013DEDB2013501992A460AF02BFF7019CC
:10DA9000514642460AF026FFB9F1000F1BD0E26A58
:10DAA00020680132036874D0DB69984705460BE0B3
:10DAB00020680368DB6C984720680368DB69984737
:10DAC000E369401B984276D22068E16A03689B684C
:10DAD00098470028ECD1384608F0EAFE0546206851
:10DAE0000368DB6A98472068216A0368C2685B683C
:10DAF0009847206803683A4631461F6B2B46B84763
:10DB00002068216A036802695B6898472068036897
:10DB10005B6B9847B9F1000F20D0E26A20680132B0
:10DB2000036851D09B690121984720680368DB692D
:10DB3000984707460BE020680368DB6C984720682D
:10DB40000368DB699847E369C01B984243D22068A9
:10DB5000E16A03689B6898470028ECD16369E3B1E8
:10DB6000B8F1000F19D0E27CA85C98470746304610
:10DB700008F0A0FE284608F09DFEC7B9BBF1000FD3
:10DB800014D0A7699FB120463B4603B0BDE8F04FD3
:10DB900018475B69322198479DE7304608F08AFEB6
:10DBA000284608F087FEBBF1000FEAD15F463846F1
:10DBB00003B0BDE8F08F304608F07CFE6FF430779C
:10DBC000384603B0BDE8F08F5B690121984763696F
:10DBD000002BC5D1E1E7304608F06CFE284608F07E
:10DBE00069FE6FF43077384603B0BDE8F08F00BFB0
:10DBF0002DE9F041457C6BB2002BB8BF0733DB1039
:10DC0000013B5BB2002B82B004460CDBC689DA0014
:10DC100001A9013B46FA02F05BB201F8010B581C66
:10DC2000A2F10802F5D1A77CED0805EBD707013773
:10DC3000384608F03DFE064645B101AA12F8013B00
:10DC400000F8013B831BDBB29D42F7D8A27CA1897F
:10DC5000D20801320AF06AFEE36A206801330368E1
:10DC600000F08580DB69984780460CE020680368F7
:10DC7000DB6C984720680368DB699847E369A0EB91
:10DC80000800984277D22068E16A03689B68984749
:10DC90000028EBD1384608F00BFE80462068036868
:10DCA000DB6A98472068216A0368C2685B68984706
:10DCB000206803683A4631461F6B4346B8472068E0
:10DCC000216A036802695B689847206803685B6B98
:10DCD0009847E36A20680133036837D09B690121C4
:10DCE000984720680368DB69984707460BE020687F
:10DCF0000368DB6C984720680368DB699847E36931
:10DD0000C01B984240D22068E16A03689B6898472C
:10DD10000028ECD16369FBB1E27C18F80200984757
:10DD2000A37C08EBD303074630465D5D08F0C2FDD7
:10DD3000404608F0BFFD2FB967691FB12846B847B4
:10DD40000027E080384602B0BDE8F0815B69012120
:10DD500098476369002BDFD1A37C08EBD3033046DF
:10DD60005D5D08F0A7FD404608F0A4FDE4E75B69AF
:10DD7000322198478EE7304608F09CFD6FF43077EB
:10DD8000384602B0BDE8F081304608F093FD4046C9
:10DD900008F090FD6FF43077384602B0BDE8F081AE
:10DDA0002DE9F04F85B01546109A9DF84440019436
:10DDB0008A460446AF180293002B40F0FB80837C18
:10DDC00007EBD307384608F073FD0646002D00F038
:10DDD000C98046EA0A035A0740F00B810B2D40F236
:10DDE0000881002D14BF2B46012303934FEAD30B68
:10DDF000721CAAF1080C31460023FCE902890133A8
:10DE00005FFA83FE1046F345E1E8028900F107005E
:10DE100002F10802F1D8039901F0F8038B4206EBF6
:10DE200003023BD003F1010C5FFA8CFC1AF80310DB
:10DE3000F154AC4502F1010030D2991CC9B21AF874
:10DE40000C0050708D4202F1020027D9D81C1AF83C
:10DE500001109170C1B28D4202F103001ED9181D4C
:10DE60001AF80110D170C1B28D4202F1040015D927
:10DE7000581D1AF801101171C1B28D4202F105004E
:10DE80000CD90633DBB21AF8011051719D4202F130
:10DE9000060003D91AF803309371D01D029B002BA2
:10DEA00060D0109A0E990AF01DFD019B002B63D1E2
:10DEB000384608F0FDFC804620680368DB6A984716
:10DEC0002068216A0368C2685B6898472068036815
:10DED0003A4631461F6B4346B8472068216A0368BB
:10DEE00002695B689847206803685B6B9847019BF1
:10DEF0000BB3E26A20680132036800F086809B69F8
:10DF00000121984720680368DB69984707460BE0C2
:10DF100020680368DB6C984720680368DB699847D2
:10DF2000E369C01B984277D22068E16A03689B6866
:10DF300098470028ECD167693FB1109B002B77D040
:10DF4000E37C18F80300B8470746029B002B3ED03D
:10DF5000304608F0AFFC404608F0ACFC384605B04F
:10DF6000BDE8F08F109BA27CA18903EBD2020AF0DE
:10DF7000DDFC019B002B9BD0E26A20680132036824
:10DF800021D0DB69984780460CE020680368DB6C91
:10DF9000984720680368DB699847E369A0EB0800AD
:10DFA00098421DD22068E16A03689B689847002860
:10DFB000EBD17DE7384608F07BFC0646002D7FF468
:10DFC00008AF30466DE75B693221984770E7A17C66
:10DFD00005EBD1014144DDE90F020AF083FCB7E70C
:10DFE000304608F067FC6FF43077384605B0BDE87E
:10DFF000F08F0AF1FF3A30461AF8013F00F8013B72
:10E00000831BDBB29D42F7D848E75B690121984743
:10E010006769002F91D198E7304608F04BFC4046E5
:10E0200008F048FC6FF43077384605B0BDE8F08F53
:10E030001F468AE72DE9F041067986B005460C4671
:10E04000002E3FD0477C78B20028B8BF0730C01000
:10E05000013840B2002804A93EDBB5F808800E461E
:10E060004FEAC00C013840B248FA0CFEB0F1FF3F55
:10E0700006F801EBACF1080CF4D195F810E04FEA8A
:10E08000DE0E0EF1FF3040B2B0F1FF3F0BD0013E8B
:10E090004FEAC00C013840B224FA0CFCB0F1FF3F4B
:10E0A00006F801CFF4D100240126029201930EEB71
:10E0B000D7022846039600942346FFF771FE06B068
:10E0C000BDE8F0810189CDE9003233462246FFF7F1
:10E0D000C1F806B0BDE8F0810E46CEE72DE9F04F5D
:10E0E0008BB0072B9DF858509DF850809DF85470C8
:10E0F00005959DF85CB000F22F81B8F1070F00F292
:10E100002B814345C0F028811E46037991460022A9
:10E1100004460D468DF81F20002B00F00681427C3E
:10E1200053B2002BB8BF0733DB10013B5BB2002BAF
:10E1300008A9C0F20F81B0F808A08E46D800013BB4
:10E140005BB24AFA00FCB3F1FF3F0EF801CBA0F13D
:10E150000800F4D194F810C04FEADC0C0CF1FF3346
:10E160005BB2581C0AD00EF1FF3ED800013B25FAE5
:10E1700000F05BB20EF8010F581CF6D101200DF132
:10E180001F0A0023CDE902000CEBD202CDE9003AD0
:10E190002046FFF705FEFF22731CC8F1080802FAAB
:10E1A00003F342FA08F843EA08039DF81F60DB43D3
:10E1B000DBB289EA0602134203D1BBF1000F00F083
:10E1C000A18026EA030603EA0909237946EA09063B
:10E1D0008DF81E60002B00F0B280627C53B2002BE1
:10E1E000B8BF0733DB10013B5BB2002B08A9C0F2BC
:10E1F000B680B4F80A8008464FEAC30C013B5BB214
:10E2000048FA0CFEB3F1FF3F00F801EBACF1080C4B
:10E21000F4D194F810C04FEADC0C0CF1FF335BB280
:10E22000B3F1FF3F0BD001384FEAC30E013B5BB2A5
:10E2300025FA0EFEB3F1FF3F00F801EFF4D1002004
:10E2400001230CEBD2020DF11E0CCDE900C0CDE98B
:10E2500002332046FFF7A4FD206803681B6A984735
:10E260004FF47A7909FB07F983464FF0000801273C
:10E27000206803681B6A9847A0EB0B0048454FD203
:10E2800023798DF81F80002B40D0617C4BB2002B8E
:10E29000B8BF0733DB10013B5BB2002B3EDBB4F8A9
:10E2A00008C0DA0008A8013B5BB24CFA02FEB3F1E9
:10E2B000FF3F00F801EBA2F10802F4D1227CD20862
:10E2C000531E5BB2B3F1FF3F0BD001384FEAC30CD2
:10E2D000013B5BB225FA0CFCB3F1FF3F00F801CF24
:10E2E000F4D102EBD102CDE90277CDE9008A002317
:10E2F00008A92046FFF754FD9DF81F30059A73408A
:10E300001A42B5D100200BB0BDE8F08F21892A4612
:10E31000CDE900A72046FEF79DFFEDE708A8CDE771
:10E320006FF00F000BB0BDE8F08F01220DF11F0A56
:10E330000189CDE900A22A46FEF78CFF2BE761890F
:10E340000093012301932A460DF11E032046FEF798
:10E3500081FF81E78E46FDE66FF00A00D3E70846AD
:10E3600057E700BFF0B51A4D0468DFF868C087B002
:10E370004FF0FF33019129680593CDE90333CB07B3
:10E38000064602920BD4D4E90332CCE90723CCE948
:10E390000D320121CCF80430CCF80830296001ADF1
:10E3A0000FCD30632868306401AD7163B263F363ED
:10E3B00006AFC6F844C0236855F8041B1B68A26862
:10E3C00020469847BD4201D03468F4E707B0F0BD5D
:10E3D0000C7A00201C610020F8B5446C24B906E0DA
:10E3E000914205D0183402D02278002AF8D1F8BD25
:10E3F0000646043400F1300500F1440755F8041BCB
:10E40000002904DB3068226803685B689847AF42E4
:10E4100004F10404F2D1F8BD21B1034B880143F0AB
:10E4200001031847704700BF60B6030008467047F5
:10E43000C069FEF795BD00BFC069FEF7D5BD00BF3E
:10E4400072B1F8B54C1E0746A6185D1E14F8011FE0
:10E45000F869FEF77DFEB44205F8010FF6D1F8BD6C
:10E46000704700BF08F032BF4B1C02D0C8B205F0A5
:10E4700019BC704708461146421C03D01A46C0B268
:10E4800005F0D6BC704700BFC069FEF719BE00BFDB
:10E4900000F1200393E80600C069FEF7ADBD00BFA0
:10E4A00008461146421C02D01A4608F0B1BE0020B0
:10E4B000704700BF08B50A4BDB68D90103D5094B8B
:10E4C0001A68D20708D407F07FF9074BA0FB032393
:10E4D000900A40EA835008BD5868800908BD00BF13
:10E4E000F0ED00E0001000E040420F0005F03ABF00
:10E4F000084605F043BF00BF4B1C02D0084605F09C
:10E5000093BE704708461146421C02D01A4605F0D9
:10E5100081BD70474B1C02D0084609F027B9002086
:10E52000704700BF4B1C084602D0114609F002B9E3
:10E53000704700BF4B1C084602D0114609F076B860
:10E54000704700BF90F8282002B97047026804495C
:10E55000926B8A4202D1C069FEF746BD104700BFE8
:10E5600039E4020090F8282002B970470268044993
:10E57000926A8A4202D1C069FEF7F2BC104700BF1E
:10E5800031E40200F0B587B004AD85E80C00032744
:10E590000122002304240E46CDE9014700921946CA
:10E5A000044605F085FA95E8030004F12003054DC3
:10E5B000E6610022256083E80300204684F82820D5
:10E5C00007B0F0BD08B603004AB116290B466FF03C
:10E5D0000800A8BF16238342B8BF03461370093151
:10E5E000C9B21F298CBF6FF00C000020704700BF1C
:10E5F000F0B503681D4ADB6C934285B005460E46B4
:10E6000012D101F10903DBB21F2B2CD804AC00237B
:10E6100004F8013D40F6E70101232246284603F0B5
:10E62000D3FD38B105B0F0BD002298470028EDD0E9
:10E6300005B0F0BD012702460097072304212846B4
:10E6400003F09EFD0028EDD1F1B20422284603F02C
:10E6500049FE0028E6D13B462246284640F6E7011F
:10E6600003F0AAFDDEE76FF00C00DBE7C9E502006E
:10E670009FED167AB4EEC70AF1EE10FA23D49FED9F
:10E68000147AB4EEC70AF1EE10FA1CDC38B5D0EDFE
:10E69000557A70EE677AB3EE047AF0EEE77AF4EE2C
:10E6A000C77AF1EE10FA054610EE104A06DA00EECF
:10E6B000104A2846BDE8384003F072BE03F094FDCE
:10E6C0000028F4D038BD6FF00B00704700001643EF
:10E6D0000000704470B5012984B0044675D064D33D
:10E6E000022903D06FF0130004B070BD0022012393
:10E6F00000929FED670A1A46062104F0F9FA0028F5
:10E70000F2D12368634A1B6B9FED630A934240F08A
:10E71000A680D4ED557A70EE677AB3EE047AF0EE07
:10E72000E77AF4EEC77AF1EE10FA80F291809FED6D
:10E730005A0A204603F034FE0028D5D10121204694
:10E7400003F060FE0028CFD1236854499A6C8A42B6
:10E7500040F08880DB6C524A934240F0878004ADE1
:10E76000002305F8013D40F6E70101232A46204633
:10E7700003F02AFD0028B7D10126024600960723A0
:10E780000421204603F0FCFC0028ADD104220A211C
:10E79000204603F0A7FD0028A6D133462A4620468E
:10E7A00040F6E70103F008FD9EE70022DFED381A8E
:10E7B0009FED3C1A9FED3C0A1021F1EE040A04F093
:10E7C000BBF800289DD004B070BD002300939FEDDE
:10E7D000300A08231222072103F0CCFF002883D13E
:10E7E0000921204602F09CFC00287FF47DAF9FEDBC
:10E7F0002F0A204602F054FA00287FF475AF2368F0
:10E80000244A1B6B9FED240A93423DD1D4ED557AE7
:10E8100070EE677AB3EE047AF0EEE77AF4EEC77A38
:10E82000F1EE10FA2ADA9FED1C0A204603F0B8FD3B
:10E8300000287FF459AF0121204603F0E3FD0028B2
:10E840007FF452AF236820469B6C0A2198474BE720
:10E85000204603F0C9FC00283FF469AF44E7204696
:10E86000984769E720460A2190473DE702460A217A
:10E870002046984700287FF437AF70E7204603F022
:10E88000B3FC0028CFD02FE720469847D0E700BF41
:10E89000CDCCCC3F71E602000000D943F1E5020087
:10E8A000C9E5020033331C439A9999400000FA42AB
:10E8B00010B5044601F068FE034A044B2260C4F818
:10E8C0004C31204610BD00BF78B6030068B6030087
:10E8D00070B52DED028B82B0B0EE408ABDF82440B9
:10E8E0009DF82850009515460E461A46294623469F
:10E8F000B0EE410AF0EE608A04469DF9205003F024
:10E9000039FF18B102B0BDEC028B70BD3146204614
:10E9100002F006FC0028F5D1B0EE680A204602F0AD
:10E92000BFF90028EED12368224A1B6B934231D1F4
:10E93000DFED217AB4EEE78AF1EE10FA37D4DFED9D
:10E940001F7AB4EEE78AF1EE10FA30DCD4ED557A96
:10E9500078EE677AB3EE047AF0EEE77AF4EEC77AEF
:10E96000F1EE10FA1BDAB0EE480A204603F018FD6B
:10E970000028C7D10121204603F044FD0028C1D161
:10E9800023689B6C2946204602B0BDEC028BBDE893
:10E9900070401847B0EE480A20469847E8E7B0EEC6
:10E9A000480A204603F020FC0028DCD0AAE76FF0DC
:10E9B0000B00A7E771E60200000016430000704458
:10E9C00070B5074B05460FCB84B02E686C4684E8C3
:10E9D0000F00D6F8903021462846984704B070BD05
:10E9E00044B703000000000008B5084609F0D8F954
:10E9F00003A3D3E9002309F04DFA09F0E5FC08BDB3
:10EA0000FCA9F1D24D62B03FD0F85C01704700BF65
:10EA100000F00E03062B0BD0082B0CD00A2B0CD0C9
:10EA20000138C0B2FD288CBF6FF001000020704794
:10EA30006FF430707047024870470248704700BF5B
:10EA40003EFDFFFF3DFDFFFF08B50221D0F85C0150
:10EA5000FFF7C2FC4FF0FF3008BD00BF30B5022306
:10EA600085B001220C460D0AD0F85C018DF80D40EE
:10EA7000CDE90022194603AA8DF80C50FEF70AFFD3
:10EA800005B030BD00B585B004AA002322F8043DCE
:10EA90000123D0F85C011221CDE900330223FEF7F7
:10EAA0001BFDBDF80C0040BA80B205B05DF804FB58
:10EAB00030B52DED028B89B008AC03AD85E80E00B2
:10EAC000FF2304F8013D0123D0F85C019DED048A89
:10EAD000CDE9003322461121FEF7FEFC9DF81F30E0
:10EAE0005BBBDDED038A18EE900A09F07BF92AA3DF
:10EAF000D3E9002309F040FC002840D1DFED287A5B
:10EB0000F4EEE78AF1EE10FA39DC18EE100A09F09B
:10EB100069F921A3D3E9002309F02EFCC0BBDFED86
:10EB2000217AB4EEE78AF1EE10FACCBF6FF06500FF
:10EB3000002009B0BDEC028B30BD012B1CD19DF82B
:10EB40000C30053B072B20D8B5EEC08AF1EE10FA49
:10EB500018D4DFED157AB4EEE78AF1EE10FA11DC85
:10EB60009DF81430053B032B94BF00206FF0090083
:10EB700009B0BDEC028B30BD4FF0FF30D9E76FF02C
:10EB80006400D6E76FF00700D3E76FF00800D0E726
:10EB90006FF06500CDE700BF333333333333E33FEA
:10EBA00000009643000048430000FF43F0B585B0E5
:10EBB00004AAFF2302F8013D012304460D46D0F8C4
:10EBC0005C011121CDE90033FEF786FC9DF80F3082
:10EBD000012B1AD053B1032B64D194F89931032B34
:10EBE00000F2A680DFE803F09A959262D4F87001F3
:10EBF000ED0000FB05F009F0D3F800224E4B09F0C0
:10EC000049F909F0E1FB05B0F0BD94F86021D4EDBD
:10EC10005A6A94F864C142F21073934007EE103AB6
:10EC2000F2EE047AB8EE477A66EEA76A531FC7EE93
:10EC3000267ADBB2022B35BF1926112600270827BA
:10EC4000FCEEE77A17EE900AB0F57A5F2ABF02F180
:10EC50003E0393009B00D9B294F8633105EB430562
:10EC6000C2EB4502BCF1000F07EB820314BF002288
:10EC7000142294F86151B4F866411A4412B24B1E42
:10EC8000002AA8BF9B18043593FBF1F304F1080296
:10EC90009BB205FB032306EB830300FB03F0800814
:10ECA00005B0F0BD4FF0FF3005B0F0BD05EB4505F8
:10ECB000ADB2224BA3FB05235B0903EB830203EBFD
:10ECC000430302EB8202A5EB03155200ADB292B2F0
:10ECD00015B102351544AAB294F89B11184B9FED5B
:10ECE000197AC1EBC10001EBC00102EB410292B203
:10ECF00003FB02F307EE903AF8EE677A67EE877A45
:10ED0000FCEEE77A17EE900A05B0F0BD6D00ADB2EB
:10ED1000CFE705EB4505C5F34F05CAE705EB45050C
:10ED20006D00094B0435A3FB0535C5F38F05C0E71E
:10ED30006FF0090067E700BF0000503FABAAAAAA26
:10ED400000127A00AD37063BCDCCCCCC11B310B558
:10ED500084B004AAFF2302F8013D0123D0F85C012E
:10ED60000C46CDE900331121FEF7B6FB9DF80F30BC
:10ED7000012B03D006D3032B08D1022300202370DC
:10ED800004B010BD0020207004B010BD6FF013005F
:10ED900004B010BD6FF00200704700BF10B5D0F88E
:10EDA0005C310446186803689B689847C1B22046E6
:10EDB000BDE8104004F00CBD70B5D0F85C311C68A3
:10EDC000596A236820461A6D1D6990472B460146F3
:10EDD0002046BDE87040184730B5012185B0044693
:10EDE000D0F85C01FFF7F8FA04AA042302F8013D09
:10EDF0000023D4F85C018421CDE900330123FEF720
:10EE000049FDD4F85C3105461868036801215B6947
:10EE10009847284605B030BD2DE9F041D0F85C3167
:10EE20001C680F46596A236805461A6DDE6820463D
:10EE30009047D5F85C311B6801463A462046B446F7
:10EE40005B69BDE8F041604710B5012384B003AAB7
:10EE50000024D0F85C01ADF80C40CDE9003314215A
:10EE600003238DF80E40FEF737FB9DF80E0008F0E7
:10EE7000A7FF0022044B09F00DF809F0C5FA00EED7
:10EE8000100A04B010BD00BF0000E0BF30B504465A
:10EE900085B00121D0F85C0194F84A51FFF79CFA43
:10EEA0000023D4F85C011A46CDE900331946FEF779
:10EEB000F1FC04AA0123D4F85C0102F8045D80216E
:10EEC000CDE90033FEF7E6FC05B030BD70B5054670
:10EED0000C4684B0D0F85C0195F85811FFF77CFA25
:10EEE00074B903AE0123D5F85C013246CDE9003395
:10EEF0000024D1218DF80C40FEF7CCFC04B070BD8D
:10EF00000123210CD5F85C018DF80F4003AECDE94B
:10EF10000033230E8DF80C30240A8DF80D10324684
:10EF2000042386218DF80E40FEF7B4FC0028D9D0CA
:10EF300004B070BD30B585B004ACFF2304F8043DC7
:10EF4000012305462246D0F85C011121CDE90033AA
:10EF5000FEF7C2FA9DF80C30012B03D195F864310D
:10EF6000012B10D00123D5F85C012246CDE90033F6
:10EF7000002402231321ADF80C40FEF7ADFA9DF8F2
:10EF80000C0005B030BDD5F8940105B030BD00BF10
:10EF900030B502680D4DD2F8C840AC4285B08AB297
:10EFA00010D18DF80D1002230121140AD0F85C0154
:10EFB0008DF80C40CDE9001103AA1946FEF76AFC52
:10EFC00005B030BD1146A04705B030BD5DEA020076
:10EFD00030B585B00823C1F307220125CCB28DF8E6
:10EFE00008208DF80A20D0F85C018DF80940CDE9A1
:10EFF0000055194600250DEB03028DF80B400395D3
:10F00000FEF748FC05B030BDF0B52DED028B85B0A4
:10F0100004ADFF2305F8083D012304462A46D0F835
:10F020005C011121CDE90033B0EE408AFEF754FABD
:10F030009DF80830002B58D1B5EEC08AF1EE10FAD9
:10F040004AD418EE100A08F0CDFE2CA3D3E9002311
:10F0500006460F4609F090F9002843D1DFED267AE5
:10F06000B4EEE78AF1EE10FA3CDC21A3D3E90023E9
:10F070003046394608F00EFF09F0A6F9C0F3074301
:10F08000C0F307265FFA80FC8DF80D300123D4F819
:10F090007011C4F87401D4F85C018DF80E60CDE9EC
:10F0A00000330F0C0E0A2A468DF80A1094F87A5194
:10F0B00094F879418DF80FC008238B218DF80870E2
:10F0C0008DF809608DF80B508DF80C40FEF7E2FBCF
:10F0D00005B0BDEC028BF0BD4FF0750C022640F27E
:10F0E0007520D1E76FF06500F2E76FF01300EFE7EE
:10F0F000FCA9F1D24D6290400000484333333333D2
:10F100003333E33F00000000F0B52DED028B85B0F6
:10F1100004ADFF2305F8083D012304462A46D0F834
:10F120005C011121CDE90033B0EE408AFEF7D4F93D
:10F130009DF8083043B1032B4DD118EE100A08F0AA
:10F1400051FE06460F4612E018EE100A08F04AFE7D
:10F1500027A3D3E9002306460F4609F00DF9E8BBC3
:10F16000DFED217AB4EEE78AF1EE10FA36DC3246B2
:10F170003B4600201D4908F0B7FF09F025F901269C
:10F180000346D4F87411C4F87031D4F85C018DF8DA
:10F190000A30CDE900662A461D0A4FEA134C0F0CCF
:10F1A0000E0A8DF809508DF80F1094F87A5194F8E2
:10F1B00079418DF808C008238B218DF80D708DF8EA
:10F1C0000E608DF80B508DF80C40FEF763FB05B018
:10F1D000BDEC028BF0BD6FF01300F8E76FF0640038
:10F1E000F5E700BFAFF300800000964300402F41D9
:10F1F000333333333333E33F30B585B004ACFF23CF
:10F2000004F8043D012305462246D0F85C01112193
:10F21000CDE90033FEF760F99DF80C30012B03D0E7
:10F22000BBEE040A05B030BDD5F85C012246CDE93D
:10F230000033002403231421ADF80C408DF80E4058
:10F24000FEF74AF99DF80D309DF80C201B0243EAA9
:10F2500002431B0AD8B21B0648BFA0F5807008F015
:10F26000AFFD0022044B08F015FE09F0CDF800EECA
:10F27000100A05B030BD00BF0000D03F2DE9F047B7
:10F2800084B004ADFF2305F8083D01232A46044657
:10F290000F46D0F85C011121CDE90033FEF71CF9CF
:10F2A0009DF80820012A44D10026D4F85C0184F896
:10F2B00098712B4640F236718DF8086094F863819E
:10F2C000B4F86661D4F8949194F864A1FEF7B2FEA4
:10F2D000D4F85C01FEF78CFC28BB9DF808C02FBB5E
:10F2E0004CF0040C01232A4640F23671D4F85C013C
:10F2F0008DF808C0FEF718F80123D4F85C018DF8EA
:10F300000960CDE90033360A2A4606238C218DF8A0
:10F3100008608DF80AA08DF80B908DF80C808DF8A0
:10F320000D70FEF7B7FA04B0BDE8F0870CF0FB0CE7
:10F33000D8E76FF01300F6E770B584B004AEFF2392
:10F3400006F8083D012305460C46D0F85C0132461C
:10F35000CDE900331121FEF7BFF89DF808300BB15D
:10F36000032B3FD1042C40D8DFE804F02C30343894
:10F3700003000B2485F87A41D5F87031D5F8741163
:10F380008DF80B401C0C8DF80A308DF808401B0AD4
:10F390000124D5F85C018DF8093095F879518DF884
:10F3A0000F103246CDE900440E0C0C0A08238B21C5
:10F3B0008DF80D608DF80E408DF80C50FEF76AFA4E
:10F3C00004B070BD002385F87A31D5E7082485F8AC
:10F3D0007A41D1E7092485F87A41CDE70A2485F8F6
:10F3E0007A41C9E76FF01300EAE76FF06900E7E7D9
:10F3F00030B585B004ACFF2304F8043D0123054675
:10F400002246D0F85C011121CDE90033FEF764F803
:10F410009DF80C30012B03D06FF0130005B030BD08
:10F420002A681249526F8A421DD1D5F85C012246E2
:10F43000CDE90033002402231221ADF80C40FEF781
:10F440004BF8BDF80C0040BA80B2C30508D410F0E8
:10F45000800F0CBF4FF0FF306FF00E0005B030BDD5
:10F46000034805B030BD28469047EEE785EA020024
:10F4700042FDFFFF2DE9F04387B006AE4FF0FF08D5
:10F4800006F80C8D01252B4604460F46D0F85C018A
:10F490003246CDE900551121FEF71EF89DF80C30DB
:10F4A000002B40F08180D4F85C018FB102AB2A467A
:10F4B0004FF4D76184F87D51FEF7BCFDD4F85C01B0
:10F4C000FEF796FB074678B3384607B0BDE8F083F1
:10F4D000B4F8803184F87D71CDE9005594F8781145
:10F4E00094F87C518DF80D304FEA132C32468DF88C
:10F4F0000E1094F87B6194F87E418DF8107009230A
:10F500008C218DF814708DF812808DF80CC08DF858
:10F5100013608DF80F508DF81140FEF7BBF90746C8
:10F52000384607B0BDE8F0839DF808C0D4F85C0108
:10F530008DF809802CF0010C02AA4CF0010C02237A
:10F540004FF4D7618DF808C0FDF7EEFEB4F88011D6
:10F55000D4F85C018DF80D10CDE90055324694F8D1
:10F5600078E194F87BC194F87C6194F87D5194F82B
:10F570007E418DF810704FEA112909238C218DF8F6
:10F5800012808DF80C908DF80EE08DF813C08DF878
:10F590000F608DF814508DF81140FEF77BF9074687
:10F5A000384607B0BDE8F0836FF013078CE700BF63
:10F5B0002DE9F04186B006AEFF2706F80C7D012349
:10F5C00004468846D0F85C011546CDE90033324642
:10F5D0001121FDF781FF9DF80C30F3B9082D22D8D9
:10F5E0002B4642464FF4D861D4F85C01FDF79CFEEF
:10F5F000ED00B4F88031EDB2AB421A46A8BF2A46FE
:10F600001F2A84F87C5113DC172AD1B264DC0F293D
:10F610006DD8002918BF04210BE0012B33D0032B38
:10F6200060D1042D5AD06FF0680006B0BDE8F081BB
:10F6300007218DF80D301B0A8DF80C30012384F85A
:10F640007811D4F85C018DF80E10CDE9003394F8F0
:10F650007D3194F87E118DF80F5032468DF81430BC
:10F6600094F87B618DF811100025FF2409238C216B
:10F670008DF813608DF810508DF81240FEF70AF9DE
:10F6800006B0BDE8F081012DCDD8D4F85C018DF82D
:10F690000C70CDE900333246112198F80050FDF787
:10F6A0001BFF9DF80C30012B1CD125F00F032D0101
:10F6B000D4F85C01324643F0040445F0040502230B
:10F6C0004FF4E8618DF80C408DF80D50FDF72CFEDD
:10F6D000002006B0BDE8F0810621AAE7D8F8003086
:10F6E000C4F89C316FF0130006B0BDE8F08105212D
:10F6F0009FE700BF70B50368234AD3F8C830934230
:10F7000084B0044636D104AA4FF6437322F8043D70
:10F7100001210223D0F85C01CDE900111946FEF762
:10F72000B9F8054615B1284604B070BD2368174ADC
:10F730009B68934223D1D4F85C0194F84A6101217B
:10F74000FEF74AFED4F85C012B46CDE900552A4667
:10F750002946FEF79FF804AA0123D4F85C0102F8B9
:10F76000046D8021CDE90033FEF794F80546284664
:10F7700004B070BD44F2FF3198470546D2E72046F9
:10F7800098470546CFE700BF5DEA02008DEE020014
:10F790002DE9F043044687B0D0F85C0116460F46C9
:10F7A000FEF726FA23684D4A5B6F9342054640F008
:10F7B000878006AA002322F8043D0123D4F85C01C7
:10F7C0001221CDE900330223FDF786FEBDF81400B7
:10F7D00040BA80B26FF430739D4268D0002D5FD183
:10F7E000430661D400F0300020280CBF6FF00609FA
:10F7F0004FF000090DF11808FF2308F8043D01231C
:10F80000D4F85C014246CDE900331121FDF764FED6
:10F810009DF81430012B03D194F86431012B52D0A0
:10F820000123D4F85C014246CDE9003300250223D0
:10F830001321ADF81450FDF74FFE9DF815209DF8EB
:10F84000143016B1B34228BF3346DBB20126D4F8D8
:10F850005C018DF8152000931E253B46CDE901661D
:10F86000022241468DF81450FDF730FF0546B8B925
:10F8700023681B4AD3F8C830934228D10223D4F816
:10F880005C0101960096424619464FF64374ADF866
:10F890001440FDF7FFFF0546B9F1000F18BF4D46B4
:10F8A000284607B0BDE8F0836FF00609A2E710F420
:10F8B000007F18BF6FF00505284607B0BDE8F0834C
:10F8C0002046984786E7D4F894310022B9E72046CD
:10F8D00044F2FF3198470546DEE700BF85EA0200A3
:10F8E0005DEA02002DE9F04186B000240546FF27BD
:10F8F0000226D0F85C010394CDE901672346224635
:10F9000040F6E2010094FEF7E9FBD5F85C012346DE
:10F91000CDE90274CDE90046224640F6E501FEF746
:10F92000DDFB0123D5F85C0100934FF6FF7605AAB5
:10F93000032382210194ADF814608DF81660FDF761
:10F94000A9FFD5F85C31186803680A215B699847FC
:10F950002646274605AB012240F61901D5F85C0181
:10F960008DF81470FEF766FBD5F85C01FEF740F9E0
:10F970009DF8140000F00100A04001343043082C31
:10F98000C6B2E7D12B68214A9B6893423AD1012144
:10F99000D5F85C0195F84A41FEF71EFD0023D5F825
:10F9A0005C0101971A4619460097FDF773FF012382
:10F9B000D5F85C018DF8144005AACDE9003380210B
:10F9C000FDF768FF00244FF0FF080227D5F85C011F
:10F9D000039423460094CDE90178012240F6E20128
:10F9E000FEF77CFBD5F85C012346CDE90284CDE926
:10F9F0000047012240F6E501FEF770FB304606B0F5
:10FA0000BDE8F08128469847DCE700BF8DEE020094
:10FA10002DE9F04F87B006ADFF2305F80C3D01231B
:10FA20002A4604460E46D0F85C011121CDE9003388
:10FA3000FDF752FD9DF80C20012A45D0002A40F028
:10FA40008A8094F87C71B2B2BA42A8BF3A46B3B287
:10FA50001F2AA4F880312ADD07211B0A8DF80C30FB
:10FA6000012384F87811D4F85C018DF80D60CDE99C
:10FA7000003394F87B3194F87DC194F87E618DF861
:10FA80000E102A46FF2400258DF813308C210923FF
:10FA90008DF80F708DF814C08DF811608DF810502E
:10FAA0008DF81240FDF7F6FE07B0BDE8F08F172A7B
:10FAB000D1B205DC0F2905D8002918BF0421CCE7F5
:10FAC0000621CAE70521C8E7B7B24FF0000CD4F809
:10FAD0005C01A4F866712B4640F236718DF80CC0BB
:10FAE00094F86391D4F894A194F864B194F898814F
:10FAF000FEF7A0FAD4F85C01FEF77AF80028D3D11B
:10FB00009DF80CC0D4F85C01B8F1010F0CBF0CF0EB
:10FB1000FB0C4CF0040C2A46012340F236718DF8A0
:10FB20000CC0FDF701FC0123D4F85C018DF80D60D9
:10FB30003F0ACDE900332A4606238C218DF80C704C
:10FB40008DF80EB08DF80FA08DF810908DF8118003
:10FB5000FDF7A0FEA8E74FF0FF30A5E72DE9F0473D
:10FB600086B006AD002325F80C3D012604462A4642
:10FB7000D0F85C010223CDE900668F21FDF78AFEF3
:10FB800010B106B0BDE8F08723684E4AD3F8C830FC
:10FB900093424AD10223D4F85C010196009619469B
:10FBA0004FF643762A46ADF80C60FDF773FE01264A
:10FBB000D4F85C013346CDE90066FF272A461121BF
:10FBC0008DF80C70FDF788FC9DF80C30B34231D0F5
:10FBD000002B74D1B4F88011D4F85C018DF810308A
:10FBE000CDE900662A4694F87B3194F878518DF877
:10FBF0000D100E0A94F87C118DF80E508DF813300C
:10FC000094F87D518DF80F1094F87E418DF81270A4
:10FC100009238C218DF80C608DF814508DF811405B
:10FC2000FDF738FE06B0BDE8F08744F2FF3120460C
:10FC30009847BCE71A460026D4F85C018DF80C60A2
:10FC40002B4640F23671B4F8666194F86381D4F8BB
:10FC5000949194F864A194F89871FEF7EBF9D4F8B4
:10FC60005C01FDF7C5FF00288BD19DF80CC0D4F8CE
:10FC70005C01012F0CBF0CF0FB0C4CF0040C2A466D
:10FC8000012340F236718DF80CC0FDF74DFB0123C6
:10FC9000D4F85C018DF80D60CDE90033360A2A46B0
:10FCA00006238C218DF80C608DF80EA08DF80F9036
:10FCB0008DF810808DF81170FDF7ECFD61E74FF0C5
:10FCC000FF305EE75DEA0200F0B503683E4A5D6919
:10FCD000954285B049D19B683C4A934204466ED117
:10FCE0000121D0F85C0194F84A51FEF775FB00231E
:10FCF0001A461946D4F85C01CDE90033FDF7CAFD78
:10FD000004AA012302F8085DD4F85C018021CDE942
:10FD10000033FDF7BFFD054625BB40F272212046AA
:10FD200003F040FD02210646204603F03BFD02465B
:10FD30000823C2F307210127D4F85C018DF809607C
:10FD40008DF80B208DF80A10C6F30726CDE9007751
:10FD50000DEB0302194603958DF80860FDF79AFD37
:10FD6000054670B1284605B0F0BD0023009340F26F
:10FD7000722202236FF07F41A8470546284605B04E
:10FD8000F0BD2046FFF7EAFE05460028EAD1D4F888
:10FD90005C010221FEF720FBD4F85C0102AACDE948
:10FDA00000754FF6FF7403238221ADF808408DF8EB
:10FDB0000A40FDF76FFD0546284605B0F0BD98479F
:10FDC0000546002DA9D0CDE7D1FD02008DEE020041
:10FDD0002DE9F0410E4690F86411012984B00446E3
:10FDE00090461F4650D023683F4A9B68934255D1A6
:10FDF0000121D4F85C0194F84A51FEF7EDFA002392
:10FE00001A461946D4F85C01CDE90033FDF742FDEE
:10FE100004AA012302F8085DD4F85C018021CDE931
:10FE20000033FDF737FD054655BB6FF07F439E421B
:10FE30004146204618BF47F4007703F0B3FC39462B
:10FE40000546204603F0AEFC0127844608238DF8C2
:10FE50000950C5F30725D4F85C018DF80850CCF3A0
:10FE6000072E0025CDE900770DEB03021946039517
:10FE70008DF80BC08DF80AE0FDF70CFD054688B142
:10FE8000284604B0BDE8F0810A9B002BABD0C0F837
:10FE900094312368144A9B689342A9D0204698471E
:10FEA0000546C1E72046FFF759FE05460028E7D181
:10FEB000D4F85C010221FEF78FFAD4F85C018DF8CA
:10FEC0000A60CDE9007502AA350C340A03238221A9
:10FED0008DF808508DF80940FDF7DCFC05462846F2
:10FEE00004B0BDE8F08100BF8DEE0200000000000C
:10FEF0002DE9F04F0568DFF8A482AD68454587B06D
:10FF000004460F461646994632D10121D0F85C01CD
:10FF100094F84A51FEF760FA00231A461946D4F8BD
:10FF20005C01CDE90033FDF7B5FC06AA012302F818
:10FF3000045DD4F85C018021CDE90033FDF7AAFC13
:10FF400005468DB9FF2E00F2108123683146DB6E25
:10FF50002046984722688346D5694B463946324643
:10FF60002046A847054630B1284607B0BDE8F08FC7
:10FF7000A8470546E5E70DF11809FF2309F8043DF8
:10FF80000123D4F85C014A46CDE900331121FDF785
:10FF9000A3FAD4F85C319DF814A018680368DB69F3
:10FFA0009847794B03950BEB8B0BA3FB0B3B4FEA6D
:10FFB0009B1B07460BF1050507E0D4F85C31186878
:10FFC000596A03689B68984768BBD4F85C31186825
:10FFD0000368DB6C9847D4F85C3118680368DB6908
:10FFE0009847C01B8542E8D2236868491A6A8A424A
:10FFF00079D1D3F8C830664A934240F0828001221A
:020000023000CC
:100000000223D4F85C014FF64375CDE9002219466E
:100010004A46ADF81450FDF73DFC0546002D40D092
:100020006FF00405A0E7BAF1030F4FF0010C4FF099
:1000300002034A464FF0120169D12068D0F874B02B
:100040005448834554D1D4F85C01CDE900CCBDF8C7
:100050000CC0ADF814C0FDF73FFABDF814305BBA20
:100060009BB2DB07204652D4D4F8B41101F00F0143
:1000700003F068FA2368464AD3F8C8B002239345D0
:100080004FF001004FF6437C4A46194634D1D4F86C
:100090005CE1ADF814C0CDE900007046FDF7FAFB55
:1000A00093E723689B68434562D10121D4F85C0142
:1000B00094F84A61FEF790F92B462A462946D4F86F
:1000C0005C01CDE90055FDF7E5FB0123D4F85C01A7
:1000D0008DF814604A46CDE900338021FDF7DAFB44
:1000E0006FF0040540E7204690476FF004053BE7BA
:1000F0002046D8470346B4E744F2FF312046D847AC
:1001000063E744F2FF3120469847054686E7D4F876
:100110005C3118680368DB6998470546304607F08C
:100120003FFE00221C4B07F0B5FE8046E81B07EEA1
:10013000900AF8EE677A894617EE900A07F052FEA9
:100140000FA3D3E9002307F0A5FE02460B46404665
:10015000494607F0C9FF08F057F92368C4F8880139
:100160001B6A204698470546FEE66FF00305FBE64E
:10017000204698476FF00405F6E600BFAFF3008015
:10018000FCA9F1D24D62503FD34D6210F5F602004A
:100190005DEA020085EA0200000020408DEE0200C8
:1001A0002DE9F04FFF2AC9B000F2BD810125FF27DC
:1001B000884604461646D0F85C018DF8207008AADF
:1001C000CDE900552B461121FDF786F99DF82070E9
:1001D000AF4200F0E980002F00F0A980032F40F02B
:1001E0002E810823D14AD4F85C010892019500952C
:1001F0001946002508AA0995FDF74CFB05461DB1D7
:10020000284649B0BDE8F08F4FF00109D4F85C01F1
:10021000ADF82050CDE90099022308AA8F21FDF7FF
:1002200039FB05460028EBD1032F00F00B81D4F8F1
:100230005C0100960E25CDE901994346022208A9EA
:10024000ADF82050FDF708FC05460028D8D12368FA
:10025000B74AD3F8C830934240F07081012202239C
:10026000D4F85C014FF64375CDE90022194608AA7F
:10027000ADF82050FDF70EFB0546002DC0D107ABB1
:10028000012240F68901D4F85C018DF81C50FDF77D
:10029000D1FED4F85C01FDF7ABFC05460028AFD1D8
:1002A0000123D4F85C01FF25CDE9003308AA112110
:1002B0008DF82050FDF710F99DF82030012B00F04B
:1002C00043819DF81C5045F0040507AA012340F620
:1002D0008901D4F85C018DF81C50FDF725F894F8DD
:1002E0005811D4F85C01FEF777F801230025D4F803
:1002F0005C01ADF82050CDE9003308AA0323832127
:100300008DF82250FDF7C6FA054630B178E7D4F8EB
:100310005C3118680368DB6C9847D4F85C31186866
:10032000D96A03689B6898470028F0D168E7B4F859
:100330008031D4F85C018DF82130CDE90055190ADF
:1003400094F8785194F87C218DF8201094F87D1160
:1003500094F87BC18DF822508DF8232094F87E51BB
:100360008DF82810092308AA8C218DF825508DF8C6
:1003700024708DF826608DF827C0FDF78BFA0546AE
:10038000002D7FF43DAF01220823D4F85C01DFF893
:10039000A4C10995CDE90022194608AACDF820C0CC
:1003A000FDF778FA05462AE7002508AB3A4640F201
:1003B0003671D4F85C018DF8205094F8635105959E
:1003C000B4F8669194F864B194F898A1FDF732FE00
:1003D000D4F85C01FDF70CFC054600287FF410AF53
:1003E0009DF82050D4F85C01BAF1010F0CBF05F064
:1003F000FB0545F00405012308AA40F236718DF88B
:100400002050FCF791FF01239DF81450D4F85C01B3
:100410008DF82190CDE900334FEA1929062308AA67
:100420008C218DF824508DF820908DF822B08DF815
:1004300023608DF825A0FDF72DFA0546A0E74FF0C3
:10044000FF35DDE6204602F0ABFF054600287FF4CD
:10045000D7AE94F89B31C3F10403002B09DD20468D
:1004600003F04AF894F89B310135C3F10403AB4221
:10047000F5DCFF22002108A808F058FA002504F551
:10048000D87004F5D67307AF00973246C4F8AC5164
:10049000C4F8B051C4F8B4514146CDE9013008ABBD
:1004A0002046079502F0D2FC054600287FF4A8AE4E
:1004B0003B68D4F85C01DBB2012600930E2506A947
:1004C000CDE9016608AB0222ADF81850FDF7C4FA79
:1004D000054600287FF494AE3B68D4F8B0118DF83F
:1004E00019308DF81A100323D4F85C018DF81860C8
:1004F00006AA40F28531FCF717FF94F8B031102BB3
:100500001F4628BF1027002B3FF4A1AE2E46F1B2A4
:10051000204603F017F80136054600287FF470AE38
:10052000BE42F4D193E66FF0030569E64001400155
:100530005DEA0200020100010000FA4344F2FF31CB
:1005400020469847054698E61FED057AD4ED5A7A7D
:100550009DF81C5077EEC77AF0EEE77A17EE900A16
:1005600007F040FC06A3D3E9002307F00FFF0028A3
:100570003FF4A9AE05F0FB05A7E600BFAFF300808E
:10058000FCA9F1D24D62503F70B59FED350A0D4682
:10059000FF21044603F0DAF83249334B086923603F
:1005A00000223249C4F89811032384F858310121FC
:1005B0000023C4F89C01C4F85421C4F86821C4F88D
:1005C0008421C4F8882102200822C4F84C3184F820
:1005D0005031C4F8603184F86431A4F86631C4F84D
:1005E0007031C4F87431C4F87831A4F87C3184F8DF
:1005F0007E31A4F88031C4F88C3184F89031C4F88D
:10060000943184F8A031A4F8A231A4F8A431A4F85C
:10061000A631A4F8A831A4F8AA31C4F8AC31C4F8C2
:10062000B03184F86C11C4F8B431C4F85C51616025
:100630002025A0608021402022614FF4807284F840
:10064000493184F84A31C4E906501023C4E908123C
:10065000042663614FF40073E660A362204670BD18
:100660000024743F44B7030068B703000001060389
:100670002DE9F043D0F85C31044618680D46996ABC
:10068000036882681B6885B09847D4F85C311868A5
:10069000996A0368C2685B689847D4F85C31186847
:1006A000036801215B699847D4F85C311868996A3E
:1006B000036802695B68984725B90025284605B09C
:1006C000BDE8F083D4F85C31DFF8948018680368E3
:1006D000DB69984723689B68434581464FF00107D3
:1006E0004FF000064FF0010135D1D4F85C0194F8C9
:1006F0004A51FDF771FE0023D4F85C0101961A46B9
:1007000019460096FDF7C6F8D4F85C018DF80C5038
:10071000CDE90077012303AA8021FDF7BBF8054648
:10072000002DCAD0D4F85C3118680368DB6998479B
:10073000A0EB0900B0F57A7F4FF00A01BED2D4F8E1
:100740005C31186803685B69984723689B68434578
:100750004FF00101C9D0204698470546E0E700BFA9
:100760008DEE02002DE9F0410568DFF8B8C0D5F83C
:100770000880E04584B004460F4615461E4648D121
:100780000121D0F85C0194F84A81FDF725FE002391
:100790001A461946D4F85C01CDE90033FDF77AF822
:1007A00004AA0123D4F85C0102F8088D8021CDE968
:1007B0000033FDF76FF848BB6FF07F439F42294637
:1007C000204618BF46F4007602F0ECFF314605469D
:1007D000204602F0E7FF0121024608238DF8095068
:1007E000C5F30725C2F30726D4F85C018DF808503D
:1007F000CDE900118DF80B20002519460DEB030201
:100800008DF80A600395FDF745F820B104B0BDE806
:10081000F081C047CFE72046FFF7A0F904B0BDE85C
:10082000F08100BF8DEE02002DE9F04F0368D44E39
:100830009B68B34285B004468B46924640F01281D5
:100840000121D0F85C0194F84A51FDF7C5FD002361
:100850001A461946D4F85C01CDE90033FDF71AF8C1
:1008600004AA012302F8045DD4F85C018021CDE9DB
:100870000033FDF70FF805461DB1284605B0BDE869
:10088000F08F04AFFF2307F8043D0123D4F85C0187
:100890003A46CDE900331121FCF71EFE9DF80C30DD
:1008A000012B00F0E780002B40F05D81BAF1000FD2
:1008B00000F0DB80504607F073FA0022B14B07F0DE
:1008C000E9FA80468946D4ED5C7AF8EE677A17EE4D
:1008D000900A07F087FA02460B46A5A1D1E900016C
:1008E00007F002FC07F090FD07F07CFA02460B4689
:1008F0004046494607F0F8FB9FA3D3E9002307F0E1
:10090000C9FA07F061FD804607EE908AF8EE677A33
:1009100017EE900A07F066FA00229B4B07F0BAFA2E
:1009200007F052FD2268994B55699D42814640F07F
:10093000BB800146022340F272222046FFF712FFDD
:100940000546002899D10221D4F85C01FDF744FD49
:1009500001234FEA1941D4F85C018DF80C10019580
:1009600000934FEA192503233A4682218DF80D5052
:100970008DF80E90FCF78EFF0546002D7FF47DAFBD
:10098000D4F85C3118680368DB69984705460EE0C7
:10099000D4F85C3118680368DB6C9847D4F85C3194
:1009A00018680368DB699847401B804579D3D4F801
:1009B0005C311868596A03689B6898470028E7D03B
:1009C0004FF0000823689B68B34277D10121D4F827
:1009D0005C0194F84A51FDF7FFFC00231A461946C2
:1009E000D4F85C01CDE90033FCF754FF0123D4F8BF
:1009F0005C018DF80C50CDE900333A468021FCF7BC
:100A000049FF054625B16FF430739D427FF435AF41
:100A100023685F4A5B6F934240F0A2800123D4F8C1
:100A20005C010025CDE900333A4602231221ADF8DE
:100A30000C50FCF751FDBDF80C0040BA80B28305A4
:100A400000F1AC80B8F1000F40F0A88094F8643158
:100A5000012B37D02368524659465B6A2046984797
:100A600005460AE79847054606E74FF00008DFF815
:100A7000289128E794F8602194ED5A7A934007EE84
:100A8000903AF8EE677AC7EE877A17EE900A07F089
:100A9000A9F900223F4B07F0FDF907F095FC8046CD
:100AA00032E74FF001088DE700230146009340F242
:100AB000722202232046A84705465EE72046984753
:100AC00005469FE7D4F85C01FF25CDE900333A469F
:100AD00011218DF80C50FCF7FFFC9DF80C30012B18
:100AE000B8D194F86431012B40F0C980D4F85C018E
:100AF0008DF80C50CDE900333A461121FCF7ECFC9F
:100B00009DF80C60012E40F0BA8004AA334602F82A
:100B1000058D40F60211D4F85C01FCF705FC3B465C
:100B2000324640F64411D4F85C018DF80C80FDF794
:100B300081FAD4F85C01FDF75BF8054600287FF4E4
:100B40009CAE9DF80C50D4F85C0145F0020533468C
:100B50003A4640F644118DF80C50FCF7E5FB79E776
:100B6000204698476BE74FF0FF3586E6AFF30080ED
:100B7000000000008084CE41000000000088B340E7
:100B80008DEE02000000204000005040D1FD020028
:100B900085EA02000000594000E09F4023689B68FE
:100BA000B3426FD10121D4F85C0194F84A51FDF7AA
:100BB00013FC00231A461946D4F85C01CDE9003332
:100BC000FCF768FE0123D4F85C018DF80C50CDE9E8
:100BD00000333A468021FCF75DFE94F86431012B26
:100BE00036D1D4F85C01FF25CDE900333A46112116
:100BF0008DF80C50FCF770FC9DF80C50012D27D19E
:100C000004AA002602F8056D2B4640F60211D4F81E
:100C10005C01FCF789FBD4F85C018DF80C603B4665
:100C20002A4640F64411FDF705FAD4F85C01FCF7BA
:100C3000DFFF68B99DF80C20D4F85C012B4640F624
:100C4000441142F002053A468DF80C50FCF76CFB5B
:100C50002368114AD3F8C830934216D101210223E8
:100C6000D4F85C013A46CDE900114FF643741946B9
:100C7000ADF80C406FF00505FCF70CFEFDE56FF0DC
:100C80001305FAE520469847A7E7204644F2FF31CE
:100C900098476FF00505F0E55DEA020000000000EE
:100CA000F0B52DED028B85B004AEFF2306F8043DB0
:100CB000012304463246D0F85C011121CDE900330E
:100CC000B0EE408AFCF708FC9DF80C70012F40F054
:100CD0009980B5EEC08AF1EE10FA75D4DFED4E7A48
:100CE000B4EEE78AF1EE10FA6EDCF6EE007A68EE0A
:100CF000277A17EE900A07F075F845A3D3E9002389
:100D000006F012FF07F060FBC0B20F2866D00AD9C8
:100D10003E286FD034D97D285CD0FA2854D10623E0
:100D200084F8503109E005285CD031D907285DD01E
:100D30000A2849D1092384F8503194F86C0184EDD4
:100D40005A8A94F8602194F8611138BB94F8627162
:100D5000D4F85C01002562F3070563F30F2561F306
:100D60001745012367F31F65CDE90033324604239D
:100D70008B210395FCF78EFD05B0BDEC028BF0BD19
:100D800014283BD01F281FD1032384F85031D4E707
:100D9000032819D1002384F85031CEE7012000FA4E
:100DA00002F507EE905AF8EE677AB3EE007AC7EED6
:100DB000886AF4EEC76AF1EE10FAB6BF002784F82D
:100DC000620184F86271C3E76FF0070005B0BDEC03
:100DD000028BF0BD052384F85031AEE7022384F87E
:100DE0005031AAE7082384F85031A6E784F85071FF
:100DF0003B46A2E7042384F850319EE70A2384F897
:100E000050319AE76FF01300B6E700BFAFF30080F0
:100E10007B14AE47E17A843F0000FF4300000000EE
:100E2000F0B52DED028B89B0044608AD03A880E82B
:100E30000E00FF2705F8087D0126D4F85C019DED22
:100E4000048A33462A46CDE900661121FCF744FBAB
:100E50009DF8183013B3012B00F09180032B40F064
:100E600027819DF80D209DF80C10032A00F22381A4
:100E7000092984F8992100F221814FF480709DF8AE
:100E80000E20A4F8AA0184F89A1184F89B3184F802
:100E9000A021002009B0BDEC028BF0BD23689DEDC0
:100EA000030A5B6B204698470028F3D123689A4ACF
:100EB0009B6B934240F0F780D4F85C018DF818707A
:100EC0003346CDE900662A461121FCF705FB9DF863
:100ED0001830002B40F0F880B5EEC08AF1EE10FA21
:100EE00000F1DB8018EE100A06F07CFF86A3D3E940
:100EF000002306460F4607F03FFA002840F0E18045
:100F0000DFED867AB4EEE78AF1EE10FA00F3D980CD
:100F10007FA3D3E900233046394606F0BBFF07F034
:100F200053FAC0F30743C0F307265FFA80FC8DF83D
:100F30001D300123D4F87011C4F87401D4F85C0199
:100F40008DF81E60CDE900332A460F0C94F87A51D3
:100F50008DF81A100E0A94F879418DF81FC00823F5
:100F60008B218DF818708DF819608DF81B508DF855
:100F70001C40FCF78FFC09B0BDEC028BF0BDD4F82F
:100F80005C018DF81870CDE900332A4611219DF8D7
:100F90000C70FCF7A1FA9DF81830012B40F09480FA
:100FA0007A1F072A00F2AA8094F86C0184F8607115
:100FB00094F8501194F86121002859D194F86231C5
:100FC000D4F85C01002667F3070661F30F2662F38D
:100FD0001746012763F31F66CDE9007704232A46ED
:100FE0008B210696FCF756FC00287FF453AFB0EE39
:100FF000480A2046FFF754FE064600287FF44AAF11
:10100000D4F85C013B46CDE900771121FF272A4641
:101010008DF818709DF81470FCF75EFA9DF81810A2
:10102000012951D17B1F032B45D83B1F94F86C013C
:1010300094F8602194F85071DBB284F86131002893
:1010400045D194F86211D4F85C01002662F30706DA
:1010500067F30F2663F31746012361F31F66CDE99B
:1010600000332A4604238B210696FCF713FC11E774
:1010700003FA07F007EE900AD4ED5A6AF8EEE77A21
:1010800087EEA67AF3EE007AB4EEE77AF1EE10FA84
:10109000B8BF002384F8623192E74FF0750C022646
:1010A00040F2752043E7B0EE480A20469847F1E643
:1010B0004FF0FF30EEE66FF00900EBE66FF007004F
:1010C000E8E66FF06500E5E66FF01300E2E601FA8E
:1010D00002F007EE900AD4ED5A6AF8EE677A87EECE
:1010E000A67AF3EE007AB4EEE77AF1EE10FAAEBF2C
:1010F00084F8621184F862613146A4E76FF0080059
:10110000C8E600BFAFF30080333333333333E33FFC
:10111000FCA9F1D24D62904009F002000000484362
:10112000F0B585B004AEFF2306F8043D0123044664
:101130000F46D0F85C013246CDE900331121FCF7AF
:10114000CBF99DF80C30012B3BD17A1F072A35D8FB
:1011500094F86C0184F8607194F8501194F861214E
:10116000B8B994F86231D4F85C01002567F307053B
:1011700061F30F2562F31745012163F31F65CDE984
:101180000011324604238B210395FCF783FB05B045
:10119000F0BD03FA07F007EE900AD4ED5A6AF8EEB4
:1011A000E77A87EEA67AF3EE007AB4EEE77AF1EE0C
:1011B00010FAB8BF002384F86231D4E76FF008005A
:1011C000E5E76FF01300E2E7B5EEC00AF1EE10FAC2
:1011D00021D4DFED157AB4EEE70AF1EE10FA1ADC4D
:1011E00010B5044682B010EE100A06F0FBFD0CA309
:1011F000D3E9002306F04EFE07F0E6F802AA012329
:1012000002F8010D40F6E701D4F85C01FCF78CF818
:10121000002002B010BD6FF010007047AFF30080E7
:101220009A9999999999D93F00000C4300000000C0
:10123000F0B52DED028B85B004ADFF2305F8083D18
:10124000012304462A46D0F85C011121CDE9003380
:10125000B0EE408AFCF740F99DF80830002B40F0D2
:10126000D88084ED618A18EE100A06F0BBFD0FF2FB
:10127000E443D3E9002306460F4606F053FC07F08B
:10128000C3F807EE900AF0EEE77A17EE900A06F040
:10129000A9FD0FF25443D3E9002307F077F80028A3
:1012A00045D10FF2B843D3E900233046394606F062
:1012B00039FC07F0A9F807EE900AF0EEE77A17EE8E
:1012C000900A06F08FFD0FF22043D3E9002307F0C8
:1012D0005DF880B3172384F87931D4F870218DF844
:1012E0000C300021130C63F30701130A94F87A61A0
:1012F000D4F85C0163F30F2162F31741D4F8743121
:101300008DF80F30012466F31F612A46CDE90044B1
:101310001D0C1C0A029108238B218DF80D508DF8AD
:101320000E40FCF7B7FA05B0BDEC028BF0BD1F23F1
:1013300084F87931D1E70FF22C43D3E9002330460A
:10134000394606F0EFFB07F05FF807EE900AF0EE83
:10135000E77A17EE900A06F045FDE3A3D3E90023F0
:1013600007F014F8D8B90FF20443D3E9002330464C
:10137000394606F0D7FB07F047F807EE900AF0EE83
:10138000E77A17EE900A06F02DFDD7A3D3E90023E4
:1013900006F0FCFF38B11E2384F879319DE70F2356
:1013A00084F8793199E7F3A3D3E90023304639462D
:1013B00006F0B8FB07F028F807EE900AF0EEE77A9F
:1013C00017EE900A06F00EFDC7A3D3E9002306F03E
:1013D000DDFFD0B9E9A3D3E900233046394606F052
:1013E000A1FB07F011F807EE900AF0EEE77A17EE8E
:1013F000900A06F0F7FCBCA3D3E9002306F0C6FF71
:1014000050B10E2384F8793167E7162384F87931D7
:1014100063E76FF0130086E7DFEDCB7A78EE677A4B
:10142000F0EEE77A17EE900A06F0DCFCAEA3D3E903
:10143000002306F0ABFF18B11D2384F879314CE787
:10144000ABA3D3E900233046394606F06BFB06F028
:10145000DBFF07EE900AF0EEE77A17EE900A06F04F
:10146000C1FCA1A3D3E9002306F090FF18B1152316
:1014700084F8793131E7A0A3D3E900233046394617
:1014800006F050FB06F0C0FF07EE900AF0EEE77A98
:1014900017EE900A06F0A6FC93A3D3E9002306F00A
:1014A00075FF18B10D2384F8793116E7DFEDA77ABF
:1014B00078EE677AF0EEE77A17EE900A06F092FC83
:1014C00089A3D3E9002306F061FF18B11C2384F837
:1014D000793102E78AA3D3E900233046394606F082
:1014E00021FB06F091FF07EE900AF0EEE77A17EE87
:1014F000900A06F077FC7CA3D3E9002306F046FFB0
:1015000018B1142384F87931E7E67FA3D3E90023E7
:101510003046394606F006FB06F076FF07EE900AE5
:10152000F0EEE77A17EE900A06F05CFC6EA3D3E9C2
:10153000002306F02BFF18B10C2384F87931CCE698
:1015400073A3D3E900233046394606F0EBFA06F0E0
:101550005BFF07EE900AF0EEE77A17EE900A06F0CE
:1015600041FC61A3D3E9002306F010FF18B11B234F
:1015700084F87931B1E668A3D3E9002330463946CF
:1015800006F0D0FA06F040FF07EE900AF0EEE77A98
:1015900017EE900A06F026FC53A3D3E9002306F0C9
:1015A000F5FE18B1132384F8793196E65CA3D3E9EC
:1015B00000233046394606F0B5FA06F025FF07EE5F
:1015C000900AF0EEE77A17EE900A06F00BFC46A3BD
:1015D000D3E9002306F0DAFE18B10B2384F8793141
:1015E0007BE651A3D3E900233046394606F09AFA48
:1015F00006F00AFF07EE900AF0EEE77A17EE900A7F
:1016000006F0F0FB38A3D3E9002306F0BFFE18B1C3
:101610001A2384F8793160E645A3D3E900233046E4
:10162000394606F07FFA06F0EFFE07EE900AF0EE7C
:10163000E77A17EE900A06F0D5FB2BA3D3E9002337
:1016400006F0A4FE18B1122384F8793145E63AA3D6
:10165000D3E900233046394606F064FA06F0D4FE9A
:1016600007EE900AF0EEE77A17EE900A06F0BAFB62
:101670001DA3D3E9002306F089FE18B10A2384F8DC
:1016800079312AE6DFED327A78EE677AF0EEE77AA2
:1016900017EE900A06F0A6FB13A3D3E9002306F089
:1016A00075FE18B1192384F8793116E624A3D3E91D
:1016B00000233046394606F035FA06F0A5FE07EE5F
:1016C000900AF0EEE77A17EE900A06F08BFB06A37D
:1016D000D3E9002306F05AFE002855D0112384F8E0
:1016E0007931FAE5AFF30080FCA9F1D24D62503FA9
:1016F0006666666666663740CDCCCCCCCC4C3D4049
:101700003333333333734740CDCCCCCCCC4C4D400A
:10171000CDCCCCCCCC8C53403333333333735740A4
:101720003333333333535D406666666666866340A3
:1017300066666666666667409A99999999496D40AA
:101740009A9999999959774000009C4100001C4250
:1017500000009C4333333333333313403333333359
:10176000333317403333333333331D406666666695
:1017700066662340666666666666274033333333A3
:1017800033332D400080E9435FED027A38EE678AFB
:10179000F0EEC87A17EE900A06F024FB06A3D3E910
:1017A000002306F0F3FD18B1092384F8793194E59C
:1017B0006FF06700B7E500BFFCA9F1D24D62503F62
:1017C0002DE9F04F87B006ADFF2605F80C6D012618
:1017D00004468946D0F85C019DF840A090461F461B
:1017E0002A46CDE9006633461121FBF775FE9DF8C8
:1017F0000C20002A5AD1B14500F0AE80C0F0B48070
:10180000B9F1020F40F0A280BAF1000F00F0B080F1
:10181000062284F87B218DF813200122B4F8803150
:1018200094F8781194F87C61D4F85C018DF80D304F
:10183000CDE900221A0A8DF80C2094F87D3194F835
:101840007E218DF80E1000218DF80F608DF8143078
:10185000FF268DF811208DF8101009232A468C21BF
:101860008DF81260FCF716F8064600286AD14FEA98
:10187000182C2A46D4F85C018DF80CC0022340F2E3
:10188000BC618DF80D80FBF74FFDD4F85C018DF83D
:101890000D702A463F0A022340F2BE618DF80C709B
:1018A000FBF742FD304607B0BDE8F08F012A63D157
:1018B00019F1000918BF4FF0010900262B4640F22C
:1018C0003671D4F85C0184F863918DF80C60B4F83B
:1018D0006671D4F894A194F864B194F89881FCF7F7
:1018E000A9FBD4F85C01FCF783F9064650BB9DF8D0
:1018F0000C60D4F85C01B8F1010F0CBF06F0FB06D8
:1019000046F0040601232A4640F236718DF80C6039
:10191000FBF70AFD0123D4F85C018DF80D70CDE9C9
:1019200000332A463F0A06238C218DF80C708DF86F
:101930000EB08DF80FA08DF810908DF81180FBF788
:10194000A9FF0646304607B0BDE8F08F6FF42F764A
:10195000304607B0BDE8F08FBAF1000F3FF459AF41
:10196000042284F87B2156E784F87B61324652E7F3
:1019700084F87B914A464EE74FF0FF36E2E700BF1E
:10198000D0F85C01FCF7EEBC2DE9F04790F8495126
:1019900084B0002D40F010810368C14A9B689342D7
:1019A00004460F4610EE106A40F0CD800121D0F8B9
:1019B0005C0194F84A81FCF70FFD2B462A46294624
:1019C000D4F85C01CDE9005504ADFBF763FF05F8E1
:1019D000048D0123D4F85C012A46CDE9003380212F
:1019E000FBF758FF4FF00108D4F85C010223CDE962
:1019F00000884FF000092A461721ADF80C90FBF73C
:101A00006BFD9DF80D309B0600F1868007EE906A15
:101A1000F0EEE77A17EE900A06F0E4F98EA3D3E928
:101A2000002306F0B3FC8246002840F08180304657
:101A300006F0D8F98AA3D3E900238046894606F048
:101A400071F806F0E1FC07EE900AF0EEE77A17EE87
:101A5000900A06F0C7F980A3D3E9002306F096FCAC
:101A600040B38DF80CA007EE907AF8EE677A17EE87
:101A7000900A06F0B7F97CA3D3E9002306F00AFA2E
:101A800006F0A2FC01230646C4F88C71D4F85C0170
:101A90008DF80F602A46340A350CCDE900339721C2
:101AA00004238DF80D508DF80E40FBF7F3FE04B0C3
:101AB000BDE8F0876EA3D3E900234046494606F00F
:101AC00031F806F0A1FC07EE900AF0EEE77A17EE87
:101AD000900A06F087F960A3D3E9002306F056FCCC
:101AE00068BB65A3D3E900234046494606F01AF8CF
:101AF00006F08AFC07EE900AF0EEE77A17EE900AFD
:101B000006F070F954A3D3E9002306F03FFCE8B1D6
:101B100002238DF80C30A6E7D4F85C01ADF80C90E8
:101B2000CDE9008802232A460721FBF7B3FE6DE7C3
:101B300020460121FEF79CFD04B0BDE8F08701239B
:101B40008DF80C308FE7984703AD4BE74CA3D3E9F2
:101B500000234046494605F0E5FF06F055FC07EE38
:101B6000900AF0EEE77A17EE900A06F03BF93AA3F6
:101B7000D3E9002306F00AFCD0B943A3D3E900233C
:101B80004046494605F0CEFF06F03EFC07EE900ABF
:101B9000F0EEE77A17EE900A06F024F92EA3D3E9C7
:101BA000002306F0F3FB48B104238DF80C305AE70C
:101BB00003238DF80C3056E73A4878E734A3D3E98D
:101BC00000234046494605F0ADFF06F01DFC07EE38
:101BD000900AF0EEE77A17EE900A06F003F91EA3DA
:101BE000D3E9002306F0D2FB18B105238DF80C30A1
:101BF00039E707EE106AF0EE087A77EE677AF0EED2
:101C0000E77A17EE900A06F0EDF813A3D3E9002364
:101C100006F0BCFB18B106238DF80C3023E71EA399
:101C2000D3E900234046494605F07CFF06F0ECFB73
:101C300007EE900AF0EEE77A17EE900A06F0D2F877
:101C400005A3D3E9002306F0A1FB0028B4D00723A5
:101C50008DF80C3007E700BFFCA9F1D24D62503F70
:101C60009A9999999999F93FFCA9F1D24D62B03F9F
:101C7000333333333333FB3FCDCCCCCCCCCCFC3FF4
:101C80009A99999999990140333333333333034007
:101C90009A999999999905406666666666660A40BA
:101CA0008DEE020041FDFFFFF0B5044687B090F8CD
:101CB0006001304D0295062841F61A65ADF80C50CA
:101CC0009DF830504AD8072084F860011620DDEDD9
:101CD0000D7A9FED297A8DF81100F8EE677AFF29C9
:101CE00067EE877A4FF00106FCEEE77A8DF8106018
:101CF00017EE900A18BF8DF81010FF2A18BF8DF844
:101D00001120070CFF2B4FEA10268DF816004FF01C
:101D10000A00ADF8120018BF8DF81230FF2D18BF61
:101D20008DF813500125D4F85C018DF81470072349
:101D3000CDE9005504AA88218DF81560FBF7AAFDAE
:101D4000034640B9D4F85C011A46CDE90055C521D7
:101D5000FBF7A0FD0346184607B0F0BD0C2804D9D8
:101D60000C2084F860011E20B1E706AE304410F864
:101D7000170CACE7161618196F12833DF0B50E4616
:101D800085B004460221D0F85C01FCF725FBB16860
:101D9000204601F007FDF1680546204601F002FDEE
:101DA0000127844608238DF80950C5F30725D4F888
:101DB0005C018DF80850CCF3072E0025CDE90077A3
:101DC0000DEB030219468DF80BC08DF80AE0039560
:101DD000FBF760FD08B105B0F0BD2368134AD3F8E6
:101DE000C83093421AD10223D4F85C0101974FF610
:101DF0004375009702AA1946ADF80850FBF74AFD53
:101E00000028E8D17068F578B3787278317801905D
:101E100000952046FFF748FF05B0F0BD44F2FF31C2
:101E2000204698470028D6D1ECE700BF5DEA0200C3
:101E30002DE9F04103684F4AD3F88430934284B0CF
:101E4000044666D104AEFF2306F8043D0123D0F812
:101E50005C010F463246CDE900331121FBF73CFB14
:101E60009DF80C50012D4FD12368434A9B68934243
:101E700051D12946D4F85C0194F84A81FCF7ACFAB8
:101E800000231A461946D4F85C01CDE90033FBF76C
:101E900001FDD4F85C018DF80C80CDE900552B468E
:101EA00032468021FBF7F6FC10B104B0BDE8F081AA
:101EB00039462046FFF762FF30B1F6E7D4F85C31CF
:101EC00018680368DB6C9847D4F85C311868596A65
:101ED00003689B6898470028F0D02368274AD3F806
:101EE000883093423BD104ADFF2305F8043D012324
:101EF000D4F85C012A46CDE900331121FBF7ECFA56
:101F00009DF80C30012B0BD06FF0130004B0BDE82E
:101F1000F0819847D0E7204698470028C5D1C7E709
:101F200022681749526F8A4220D1D4F85C012A46B0
:101F3000CDE90033002402231221ADF80C40FBF759
:101F4000CBFABDF80C0040BA80B2C3050CD410F037
:101F5000800F0CBF4FF0FF306FF00E00A5E720465A
:101F6000984704B0BDE8F08106489EE720469047B8
:101F7000EBE700BF492003008DEE0200F1F3020001
:101F800085EA020042FDFFFF2DE9F0412B4B2C4F6B
:101F900004460FCB2568D5F8846088B004ADBE42F6
:101FA00085E80F003BD108AFFF2307F8143D01235C
:101FB000D4F85C013A46CDE900331121FBF78CFAE5
:101FC0009DF80C60012E35D123681E4A9B68934210
:101FD0002BD13146D4F85C0194F84A81FCF7FCF926
:101FE00000231A461946D4F85C01CDE90033FBF70B
:101FF00051FCD4F85C018DF80C80CDE900663346C5
:102000003A468021FBF746FC10B108B0BDE8F081EC
:1020100029462046FFF7B2FE08B0BDE8F081294608
:102020002046B04708B0BDE8F08120469847002818
:10203000EBD1EDE76FF01300E7E700BF44B7030013
:10204000492003008DEE02002DE9F04385B004AD78
:10205000FF2305F8083D012304460F46D0F85C0134
:102060002A46CDE900331121FBF736FA9DF80860C6
:10207000012E77D12368404A9B6893426ED1314646
:10208000D4F85C0194F84A81FCF7A6F900231A46BB
:102090001946D4F85C01CDE90033FBF7FBFBD4F81B
:1020A0005C018DF80880CDE9006633462A46802120
:1020B000FBF7F0FB06461EB1304605B0BDE8F083E5
:1020C0000221D4F85C01FCF787F9B968204601F0D9
:1020D00069FBF9688046204601F064FB4FF0010976
:1020E00002460823C2F3072CD4F85C018DF809805E
:1020F0008DF80B20C8F30728CDE9009919462A4628
:1021000003968DF808808DF80AC0FBF7C3FB0646DE
:102110000028D1D12368194AD3F8C830934224D17A
:102120000223D4F85C01CDF804902A46CDF8009043
:1021300019464FF64375ADF80850FBF7ABFB064662
:10214000002EB9D17868FD78BB787A78397801901B
:1021500000952046FFF7A8FD0646ADE720469847C4
:102160000646A8E76FF01306A6E744F2FF312046C3
:1021700098470646E4E700BF8DEE02005DEA0200E4
:1021800010B5002484B061F3070463F30F249DF8B5
:102190001830D0F85C0162F3174404AA63F31F649B
:1021A000012342F8044D9521CDE900330423FBF7C8
:1021B00071FB04B010BD00BF08B5D0F85C01FBF79F
:1021C000B3F8002008BD00BF38B504461D46D0F85E
:1021D0005C0113462A46FBF72DFFD4F85C01BDE8ED
:1021E0003840FBF705BD00BF30B5FDEEC07A2DEDE0
:1021F000048B17EE903A87B0A3F2863200211A2A98
:102200000546ADF8101011D84EF6E113ADF81030B8
:102210000123D5F85C0104AACDE9003398210223FB
:10222000FBF738FB07B0BDEC048B30BDA3F25F3287
:10223000072A04D84DF6D733ADF81030E8E7A3F2FB
:102240000B32082A08D9A3F5EB72282A09D848F2DC
:102250007513ADF81030DBE74CF2C153ADF8103018
:10226000D6E7A3F5D7730A2B37D9B1EE049AB0EEAF
:10227000408A30EE490AF5EE008A20EE280A05F081
:1022800007FC38EE098AFCEEC07A28EE280ACDED6C
:10229000037A05F0B7FB9DF80C40FCEEC07AE2072C
:1022A000CDED037A9DF80C3001D4013CE4B2D9079E
:1022B0005CBF0133DBB28DF815300123D5F85C012A
:1022C0008DF81440CDE9003305AA02239821FBF7CD
:1022D000E1FA07B0BDEC048B30BD46F66B73ADF888
:1022E000103095E730B585B001230D4604468DF8D2
:1022F0000D20D0F85C018DF80C50CDE9003303AA15
:1023000002238E21FBF7C6FA08B984F8905105B074
:1023100030BD00BF2DE9F04186B006AEFF2306F8C0
:102320000C3D01252B4604460F46D0F85C01904633
:10233000CDE9005532461121FBF7CEF89DF80C305F
:102340005BBBB4F88011D4F85C018DF81030CDE996
:102350000055324694F8785194F87B318DF80D1081
:102360000E0A94F87C118DF80E508DF8133094F805
:102370007D518DF80F1009238C218DF811708DF887
:1023800012808DF80C608DF81450FBF783FA08B9B1
:1023900084F87E7106B0BDE8F0816FF01300F9E7B4
:1023A00010B5DFED167A80ED550A60EE277A84B01D
:1023B000044617EE900A05F015FD0022104B05F0BB
:1023C00069FD06F001F80023020E62F30703020C18
:1023D00062F30F23020A62F3174304AA60F31F6338
:1023E00042F8043D0123D4F85C018621CDE9003395
:1023F0000423FBF74FFA04B010BD00BF0000004CEF
:102400000000A03FF0B583B002AC002304F8013D0A
:1024100005462346D0F85C0101220F4640F6D8015C
:10242000FBF708FED5F85C01FBF7E2FB064680B936
:102430009DF8073087B923F01E0343F008038DF899
:1024400007302246D5F85C01012340F6D801FAF79F
:102450006BFF304603B0F0BD43F01E03EFE700BF53
:102460002DE9F04186B006AD002325F8083D012492
:1024700006468846D0F85C012A46CDE9004402238E
:102480008F21FBF707FA10B106B0BDE8F08106AF67
:10249000D6F85C0107F8108D2346CDE900443A4692
:1024A0008A21FBF7F7F90028EED196F84A31D6F8E1
:1024B0005C010194002B14BF4FF0300C4FF0200C46
:1024C000234600943A4693218DF808C0FBF7E2F9C1
:1024D00003460028D8D196F86021D6F85C01ADF803
:1024E0000C300D3203214FF00A0C8DF80E308DF8B0
:1024F00009208DF80810CDE9004407233A468821C9
:10250000ADF80AC0FBF7C6F90028BDD133682B4AE5
:10251000D3F8C83093424AD10223D6F85C01019423
:10252000009419464FF643742A46ADF81040FBF765
:10253000B1F9044608234FF00108D6F85C012A4699
:10254000CDE9008819460025CDE90455FBF7A2F92D
:10255000204300B2002897D1D6F85C117F24CDE942
:102560000080434608463A4689218DF80840FBF72B
:1025700091F9002888D1D6F85C31186803680521E4
:102580005B69984705E0D6F85C3118680368DB6C36
:102590009847D6F85C311868D96A03689B689847F1
:1025A0000028F0D1D6F85C01FBF722FB6CE744F27F
:1025B000FF31304698470446BCE700BF5DEA0200A1
:1025C0002DE9F0412DED028B044686B0D0F85C0178
:1025D000B0EE408A88461746FAF724FED4F85C31FC
:1025E0001868596AD0E900321B689847D4F85C3102
:1025F0001868D96AD0E900321B689847D4F85C3172
:102600005A4A10211974D4F85C3108215974D4F84D
:102610005C110123CB74D4F85C111D200881D4F81F
:102620005C110D204881D4F85C1100208881D4F819
:102630005C11C020C881D4F85C110B71D4F85C31F6
:102640005A61D4F84C610A2501212046FEF710F8A2
:1026500002AB10224FF44871D4F85C01FBF7EAFC9E
:1026600002A90622304606F0D1FF0A2158B90121FD
:102670002046FDF7FDFF0546D8B1284606B0BDEC63
:10268000028BBDE8F081D4F85C31186803685B699F
:1026900098476B1E13F0FF05D6D1D4F85C01FAF70A
:1026A000D5FD6FF00105284606B0BDEC028BBDE8F4
:1026B000F08123682E4A9B68934247D10121D4F8C8
:1026C0005C0194F84A61FBF787FE2B462A462946AF
:1026D000D4F85C01CDE90055FBF7DCF80123D4F810
:1026E0005C018DF80860CDE9003302AA8021FBF778
:1026F000D1F80546002DC0D194F8493173B9B5EE33
:10270000C08AF1EE10FA09DDB0EE480A41F28831D4
:102710002046FFF739F905460028AED13946204654
:10272000FFF79EFE05460028A7D1D4F85C01B8F15A
:10273000000F0FD1012402AACDE9004423469621BF
:102740008DF80840FBF7A6F8054696E7204698471F
:102750000546CFE7012302AACDE9003396218DF883
:102760000850FBF797F8054687E700BF11EA02001B
:102770008DEE02002DE9F04784B06C4E9DF830508C
:10278000DFF8ACC1C0F868611F464FF0060E0023A9
:102790004FF0FF0A0E4690462946A0F8667180F871
:1027A00050E1C0F860C1C0F88C3180F86431C0F8E5
:1027B00094A101220446FFF703FF054618B12846FD
:1027C00004B0BDE8F0870DF11009012309F804AD4C
:1027D000D4F85C014A46CDE900331121FAF77CFEBA
:1027E0009DF80C30012B40F09A80721F032A00F2F2
:1027F0009980043E94F86C0194F8602194F850118B
:10280000F6B284F86161002872D194F86231D4F88C
:102810005C01002562F3070561F30F2566F3174598
:10282000012663F31F65CDE9006604234A468B2128
:102830000395FBF72FF805460028C0D1D4F85C01BA
:102840003346CDE90066FF254A4611218DF80C502C
:10285000FAF742FE9DF80C60012E60D128F00F00BF
:1028600040F004004FEA081802234A464FF4E8619A
:102870008DF80C0048F00408D4F85C018DF80D8048
:10288000FAF752FD236839465B6D204698470546A6
:10289000002894D1182533464A4640F6E701D4F87B
:1028A0005C018DF80C50FAF73FFDD4F85C018DF80F
:1028B0000C60CDE900664A4633469D21FAF7EAFFEF
:1028C000054600287FF47BAF009641F2210341F6D4
:1028D0000F5202212046FEF773FF054600287FF4C1
:1028E0006EAF236801465B6C20469847054666E755
:1028F00003FA02F007EE900AD4ED5A6AF8EE677A0E
:1029000087EEA67AF3EE007AB4EEE77AF1EE10FAEB
:10291000AEBF84F8623184F862512B4677E76FF0DE
:1029200013054CE76FF0090549E700BF0000FA43C3
:1029300009030001000000002DE9F0430F462DEDD2
:10294000048B11464CF6CC42DD4BC0F874211A22A0
:1029500045F2553580F87921C0F8843109220623E3
:10296000C0F8705180F87A2187B0B0EE408AA0F8A4
:102970008071B0EE610A80F87B3100220446F0EEEF
:10298000608AB0EE419AFFF71BFE054628B1284643
:1029900007B0BDEC048BBDE8F0832368C94A5B6BCC
:1029A000934240F06B8106AEFF2306F8083D0123F9
:1029B000D4F85C013246CDE900331121FAF78CFDE1
:1029C0009DF81030002B40F0508118EE100A05F0F1
:1029D00009FAB7A3D3E900238046894605F0CCFC69
:1029E000002840F05E81DFEDB87AB4EEE78AF1EEC0
:1029F00010FA00F3568142464B460020B34905F0D9
:102A000073FB05F0E1FC01250346D4F87411C4F80A
:102A10007031D4F85C018DF81230CDE900553246A2
:102A20001D0A1E0C0B0C4FEA112C8DF810608DF84E
:102A3000115094F87A6194F879518DF817108DF847
:102A400015308B2108238DF814508DF816C08DF8A1
:102A50001360FAF71FFF0546002D98D123689C4AA2
:102A60009B6B934240F0178106AEFF2306F8083DAA
:102A70000123D4F85C013246CDE900331121FAF785
:102A80002BFD9DF81030002B40F00E81F5EEC08A32
:102A9000F1EE10FA00F1F88018EE900A05F0A2F9B4
:102AA00083A3D3E900238046894605F065FC00280E
:102AB00040F01681DFED877AF4EEE78AF1EE10FA46
:102AC00000F30E8140467CA3D3E90023494605F07C
:102AD000E1F905F079FCC0F30745C0F307285FFA78
:102AE00080FE0121D4F87031C4F87401D4F85C017F
:102AF0008DF81550CDE90011190A4FEA134C94F8DE
:102B000079518DF8123032468DF8111094F87A61AF
:102B10008DF8145008238B218DF816808DF817E05E
:102B20008DF810C08DF81360FAF7B4FE0546002D3D
:102B30007FF42DAFB0EE490A2046FEF779FB05463B
:102B400000287FF424AF06AE182306F8083D40F6AF
:102B5000E70101233246D4F85C01FAF7E5FB23686C
:102B600039465B6D20469847054600287FF40FAF35
:102B7000594A2368108B1B6D06A9022221F80C0DFF
:102B800020469847054600287FF401AF2368534A42
:102B9000DB6B934240F0A7800123D4F85C01FF2552
:102BA000CDE90033324611218DF81050FAF794FC2C
:102BB0009DF810300BB1032B76D1D4F87021D4F8E6
:102BC00074318DF81220110C120A8DF810108DF846
:102BD000112000211A0A1F0C8DF81730012394F8D8
:102BE000795184F87A11D4F85C018DF81620CDE97A
:102BF00000338DF81310082332468B218DF81450C2
:102C00008DF81570FAF746FE0546002D7FF4BFAE2D
:102C1000236829461B6C20469847054600287FF408
:102C2000B6AEFF2201212046FFF774FB05460028BF
:102C30007FF4ADAE0127009741F2210341F60F5218
:102C400002212046FEF7BCFD054600287FF49FAE1A
:102C5000CDE900773246D4F85C018DF810703B4620
:102C60009D21FAF717FE054691E6032B1CD118EEBD
:102C7000100A05F0B7F880468946BCE6B0EE480A6F
:102C8000204698470546E7E64FF0750E4FF00208DC
:102C900040F2752025E7B0EE680A204698470546C1
:102CA00045E76FF0640572E66FF013056FE600BF4D
:102CB000333333333333E33FFCA9F1D24D629040D9
:102CC00033331C4309F102000000964300402F41BA
:102CD00009F002000000484344B7030039F3020042
:102CE0006FF0650553E601462046984705468CE798
:102CF0002DE9F04786B080F8A0319DF8384089462C
:102D00009046214603220546FFF75AFC044618B1B7
:102D1000204606B0BDE8F08706AF182307F80C3D43
:102D2000012601233A4640F6E701D5F85C01FAF79F
:102D3000FBFAD5F85C018DF80C603A46CDE90066E7
:102D400033469D21FAF7A6FD04460028E0D1D5F8C8
:102D50005C018DF81440CDE9006609233A468C21C8
:102D6000CDE90344FAF796FDA24604460028CFD1E8
:102D70000B222B6885F87A2185F87901C5F8740152
:102D80005B6B304A93424AD1D5F85C013346CDE9BA
:102D90000066FF243A4611218DF80C40FAF79CFB9F
:102DA0009DF80C30002B40D0032B41D1D5F8743165
:102DB000D5F85C018DF81330CDE900664FF40011B1
:102DC000C5F87011190C1C0A8DF8111095F87A319C
:102DD00095F879118DF812408DF80F3020248DF878
:102DE00010103A4608238B21ADF80C408DF80EA048
:102DF000FAF750FD0446002C8AD1B8F1030F1AD817
:102E0000B9F1090F85F8998118D803224FF480731E
:102E100085F89A9185F89B21A5F8AA3178E79FED6E
:102E20000A0A284698470446E5E76FF064046FE70E
:102E30006FF013046CE76FF0090469E76FF00704A3
:102E400066E700BF09F102000000FA3E2DE9F04FED
:102E5000ADF52B7D1C4607900892D2B18D18013D2F
:102E60000139601EFF231A1111F8016F82EA531213
:102E700082EAD3025E4002F0010282EAD3123709ED
:102E800042EA430347EA06168D42DBB200F8016FBF
:102E9000E9D1DDF820C0C84862464FF6FF7E002524
:102EA000102747F25B562146C0E9016E0770961C59
:102EB0006746C56000F0D0FCE319C0F30722E25575
:102EC000294658704FF41872F300A55512A81E46F3
:102ED000099305F02BFD0321B8480B9500F016FD72
:102EE0000BAB0093B21D12AB2146B44800F012FDAB
:102EF0002946FF22204605F019FD079B93F899C14A
:102F0000BCF1030F00F04082AD4BDDF82C800FCBFD
:102F10000EAF3E4607C626F8023BBCF1020F4FEA51
:102F2000134333709CBFA74B13F80C50B8F1000F3C
:102F300000F02D8200218A4608464FF001096FEA11
:102F40000A0303F0070317F800C0CA4309FA03F3A2
:102F50004FEAD10E4FEADA0602F007025BB2BCF18B
:102F6000000F12D00DF1480C0AF1010A1CF80EC036
:102F700014F906E04CFA02F212F0010F43EA0E02D5
:102F80000ABF2EEA0303A255A3550130A84200F060
:102F9000A78101318845D2D10AF10702D208214622
:102FA00012A8CDF82CA005F09DFC079B93F89B314F
:102FB000C3EBC30203EBC202520092B20592BAF114
:102FC000000F7AD00022013292B202FB02F1514589
:102FD000F9D30FFA8AF14FEA420C00294FEA520264
:102FE00006911FFA8CFC039267DD0023CDF810A038
:102FF000984618464FF001099A46059D069FEA0833
:10300000EB43A15C03F0070309FA03F321EA030190
:103010006B1CA154DA10DB43A15C03F0070309FA2F
:1030200003F321EA03036FF0020E302FA354AEEB3B
:10303000050EA8BF3027002605F1020BC20812A911
:10304000AEEB06038D5C0BEB0601C910C24303F027
:10305000070302F0070245FA02F209FA03F3655684
:103060005BB212F0010F25EA03020CBF62542B433E
:103070006044049A18BF635480B2039B9042434457
:1030800009D398B284450AF101039DBF1FFA83FA60
:103090005046D0468046013633B2BB42CEDB069B5B
:1030A000059A0237303B1BB23A4492B2002B06938A
:1030B0000592A2DC079B93F89B31079A9DF820703C
:1030C00092F8995192F8A06192F89A11B2F8AA0177
:1030D0008DF83070EA0042EA860242EAD10242F0FC
:1030E000020206118DF831200201059846EA4116C8
:1030F0006FF0710101FB03018DF832602E4E0B91D0
:1031000008202F274FF0FF0C0021D2B23070C6E903
:10311000017CF160002B00F0ED80DFF8B0900391AE
:103120000E4609F1280AA9F127080EAF0125013B37
:103130005B1A22F00C0242EA83030CA904221E4807
:103140008DF8333000F088FB4FF0000B8DF8340021
:1031500002211A48A7F808B0C7E900BB00F0D6FB67
:103160003B4628220CA9CDF800B0144800F0D2FB51
:103170003B4628220CA9CDF800B0104800F0CAFB4D
:10318000F208F343A15C104803F0070305FA03F3C8
:1031900021EA0301731CA154DA10DB43A15C03F0A4
:1031A000070305FA03F321EA030306F1020CA35413
:1031B0006FEA0C0C0CE000BF107A00203C7A002073
:1031C00034B8030058B803005BB8030083B80300A9
:1031D0004378C21CD908A2EB0802324417F801E078
:1031E000D208DB430CF0070103F007034EFA03F3A8
:1031F00005FA01F114F902E013F0010F49B24EEAA9
:10320000010300F101000ABF2EEA0101A354A154F9
:1032100048450CF1FF3CDBD106F14A0C5D486FEAF2
:103220000C0C437800F12302D908A2EB08023244C7
:1032300017F801E0D208DB430CF0070103F00703A5
:103240004EFA03F305FA01F114F902E013F0010F4D
:1032500049B24EEA010300F101000ABF2EEA010162
:10326000A354A15450450CF1FF3CDAD16FF02A0E63
:10327000DDF81CC00496AEEB060E06F12A0B00200A
:103280000CEBD00200EB0B0192F89C61C908AEEB8D
:103290000003C24303F0070302F0070246FA02F2FA
:1032A00005FA03F3665612F0010F5BB246EA030219
:1032B00000F101000ABF26EA030362546354202888
:1032C000DED1079B039A049E93F89B31013272363C
:1032D00093420392B6B20AD99DF83320039926E7A8
:1032E000013141454FF000007FF429AE54E6079AC2
:1032F00092F89951099A063292B2032D06D8DFE866
:1033000005F03934310202EB420292B2224DA5FBA4
:103310000210400902F12F0400EB800100EB400095
:10332000A2EB0012A5FB045401EB8101B69803EB5C
:103330005413490092B203608BB212B102321A44A4
:1033400093B2079A92F89B11722212FB0133B5993E
:10335000DA1D0B60B49BD20800201A600DF52B7D9E
:10336000BDE8F08F520092B2D0E702EB4202C2F306
:103370004F02CBE702EB4202520008490432A1FBA4
:103380000212C2F38F02C1E7DDF82CA00EE6C2469E
:10339000424604E683B80300ABAAAAAACDCCCCCCA3
:1033A00070B4524D524B8BB0064603930FCD05AC13
:1033B0000FC42A6896F89A3196F8A01122600AAADA
:1033C00002EB430300294FF0060243F63611ADF835
:1033D00010104848A6F8A42114BF0821342149F24E
:1033E0008E5233F8143CB3FBF1F33C2B0290ADF852
:1033F0000420A6F8A23109D02ED9B92B68D01DD847
:10340000562B48D0632B46D03E2B20D1B6F8AA319C
:103410000AAA02EB931203F03F0112F81C2CA6F843
:10342000A621B3F5C07F4FF03802A6F8A811A6F880
:10343000A4210CD200200BB070BC7047B3F5C37F41
:103440003AD040F29312934236D0C62B40D06FF060
:1034500069000BB070BC70471C2B06D016D9232B0B
:1034600003D02F2B01D01E2BF1D1B6F8AA310AAA16
:1034700002EB9311B3F5C07F03F03F0211F81C1C5F
:10348000A6F8A611A6F8A821D4D3E0E70A2BECD021
:10349000162BDCD1E9E7B6F8AA310AAA02EBD3125F
:1034A000002012F8202CA6F8A62103F07F03A6F82E
:1034B000A8310BB070BC7047B6F8AA31A6F8A83195
:1034C0004FF484720020A6F8A6210BB070BC7047A0
:1034D000B6F8AA310AAA02EB1322DBB212F8242CA6
:1034E000A6F8A621A6F8A831A4E700BF44B80300B7
:1034F000212D30334144474810B4B0F8A431B0F81E
:10350000A821B0F8A24103F001015B0819B1B0F89D
:10351000A6114B409BB29A4282EA030107D08C422B
:10352000F1D3A0F8A4315DF8044B084670479C42E3
:1035300001D21346E7E7A0F8A431194608465DF822
:10354000044B7047D0F8B031002B00F08D802DE98E
:10355000F041B0F8A431B0F8A841B0F8A25182B05F
:1035600003F001025B081AB1B0F8A62153409BB2E8
:103570009C4284EA03026FD0AA42F1D8013A92B287
:1035800014B2B4EB550FA0F8A43190F8A031A8BF45
:10359000521B05F00105A8BF14B20135002B5FD105
:1035A0001A2303FB05F54FF4D04690ED557ADFED75
:1035B000397A67EE277A804617EE900A0F4604F0B4
:1035C00011FC354B002204F065FC04F0FDFED8F838
:1035D000B41198F89B3106FB14009942A0EB4525E5
:1035E00004D25B1ADB0758BF05F5807507EB47046B
:1035F0002A0E280C640004232E0A8DF804208DF86E
:10360000050004F28A310DEB030240468DF80750A5
:103610008DF80660FEF7D0FDD8B93FBB7320054694
:1036200004F562718DF80100002402236A464046C9
:103630008DF80040FEF7C0FD58B908F5D6710EC9E7
:103640004D1B013A0133C8F8AC51C8F8B021C8F895
:10365000B43102B0BDE8F081AB4212D923467FE716
:10366000AD004FF48056A0E71846704798F89B319C
:10367000BB4208D8D8F8AC01312807D885B2C0B20F
:10368000CEE71A467AE772200546C9E7322005469A
:10369000C6E700BF0000004C0000A03F6FF018001C
:1036A000704700BF6FF01800704700BF6FF0180040
:1036B000704700BF6FF01800704700BF6FF0180030
:1036C000704700BF6FF01800704700BF6FF0180020
:1036D000704700BF6FF01800704700BF6FF0180010
:1036E000704700BF6FF01800704700BF84B004A897
:1036F00000E90E006FF0180004B07047002070471A
:10370000BBEE090A704700BF002070476FF0180039
:10371000704700BF6FF01800704700BF002070476F
:10372000704700BF704700BF6FF01800704700BFC0
:10373000704700BF0368044ADB68934202D16FF010
:103740001800704700211847B536030070B5144BB8
:1037500004460E4600210D462DED028B282240F82E
:10376000043BB0EE408A05F0E1F8A58684F83650B7
:10377000294604F137004FF4807205F0D7F884ED44
:103780000B8AC4F83851C4F83C5184F84051C4F84D
:10379000445184F848512663BDEC028B204670BD2D
:1037A000B4B80300002370B41E46012505FA03F2E5
:1037B0000A4200EB830403F1010303D062681F2A6D
:1037C00018BF1643202BF1D1304670BC704700BFA4
:1037D00038B590F848316BB9D0F83851D0F8442159
:1037E000D0F83C4141EA45010A40A242C0F83811F4
:1037F0002BD038BD90F8355090F834300544012472
:103800009C4095F9372064B2D1B922EA0402D2B2C1
:1038100085F83720591CC9B2082980F83410E8D13E
:103820000446104600F024F994F83530E1180022DF
:10383000013381F8370084F8353084F8342038BDFE
:103840002243D2B285F83720E4E70122838680F84C
:10385000363080F8482138BD2DE9F8435FEAC209C7
:103860000646846820D0002588462F460FE0317830
:103870004B1E24FA03F313F0010F18BF736805F110
:1038800001054FEA440418BF5C404D450DD06B075D
:10389000EDD1337C18F807000137B3B93178A1F1C5
:1038A000080398404440E3E70178F068737C604087
:1038B00013B100F0DDF831784FF0FF33C1F1200192
:1038C00023FA01F10840BDE8F883082100F0D0F8A0
:1038D000E4E700BF044B002208211970C3E901226C
:1038E000DA601A745A747047107A002010B50446D2
:1038F000C06808B102F0DEFF206908B102F0DAFF0B
:10390000606908B102F0D6FF204610BD0023417067
:1039100003707047002900F08980002B00F086803A
:103920002DE9F04F83B0002A7ED04FF0000B90F8C5
:1039300001A0D946D846CDE900210AE0072C057040
:1039400050D0009A08F10108D14442451FFA89F984
:1039500050D04FEAD805019A0678575D3549364A66
:103960006FEA080404F007042741BAF1020F08BF08
:10397000964607F001074FEA960518BF8E46C7F135
:10398000010C5EF825504FEA8C0C6FEA060E5FFAC8
:103990008CFC0EF0030E0CEBCE0C25FA0CF54FF060
:1039A000020204FB0AFC05F00F0404FA0CF412FBFB
:1039B00006764BEA040B06F03F0508F00704BDD17C
:1039C00006F00F06072C0670BBD11C464FEA1B25DC
:1039D00004F8025B83F801B090F801A023464FF091
:1039E000000BAEE7BAF1030FEFD14FEA1B441C7096
:1039F0000133EAE752070BD0BAF1030F03D14FEAC4
:103A00001B421A7001334FEA1B2283F801B01A706F
:103A10000C9B2BB10020C3F8009003B0BDE8F08FE1
:103A2000184603B0BDE8F08F9146F1E74FF0FF3044
:103A3000704700BF8CB903007CB90300084B094AEA
:103A4000094910B5002418461C805C601C72C3E94B
:103A500003445C6103F0D0FF044B1C8010BD00BF29
:103A6000247A002000600020ED3803003C7A00201A
:103A700099B10022F0B405464F1E1046012606FA01
:103A800002F32B40BC1AD3400132A340D4B2A1426E
:103A900040EA0300F3D8F0BC70470846704700BF07
:103AA000704700BF704700BF704700BF08467047AF
:103AB00030B4416082600299039A044DC360049B54
:103AC0000560C0E90412836130BC7047D4B90300BB
:103AD00008B50121272003F0A9FD272003F068FE87
:103AE0002520012103F0A2FD2520BDE8084003F0B8
:103AF0005FBE00BF69B170B5054608460C4605F0CB
:103B00007DFD2B680246214628465B68BDE8704073
:103B100018470846704700BFF0B506688BB022B959
:103B20003368C9B298470BB0F0BD0AACD2B20023DB
:103B3000022A04F8043D05462CBF10460A20B1FBBA
:103B4000F0F200FB1217FBB2092F03F130078ABF16
:103B50003733FBB2DBB2114604F8013D002AEED147
:103B6000204605F04BFD73680246214628469847DB
:103B70000BB0F0BD036802495B680222184700BF22
:103B8000E8BA0300036870B505460C465E6849B1A3
:103B9000084605F033FD214602462846B0472B680B
:103BA0005E680446284602220149B047204470BDA1
:103BB000E8BA0300F0B504468BB00F460568002A4A
:103BC00044D00A2A26D1002945DB0AAE0023334817
:103BD00006F8043D0B46A0FB0312D20802EB82015B
:103BE000A3EB4103303306F8013D1346002AF2D11E
:103BF000304605F003FD314602466B682046984783
:103C00000646236826495B682046022298473044CE
:103C10000BB0F0BD0AAED2B20023022A06F8043D72
:103C20002CBF10460A200A46B2FBF0F100FB112718
:103C3000FBB2092F03F130078ABF3733FBB2DBB287
:103C40000A4606F8013D0029EED1D1E72B68C9B23A
:103C500098470646D5E72B682D2198470AAD0023E3
:103C600006460E4805F8043D7B42A0FB0321C90827
:103C700001EB8102A3EB4203303305F8013D0B4613
:103C80000029F2D1284605F0B9FC236802462946EE
:103C90005B68204698470644B3E700BFCDCCCCCC48
:103CA000E8BA0300114B124A1968BFF35B8F4968E9
:103CB000BFF35B8F914200D070470E4AD2F80015D7
:103CC000C9070FD530B40C4C012500204FF0FF314F
:103CD0002560C2F8000530BCC2F8601518680449B8
:103CE00003F0D6BD1868024903F0D2BD407A002027
:103CF000546F6E6500200240042002402F2901D934
:103D00000020704770B5434E3368BFF35B8F0C469D
:103D10005B684149BFF35B8F8B4288B0054606D094
:103D2000306803F06FFD10B9002008B070BD326834
:103D3000394BBFF35B8F5268BFF35B8F9A4259D008
:103D4000364A374B52F82420698AEC7DC3F8602547
:103D50004FF0FF32C3F864250120C3F86825C3F88B
:103D60006C250722C3F80005C3F80C250022C3F810
:103D70000425C3F8081505F11401C3F81025C3F88C
:103D80000042C3F80023C3F82015C3F84015C3F858
:103D90002405C3F84405A968C3F828152149EE682D
:103DA0002C8AC3F84865C3F82C25C3F84C25C3F802
:103DB00014450A600B680193019B4A6004311A4B59
:103DC0000968029102991A601968039103995A606F
:103DD0005968049104999A60996805910599DA6087
:103DE000D968069106991A6110331B680793079BDF
:103DF00008B070BD0A4BD3F80025D207A0D50B4AF6
:103E00000120106000214FF0FF32C3F80015C3F805
:103E1000602595E7407A0020546F6E6528BA03004C
:103E200000200240042102400C21024004200240F4
:103E30002DE9F843A1F1140446F294139C4215D8DD
:103E4000144606460D469AB94FF000084FF0000997
:103E5000634C64492368BFF35B8F5B68BFF35B8F80
:103E60008B421CD0206803F0CDFCC0B9BDE8F883BC
:103E7000B2F57A7F09D202FB01F3B3F57A7F04D25F
:103E80004FF001084FF00009E2E74FF47A72002387
:103E9000A4FB050104F008FB80468946D8E72268A8
:103EA000504BBFF35B8F5268BFF35B8F9A42DDD1FB
:103EB0004D4BD3F80025D20709D54C4A012010609C
:103EC00000214FF0FF32C3F80015C3F8602558EA0F
:103ED00009034749B1FBF5F189B230D1454F464B53
:103EE0007982C7E900896FF07F486FF07F4943EA24
:103EF0005103C7E902894FF6FF70BB8208220423F1
:103F00003882BA75FB7531463A48FFF7F7FE00284C
:103F1000ACD023683349BFF35B8F5B68BFF35B8F23
:103F20008B4204D0206803F06DFC00289ED0BB7D3E
:103F300003F1804303F5083301221A6096E74246F5
:103F40004B4600205B084FEA320252EA030500F1BB
:103F50000100F7D1252889DC2748264FB9F1000F49
:103F600040EA510008BFB8F1010FB882C7E90089E3
:103F700079822CD040464946002349084FEA300058
:103F800050EA010203F10103F7D11C4A5B00A2FBD6
:103F900003235B0801259D4018F1FF3049F1FF31F3
:103FA0002A46002304F080FA72B96A084FF00C0C1C
:103FB0006B1E9B1A0130013A1021FB603882BA60F7
:103FC00087F816C0F9759EE74FF0080CF0E7C7E9CF
:103FD000022301210C2210233982BA75FB7592E766
:103FE000407A0020546F6E65002002400420024099
:103FF00048E80100487A00200080FFFFABAAAAAA87
:10400000024A034B92681A60704700BF8461002027
:10401000407A00202DE9F0477C4F3D6806460C466B
:10402000904675B12F2E09D828F48073032BC8F35E
:10403000002224D0042B59D0022B3BD00020BDE815
:10404000F08729462022724804F070FC714A7249B8
:10405000724B0D604FF0FF30C2E9000040224D600E
:10406000C3F88020BFF34F8FBFF36F8F6021C3F879
:10407000802183F806131A6001233B60D2E74FF4D6
:104080000037674B634853F8265090F900102B0215
:1040900003F47C5343F001038D4243EA07030CD041
:1040A00090F90160B54224D090F90270BD4222D14E
:1040B000022603E04FF44037E3E70026B10001F1A8
:1040C000804101F5C0418555D1F81005504F524D42
:1040D00047F8264020F0031020F47C5003430120D1
:1040E000AA55C1F81035B040BDE8F0874FF48037CD
:1040F000C7E70126E2E790F903C0654549D090F98A
:1041000004E075455BD090F9058045456DD090F988
:1041100006904D4577D090F907A0AA4501D1072612
:10412000CCE7013123D13F49D1F8101589071ED1C1
:104130000026B10001F1804101F5C0418555D1F85B
:104140001005334F344D47F8264020F0031020F47B
:104150007C500343C1F810350023C1F80031012021
:10416000304BAA55B040C3F80403BDE8F0870136D0
:1041700006D12C49D1F81415890701D10126D8E7B9
:10418000013708D12749D1F818158F0703D1022626
:10419000CFE7032692E7BCF1FF3F06D12149D1F8D2
:1041A0001C158E0701D10326C3E7BEF1FF3F08D1DE
:1041B0001C49D1F82015890703D10426B9E7042644
:1041C0007CE7B8F1FF3F06D11649D1F824158F07D7
:1041D00001D10526ADE7B9F1FF3F08D11149D1F86A
:1041E00028158E0703D10626A3E7052666E7BAF150
:1041F000FF3F7FF423AF0B49D1F82C1589077FF4DB
:104200001DAF072695E7062658E700BF907A0020E5
:10421000687A0020887A0020607A002000E100E0BF
:1042200028BA0300006000402F2825D8264A274BD3
:1042300052F8202093F900108A4238D093F90110E7
:104240008A4236D093F902108A4234D093F903108F
:104250008A4232D093F904108A4230D093F9051083
:104260008A422ED093F906108A4206D093F907109D
:10427000914208BF072101D07047062170B4012088
:10428000134E144C144D8840C6F808038A000020D1
:1042900002F1804244F82100FF2402F5C0425C5440
:1042A0006854C2F8100570BCC2F8000170470021C4
:1042B000E4E70121E2E70221E0E70321DEE7042150
:1042C000DCE70521DAE700BF28BA0300887A00207E
:1042D00000600040687A0020607A00202DE9F043F9
:1042E0001B4B1C4FD3F80463DFF86C80DFF86C9035
:1042F00085B000240123A200A34002F1804533428F
:1043000005F5C0450FD0D5F8003163B1E35701334F
:1043100006D052F808201AB114F809307BB990473A
:104320000023C5F800310134082CE3D1BFF34F8FCF
:1043300000BF00BF00BF00BF05B0BDE8F08304AB05
:10434000002143F8041D0846009103F099F8E7E7BF
:1043500000600040887A0020687A0020607A00209F
:10436000FEE700BF08B501F02FFA4FF47A72A0FB08
:104370000223900A40EA835008BD00BF014638B5C9
:104380004FF47A7200238002890D04F08DF80546FF
:1043900001F01AFA0446F1F79BFF01F015FA001B31
:1043A000854200D838BD281ABDE8384001F030BB3E
:1043B00010B5044601F086FD022804D02046BDE871
:1043C000104004F06DBA01F0F7F9204604F068FAE5
:1043D000044601F097FA0CB1204610BD02F088FFA8
:1043E000FAE700BF10B5044601F06CFD02280AD1BF
:1043F00044B101F0E1F9204604F05AFABDE810405A
:1044000001F080BA10BD2046BDE8104004F050BA5B
:1044100010B5044601F0D0F9204604F041FA0446F4
:1044200001F070FA0CB1204610BD02F061FF204689
:1044300010BD00BF50B110B5044601F0BDF92046D3
:1044400004F036FABDE8104001F05CBA704700BFD6
:1044500038B51C469DF8105043B3002908BF1A46D2
:104460000123C4E90F01226084F8463001F0F4FF13
:10447000D4E90F132268A26001FB03F1CB1A1344A5
:1044800000200A44FF21A063E36084F844106260C6
:1044900084F8451004F1100003F060FA04F12400E0
:1044A00003F05CFA01F0E2FF84F84C50204638BD7E
:1044B000F8B5074615460E4669B100FB01F05030CD
:1044C000FFF7A6FF044690B3002200F1500380F8E6
:1044D0004620036007E05020FFF79AFF044630B300
:1044E00084F846602460C4E90F7601F0B5FFD4E992
:1044F0000F132268A26001FB03F1CB1A13440020C2
:104500000A44FF21A063E36084F84410626084F8E9
:10451000451004F1100003F021FA04F1240003F027
:104520001DFA01F0A3FF84F84C502046F8BD00248A
:104530002046F8BD2DE9F04F044685B01D46019296
:10454000884601F089FFA26BE36BA84F4FF000098A
:104550009A424E46C0F08B80022D00F006810198F1
:10456000002800F03081B9F1000F00F0958001F0D3
:104570007DFF01F021F901F06FFF94F84430FF2B2B
:1045800008BF84F8446094F84530FF2B08BF84F8D6
:10459000456001F06BFF01A902A801F03BFC002877
:1045A00040F0188101F058FFA26BE36B9A4277D07C
:1045B00001F05CFF01F050FF94F845304FFA83FAA8
:1045C000BAF1000F1ADD636AC3B104F1240907E0F0
:1045D0000AF1FF33DBB24FFA83FA7BB1636A6BB146
:1045E000484601F0BDFB0028F2D001F04BFC0AF177
:1045F000FF33DBB24FFA83FA002BEFD1FF2384F8AD
:10460000453001F033FF01F027FF94F844304FFAB2
:1046100083FABAF1000F1ADD2369C3B104F110095E
:1046200007E00AF1FF33DBB24FFA83FA7BB123696B
:104630006BB1484601F094FB0028F2D001F022FC57
:104640000AF1FF33DBB24FFA83FA002BEFD1FF23DD
:1046500084F8443001F00AFF01F054F901F0FCFE47
:10466000A26BE36B9A424FF00109BFF475AF226C65
:10467000A66B002A40F0FC8025680136002D00F072
:104680001881A663636A002B40F08C8001F0EEFE77
:10469000012005B0BDE8F08F02A801F0AFFB66E78E
:1046A00004F1100901F0E2FE4846019901F0DCFA3C
:1046B00001F0D2FE94F845A04FFA8AFABAF1000F41
:1046C0001CDD636AD3B104F1240B08E00AF1FF3A60
:1046D0005FFA8AF34FFA83FA83B1636A73B158467B
:1046E00001F03EFB0028F1D00AF1FF3A01F0CAFBCD
:1046F0005FFA8AF34FFA83FA002BEED1FF2384F896
:10470000453001F0B3FE01F0A7FE94F844304FFAB3
:1047100083FABAF1000F06DC15E00AF1FF33DBB2D1
:104720004FFA83FA7BB123696BB1484601F018FB5D
:104730000028F2D001F0A6FB0AF1FF33DBB24FFAFA
:1047400083FA002BEFD1FF2384F8443001F08EFE72
:1047500001F0D8F8002881D14FF080537B6040BF32
:10476000BFF34F8FBFF36F8F78E7226CA66B002AE1
:1047700082D04146E06804F0B5F8236CE268216815
:104780005B421A448A42E26080F089806268134486
:10479000E360022D00F083800136A663636A002B7C
:1047A0003FF474AF04F1240001F0DAFA00283FF47A
:1047B0006DAF0E4B4FF080525A6040BFBFF34F8F2A
:1047C000BFF36F8F62E7009001F050FE009805B0D4
:1047D000BDE8F08F01F040FE94F845506DB2002D19
:1047E00018DD636AB3B104F1240607E000ED00E0D0
:1047F000013DEBB25DB26BB1636A5BB1304601F073
:10480000AFFA0028F4D0013D01F03CFBEBB25DB201
:10481000002BF1D1FF2384F8453001F027FE01F091
:104820001BFE94F844506DB2002D16DD2369A3B130
:1048300004F1100605E0013DEBB25DB26BB12369F6
:104840005BB1304601F08CFA0028F4D0013D01F054
:1048500019FBEBB25DB2002BF1D1FF2384F8443099
:1048600001F004FE01F04EF8002005B0BDE8F08F25
:1048700041465DBBA06804F035F8A368216C62680E
:104880000B44934206F10106A360FFF4FAAEA6635F
:10489000636A2268A260002B3FF4F8AE82E7002E24
:1048A0007FF4EFAE0123A363636A002B3FF4EEAE07
:1048B00078E7606801F058FBA663636A6560002BC7
:1048C0007FF470AF00287FF474AFDFE6E06804F097
:1048D00009F8236CE26821685B421A448A42E2606C
:1048E000BFF457AF52E700BFF8B50C4679B30025C7
:1048F0000123216081F84630C1E90F35064601F0F9
:10490000ABFDD4E90F322168A56303FB02F39A1AC9
:104910000A440B44FF27C4E90131E26084F8447083
:1049200004F1100084F8457003F018F804F1240035
:1049300003F014F801F09AFDC4E90055E56084F82D
:104940004C602B462A4629462046FFF7F3FD2046B9
:10495000F8BD00BF2DE9F0418C4682B004461746F1
:10496000EFF31186402282F31188806BE26B904254
:1049700021D3022B05D0002086F3118802B0BDE8B8
:10498000F08194F84550226CD4F838806DB252BB57
:10499000236808F10108002B4FD06B1CC4F8388045
:1049A00037D001356DB284F84550012086F3118867
:1049B00002B0BDE8F08194F84550226CD4F83880FC
:1049C0006DB2002AE4D073B9A06803F08BFFA3682E
:1049D000216C62680B44934208F10108A360DCD3A8
:1049E0002368A360D9E76146E068019303F07AFF8A
:1049F000206CE2682168019B404202448A42E260E6
:104A000002D262681044E060022B10D008F1010865
:104A1000C3E7636A002BC8D004F1240001F0A0F9B9
:104A20000028C2D0002FC0D001203860A4E7B8F120
:104A3000000F08BF4FF00108AFE76068019301F075
:104A400093FA019B6360A8E72DE9F047044684B020
:104A50008846019201F000FDD4F83890B9F1000FBA
:104A600040F09380019B002B00F00A8102A801F026
:104A7000C5F9B34F4E4604F1240501F0F7FC00F0F0
:104A80009BFE01F0E9FC94F84430FF2B08BF84F84A
:104A9000446094F84530FF2B08BF84F8456001F06E
:104AA000E5FC01A902A801F0B5F9002840F08780D3
:104AB00001F0D2FCA36B002B40F0E88001F0D6FCA3
:104AC0000199284601F0D0F801F0C6FC94F8453071
:104AD0004FFA83F9B9F1000F06DC15E009F1FF3355
:104AE000DBB24FFA83F97BB1636A6BB1284601F000
:104AF00037F90028F2D001F0C5F909F1FF33DBB234
:104B00004FFA83F9002BEFD1FF2384F8453001F0F1
:104B1000ADFC01F0A1FC94F844304FFA83FABAF1ED
:104B2000000F1ADD2369C3B104F1100907E00AF18F
:104B3000FF33DBB24FFA83FA7BB123696BB148468E
:104B400001F00EF90028F2D001F09CF90AF1FF33D0
:104B5000DBB24FFA83FA002BEFD1FF2384F8443005
:104B600001F084FC00F0CEFE00287ED14FF080538F
:104B70007B6040BFBFF34F8FBFF36F8F01F06CFCC2
:104B8000D4F83890B9F1000F76D0226C52B1E168B8
:104B9000636811449942E16024BF2168E1604046A6
:104BA00003F0A0FE09F1FF33A3632369002B40F05B
:104BB000C98001F05BFC012004B0BDE8F08701F082
:104BC0004BFC94F845304FFA83F9B9F1000F06DC3D
:104BD00015E009F1FF33DBB24FFA83F97BB1636A69
:104BE0006BB1284601F0BCF80028F2D001F04AF978
:104BF00009F1FF33DBB24FFA83F9002BEFD1FF232A
:104C000084F8453001F032FC01F026FC94F8443081
:104C10004FFA83FABAF1000F1ADD2369C3B104F128
:104C2000100907E00AF1FF33DBB24FFA83FA7BB1D8
:104C300023696BB1484601F093F80028F2D001F0E7
:104C400021F90AF1FF33DBB24FFA83FA002BEFD1DF
:104C5000FF2384F8443001F009FC00F053FE01F01A
:104C6000FBFBA36B63B101F001FC01F0F5FBD4F891
:104C70003890B9F1000F88D1019B002B7FF4FDAE75
:104C800001F0F4FB002004B0BDE8F08701F0EEFB7A
:104C900001F0E2FB94F845304FFA83F9B9F1000FC7
:104CA00006DC15E009F1FF33DBB24FFA83F97BB183
:104CB000636A6BB1284601F053F80028F2D001F086
:104CC000E1F809F1FF33DBB24FFA83F9002BEFD1A2
:104CD000FF2384F8453001F0C9FB01F0BDFB94F8D7
:104CE00044304FFA83FABAF1000F1ADD2369C3B1D9
:104CF00004F1100907E00AF1FF33DBB24FFA83FA3F
:104D00007BB123696BB1484601F02AF80028F2D044
:104D100001F0B8F80AF1FF33DBB24FFA83FA002B47
:104D2000EFD1FF2384F8443001F0A0FB00F0EAFD4E
:104D300001F092FBD4F83890B9F1000F9CD024E731
:104D400000ED00E004F1100001F00AF800283FF443
:104D500030AF054B4FF080525A6040BFBFF34F8FCA
:104D6000BFF36F8F25E700BF00ED00E02DE9F043B2
:104D7000044685B00026019101F06EFBA36BB24F93
:104D8000B0463546002B40F0F380019B002B00F02D
:104D90005D81B8F1000F00F0FC8001F067FB00F0CE
:104DA0000BFD01F059FB94F84430FF2B08BF84F849
:104DB000445094F84530FF2B08BF84F8455001F06B
:104DC00055FB01A902A801F025F800286CD101F0DB
:104DD00043FBA36B002B40F0E08001F047FB23680E
:104DE000002B00F03C8104F124094846019900F0B1
:104DF0003BFF01F031FB94F845304FFA83F8B8F1EE
:104E0000000F06DC15E008F1FF33DBB24FFA83F840
:104E10007BB1636A6BB1484600F0A2FF0028F2D074
:104E200001F030F808F1FF33DBB24FFA83F8002BC2
:104E3000EFD1FF2384F8453001F018FB01F00CFBA3
:104E400094F844304FFA83F8B8F1000F1ADD236963
:104E5000C3B104F1100907E008F1FF33DBB24FFAE8
:104E600083F87BB123696BB1484600F079FF0028D5
:104E7000F2D001F007F808F1FF33DBB24FFA83F804
:104E8000002BEFD1FF2384F8443001F0EFFA00F05B
:104E900039FD002864D14FF080537B6040BFBFF3E1
:104EA0004F8FBFF36F8F5BE001F0D6FA94F8453077
:104EB0004FFA83F8B8F1000F1ADD636AC3B104F149
:104EC000240907E008F1FF33DBB24FFA83F87BB126
:104ED000636A6BB1484600F043FF0028F2D000F04F
:104EE000D1FF08F1FF33DBB24FFA83F8002BEFD18B
:104EF000FF2384F8453001F0B9FA01F0ADFA94F8D7
:104F000044304FFA83F8B8F1000F1ADD2369C3B1BA
:104F100004F1100907E008F1FF33DBB24FFA83F820
:104F20007BB123696BB1484600F01AFF0028F2D02C
:104F300000F0A8FF08F1FF33DBB24FFA83F8002B33
:104F4000EFD1FF2384F8443001F090FA00F0DAFC4E
:104F500001F082FAA36B002B00F08A8001F086FA40
:104F600001F07AFAA36B4FF00108002B3FF40DAF6C
:104F70002268013BA363002A00F09E802369002B76
:104F800040F0898001F072FA0126304605B0BDE894
:104F9000F08302A800F032FFFFE601F067FA01F0AB
:104FA0005BFA94F845304FFA83F8B8F1000F1ADD38
:104FB000636AC3B104F1240907E008F1FF33DBB2EF
:104FC0004FFA83F87BB1636A6BB1484600F0C8FEC4
:104FD0000028F2D000F056FF08F1FF33DBB24FFAA1
:104FE00083F8002BEFD1FF2384F8453001F03EFA1F
:104FF00001F032FA94F844304FFA83F8B8F1000F18
:105000001ADD2369C3B104F1100907E008F1FF3389
:10501000DBB24FFA83F87BB123696BB1484600F0ED
:105020009FFE0028F2D000F02DFF08F1FF33DBB225
:105030004FFA83F8002BEFD1FF2384F8443001F0BE
:1050400015FA00F05FFC8BE700ED00E0009301F043
:105050000DFA009B1E46304605B0BDE8F08301F016
:10506000FBF9606800F03EFF064601F0FFF9BAE682
:1050700001F0FCF9002E88D001F0EEF9616A19B157
:10508000236B1968C1F10501606800F099FF0026E3
:1050900001F0ECF979E704F1100000F061FE00285E
:1050A0003FF470AF064B4FF080525A6040BFBFF3E1
:1050B0004F8FBFF36F8F65E700F0B8FF60605DE76B
:1050C00000ED00E010B5044601F0C6F9A46B01F054
:1050D000CDF9204610BD00BF104B5A68904208D051
:1050E000DA68904208BF012204D090F8463093B1AC
:1050F00070470022002110B403EBC20443F83210C1
:1051000090F84630616013B15DF8044B70475DF86C
:10511000044BFFF78FB9FFF78DB900BF248500203E
:10512000074B1A681AB19A6802B17047012210B48D
:1051300003EBC20443F8321060605DF8044B704723
:105140002485002070B505460C46164601F084F90A
:1051500095F84430FF2B04BF002385F8443095F8C0
:105160004530FF2B04BF002385F8453001F07EF960
:10517000AB6B2BB93246214605F1240000F0B0FD9F
:1051800001F06AF995F8454064B2002C16DD6B6AAF
:10519000A3B105F1240605E0013CE3B25CB26BB1BA
:1051A0006B6A5BB1304600F0DBFD0028F4D0013CB7
:1051B00000F068FEE3B25CB2002BF1D1FF2385F86A
:1051C000453001F053F901F047F995F8444064B2D5
:1051D000002C16DD2B69A3B105F1100605E0013C9A
:1051E000E3B25CB26BB12B695BB1304600F0B8FD45
:1051F0000028F4D0013C00F045FEE3B25CB2002B85
:10520000F1D1FF2385F84430BDE8704001F02EB99C
:105210002DE9F041044601F01FF9344A344D13687A
:10522000013313602B68002B2FD0324EE36A3268B3
:105230002AB33148314907680A689F4238BF036082
:105240002F48013203EB83030A6000EB8300E26323
:10525000211D02F093FB01F009F933686BB12A6854
:10526000E36AD26A9A4208D2264B4FF080525A60C3
:1052700040BFBFF34F8FBFF36F8FBDE8F0812A6847
:10528000D26A9A4298BF2C60D3E72C601368012B36
:1052900002D0E36A174ECCE71948DFF894801A4F22
:1052A000144E02F05BFB194802F058FB184802F05C
:1052B00055FB184802F052FB174802F04FFB4046DE
:1052C00002F04CFB384602F049FB144802F046FB62
:1052D000134802F043FB134802F040FB124B134A01
:1052E000C2F800801F60E36AA3E700BF047B0020D0
:1052F000947A0020647B0020187B0020147B00201F
:10530000A07A002000ED00E0307B0020B47A00207D
:10531000C87A0020DC7A0020F07A0020507B002040
:105320007C7B0020687B00209C7A0020987A0020FB
:105330001C7B00202DE9F843DDE90964002C60D0D6
:1053400016B93046BDE8F8830D469700984602230B
:105350003A4684F85130814626633046A52103F051
:10536000E5FA2A78236B84F83420043F2A781F4416
:1053700027F0070702B36B7884F835306B78DBB120
:10538000AB7884F83630AB78B3B1EB7884F837304B
:10539000EB788BB12B7984F838302B7963B16B794A
:1053A00084F839306B793BB1AB7984F83A30AB791A
:1053B00013B1EB7984F83B30089D042D28BF0425F8
:1053C0000026E5626564201D84F83B60A66402F057
:1053D000D1FAC5F1050504F1180002F0CBFAE66434
:1053E00042464946A561246184F8506064623846AB
:1053F00000F0F6FF20602046FFF70AFF2046BDE8D8
:10540000F8832046BDE8F8832DE9F04796008046F2
:1054100030460D469946099FFEF7FAFF002869D0ED
:1054200082465420FEF7F4FF044600285BD0002398
:10543000C0F830A03246504684F85130A52103F020
:1054400075FA2A78236B84F83420043E2A781E44A7
:1054500026F0070A02B36B7884F835306B78DBB13D
:10546000AB7884F83630AB78B3B1EB7884F837306A
:10547000EB788BB12B7984F838302B7963B16B7969
:1054800084F839306B793BB1AB7984F83A30AB7939
:1054900013B1EB7984F83B30089D042D28BF042517
:1054A0000026E5626564201D84F83B60A66402F076
:1054B00061FAC5F1050504F1180002F05BFAE66433
:1054C000A561246184F8506064624A4641465046B2
:1054D00000F086FF206007B13C602046FFF798FE91
:1054E0000120BDE8F0875046FEF7A4FF4FF0FF30E3
:1054F000BDE8F0874FF0FF30F3E700BF70B504461A
:105500004C4E00F0A9FF002C39D0251D284602F092
:105510005FFAA36A1BB104F1180002F059FA294698
:105520004548464D02F02AFA94F85030012B04BF4A
:10553000002384F8503000F099FF2B6893B933684A
:10554000A34200D070BD2B68DBB93B493C4A0968D7
:105550001268914226D03B4B1B682BB33A4B012279
:105560001A6070BD00F078FF384B1A68126892B963
:10557000374B4FF0FF321A6000F078FFDFE73468F6
:10558000C3E7344B4FF080525A6040BFBFF34F8F98
:10559000BFF36F8F70BD1A682D4BD268D268526806
:1055A0001A60E9E7336070BD274A136032683368D8
:1055B00012681B6B9A4236D9274C284922689300FF
:1055C000981880000858E0B9551EAB0058198000A3
:1055D000085830BB951EAB0058198000085800BB16
:1055E000D51EAB00581980000858D0B9151FAB0064
:1055F000581980000858A0B9053A930098188000FF
:10560000085813449B00CD180833686840686860E8
:105610000B44984204BF40686860C36833602260EE
:1056200070BD2A46EDE730683168343101F05EFE26
:10563000C2E700BF947A0020687B0020647B0020D2
:10564000047B0020107B0020947B0020987A0020AF
:10565000487B002000ED00E0187B0020A07A0020AD
:1056600080B170B51B4D2B6883420AD0044600F010
:10567000F3FE194B62699A4205D0BDE8704000F014
:10568000F5BE70BD7047A36A144A9342F5D0002B53
:10569000F3D1261D304602F09BF9114AE36A1168E6
:1056A00010488B4288BF136003EB830300EB830039
:1056B000314602F063F92B68E26ADB6A9A42DCD376
:1056C000094B4FF080525A6040BFBFF34F8FBFF37A
:1056D0006F8FD2E7947A0020687B0020507B0020F7
:1056E000187B0020A07A002000ED00E070B584B0A7
:1056F000002503AA02A901A8CDE9015501F0FAFD90
:10570000019C002C46D00298002843D0039E2063C1
:105710000223B600A521324684F8513003F006F981
:10572000236B1F4A6263201D84F83850043E84F8BE
:105730003B50E562C4E911551E4402F01BF904F127
:10574000180002F017F926F007060523A3612A4680
:105750001449E56430462461646284F8505000F0D6
:105760003FFE20602046FFF753FD0F4B1C6000F00A
:10577000DBFD012811D1402383F311880B490C4A2A
:105780000C4B4FF0FF340C6010601D6000F03EFECB
:1057900004B070BD044B00221A6004B070BD00BF9D
:1057A00049444C45955A0300447B0020487B002027
:1057B000647B0020907B0020024A13680133136051
:1057C000704700BF107B0020014B1868704700BF76
:1057D000907B0020024A136818441060704700BF95
:1057E000907B00202DE9F04F3B4B1B6883B0002BD2
:1057F00042D13A4B1F6801371F60002F4AD0384B07
:1058000001931B68BB423BD8364EDFF8EC80DFF8D3
:10581000ECA0DFF8EC90002525E03368DB68DC685D
:10582000636804F1040B9F42584651D302F0D0F84C
:10583000A36A04F118000BB102F0CAF8E36AD8F8C1
:10584000002003EB8300934259460AEB800088BF97
:10585000C8F8003002F092F8D9F80030E26ADB6A4A
:105860009A4228BF012533681B68002BD5D1019AC5
:105870004FF0FF33136004E01B4A136801331360D9
:1058800000251A4B1B68002B0CBF2846012003B0D3
:10589000BDE8F08F134E164B3168164A1868306019
:1058A000196013680133136033681B683BB90C4BF4
:1058B00001931A464FF0FF3313601346A1E7336894
:1058C000074ADB680192DB685B681360134698E760
:1058D000019A1360D5E700BF107B0020907B002069
:1058E000487B0020987A00200C7B0020947B0020CD
:1058F0009C7A00204C7B0020187B0020A07A00209E
:10590000947A00202DE9F04700F0A6FD354B1A6887
:10591000013A1A601C68002C57D1334B1B68002BCE
:1059200053D0DFF8E0A0314E314FDFF8DC90DFF8E4
:10593000DC80336813B3F368DC68251D04F11800BC
:1059400002F046F8284602F043F8E36A3A6803EBAF
:1059500083009342294609EB800088BF3B6002F038
:105960000DF8D8F80030E26ADB6A9A424FF0010382
:10597000DFD3CAF800303368002BDCD13CB11D4BBB
:105980001A6812683ABB1C4B4FF0FF321A601B4D6D
:105990002C6844B10126FFF725FF08B1CAF8006062
:1059A000013CF8D12C60DAF8003073B1144B4FF0A1
:1059B00080525A6040BFBFF34F8FBFF36F8F0124F7
:1059C00000F054FD2046BDE8F087002400F04EFDB5
:1059D0002046BDE8F0871A68074BD268D268526843
:1059E0001A60D4E7107B0020047B0020507B00204D
:1059F000187B0020987A0020487B00200C7B002038
:105A000000ED00E0947B0020A07A0020947A002032
:105A100070B548B9184B4FF080525A6040BFBFF381
:105A20004F8FBFF36F8F70BD144A15491368154E21
:105A3000013313600D6804463068043001F0C8FF7C
:105A4000336864195C600FD20F4B186831680431F9
:105A500001F0A4FF0D4B1A68944238BF1C60FFF799
:105A600051FF0028D6D070BD094B18683168043149
:105A700001F094FFF3E700BF00ED00E0107B002091
:105A8000907B0020947A0020987A0020487B0020A8
:105A90009C7A00202DE9F84F3C4E3D4D3D4CDFF8FF
:105AA0000891DFF80881DFF808B14FF0805A2368C9
:105AB000D3B100F0D1FCF368DF68381D01F088FF36
:105AC0002B68013B2B602368013B236000F0CEFC78
:105AD00097F85130002B37D0012BE8D13846FEF72C
:105AE000A9FC2368002BE4D12B4B1B68012B06D9A2
:105AF000CBF804A040BFBFF34F8FBFF36F8F00F010
:105B000041FED9F8003033BBD8F80030DB6A002BF7
:105B1000CDD1214B1B68012BC9D8204B204A1B68D3
:105B200012689B1A012BC2D91E4A136801331360F5
:105B3000D9F80030BBB1D8F80030DB6A0BB9164B8E
:105B40001B68FFF7DFFEB2E7386BFEF773FC3846E1
:105B5000FEF770FCABE7D8F80030DB6A002BA6D16B
:105B60000D4B1B68A3E7D8F80030DB6A002BE8D1A7
:105B7000094B1B68012BE4D8084B1868084B1B68BD
:105B8000C01A0128DDD900F0DDFCDAE77C7B0020BB
:105B9000047B0020087B0020A07A0020487B0020A6
:105BA000907B0020107B0020187B0020947A00203E
:105BB00000ED00E0274B1B68002B40D1264A70B552
:105BC000264C13602268236812681B6B9A423AD9EC
:105BD000234D24492A689300981880000858E0B99A
:105BE000561EB30098198000085830BB961EB300AB
:105BF00098198000085800BBD61EB3009819800081
:105C00000858D0B9161FB300981980000858A0B9D9
:105C1000053A930098188000085813449B00CE184A
:105C200008337068406870600B44984204BF406855
:105C30007060C36823602A6070BD3246EDE7064B92
:105C400001221A60704720682168343101F04EFB50
:105C5000BEE700BF107B0020947B0020947A0020D8
:105C6000187B0020A07A002070B5174D2B680C46D9
:105C700003F1180101F092FE144B1E6828680430ED
:105C800001F0A6FE631C17D02B68A4195C600BD230
:105C90000F4B18682968043101F080FE0D4B1A681B
:105CA000944238BF1C6070BD0B4B18682968BDE872
:105CB0007040043101F072BE296808480431BDE823
:105CC000704001F05BBE00BF947A0020907B002002
:105CD000987A0020487B00209C7A0020687B002076
:105CE00070B5194D2B680C46164603F1180101F0EA
:105CF00045FE164B5EB11B682868043001F068FE53
:105D0000296813480431BDE8704001F037BE1E68B1
:105D10002868043001F05CFE2B68A4195C600BD28B
:105D20000C4B18682968043101F038FE0A4B1A68D8
:105D3000944238BF1C6070BD084B18682968BDE8E4
:105D40007040043101F02ABE947A0020907B00203C
:105D5000687B0020987A0020487B00209C7A0020F5
:105D600038B5C368DC6804F11805284601F030FE38
:105D70001A4B1B682BBB251D284601F029FE184A2B
:105D8000E36A116817488B4288BF136003EB8303F3
:105D9000294600EB830001F0F1FD134BE26A1B681A
:105DA000DB6A9A4282BF114B01201860104B1A68BF
:105DB000126898BF00204AB90E4B4FF0FF321A60AC
:105DC00038BD29460C4801F0D9FDE6E71A68094BB1
:105DD000D268D26852681A6038BD00BF107B0020BC
:105DE000187B0020A07A0020947A0020947B002069
:105DF000987A0020487B0020507B0020034A044B07
:105E000012681B68C0E90023704700BF4C7B00206C
:105E1000907B0020F8B50D46044600F01DFB2B6872
:105E20001649581C0A6813D0DFF854C0D4E9006042
:105E3000DCF80070BE4201D090421AD9121A934287
:105E40000BD800232B60012500F010FB2846F8BD7D
:105E5000002500F00BFB2846F8BDDCF800009B1A7B
:105E60000A682B60C4E90002002500F0FFFA28460A
:105E7000F8BD012500F0FAFA2846F8BD907B002015
:105E80004C7B0020014B01221A607047947B00205C
:105E9000084B186860B9084B1B6853B9074A084B90
:105EA00010681B68013B984214BF01200220704714
:105EB00000207047507B0020947B0020687B0020EE
:105EC000047B0020054B1B6833B1054B1B68002B7E
:105ED0000CBF02200020704701207047647B002027
:105EE000107B002018B3F8B51C4CC36A2268D26A34
:105EF000934214D28269002A04DB2268D26AC2F17A
:105F000005028261164D426903EB830305EB8303AF
:105F10009A420DD02368DB6AC3620120F8BD236872
:105F2000406CDB6A98422CBF00200120F8BD70470E
:105F3000061D0746304601F04BFD2268094BD06A2A
:105F40001A68F862904200D9186000EB800005EBF7
:105F50008000314601F012FD0120F8BD947A002046
:105F6000A07A0020187B002050B138B5C16A836C3C
:105F7000426C013B9142836400D01BB1002038BDCC
:105F800000207047051D0446284601F021FD0A4AFD
:105F9000636C1168E362C3F105008B42A06107489E
:105FA00088BF136003EB830300EB8300294601F0F5
:105FB000E5FC012038BD00BF187B0020A07A00203E
:105FC00048B1426CC36A914238BF11468B4202D03D
:105FD000826C012A00D07047826970B5114DC16290
:105FE000002A03EB83034269A8BFC1F1050105EB59
:105FF0008303A8BF81619A4200D070BD061D04468C
:10600000304601F0E5FC084BE06A1A68904288BF10
:10601000186000EB800005EB80003146BDE8704061
:1060200001F0ACBCA07A0020187B0020044B1A6859
:106030001AB119688A6C01328A641868704700BF07
:10604000947A00202DE9F04FAD4EDFF8C482AD4DBB
:1060500089B033681C68002C00F08E80DB681C68F7
:10606000FFF7AAFBFFF7B0FBD8F8003098420746CD
:106070005DD38442C8F8000040F20B810022E11B8E
:106080002868FFF75FF8FFF73DFC88B99E4A4FF09C
:106090008053536040BFBFF34F8FBFF36F8F07E054
:1060A000019B039920469847009B002B80F2388182
:1060B000286800226946FEF7C7FC0028C9D0009B6B
:1060C000029C002BECDB636913B1201D01F080FC06
:1060D000FFF77AFBD8F800309842814643D3009B03
:1060E000C8F80090092BE3D8012202FA03F313F455
:1060F000047F69D113F0C70F40F0A1809B06D7D56C
:1061000094F82C30002BD3D12046FEF793F9CFE73B
:10611000DB68DC68D3F800A004F10409484601F00C
:1061200057FC636A20469847E369012B36D03368F1
:106130001A68002AECD17549C8F800700A68326004
:106140000B60FFF7DFFBB3E7DB68DF68D3F800B075
:1061500007F1040A504601F03BFC7B6A3846984739
:10616000FB69012B25D033681A68002AECD16749F6
:106170000A6832600B60B2E7FFF71EFBFFF724FBF3
:10618000D8F8003083420746D1D8604BC8F8007079
:106190001B681A68B2FA82F2520970E7A369534485
:1061A0009A45494622D263602461306801F0F6FBCB
:1061B000BDE7BB695B449B45514627D27B603F618D
:1061C000306801F0EBFBCEE7019B246103EB090291
:1061D0004A45A36162602CD8002B3FF469AF4B4B5A
:1061E000211D186801F0DAFB286862E72B68002B94
:1061F0009DD00023CDE9043A0694FFF763FE002307
:106200001A4604A92868FEF795F990E72B68002B39
:10621000A9D00023CDE9043B0697FFF753FE0023E6
:106220001A4604A92868FEF785F99CE74B4500D972
:1062300098B13068211D01F0B1FB286839E7019B56
:10624000A269246199182CBF012000204945616092
:10625000ECD8A9EB03039A42C1D8636A2046984759
:10626000E369012B7FF424AF019BA26928681344E2
:1062700000283FF41EAF0022CDE904230694FFF767
:1062800021FE00231A4604A92868FEF753F928685E
:106290000FE7FFF737FB3368DB68D3F80C9009F1A1
:1062A000040A504601F094FBD9F81C30012B04D0AD
:1062B000D9F8243048469847FAE6D9F81830C9F892
:1062C0001090E218BA42C9F8042004D95146306847
:1062D00001F064FBECE73F1BBB421BD82B68002B93
:1062E000E6D00023CDE90434CDF81890FFF7EAFD9D
:1062F00000231A4604A92868FEF71CF9D8E700BF56
:10630000987B00201C7E002000ED00E09C7B00209C
:10631000C87D0020034B5146186801F03FFBC7E7DA
:10632000029CD0E69C7B0020F0B5204C89B000F0A8
:1063300093F82568FDB100F099F82068C8B10024F1
:1063400007AA06A905A8CDE9054400F0E1FFDDE9AB
:1063500005300221CDE90010079A0293144915482F
:106360002346FEF7E7FF144A0346001B18BF01202F
:10637000136009B0F0BD114F114E384601F0EEFA2E
:10638000304601F0EBFA0F4A0F4900950F4B1760AA
:106390000E600F4A10212020FEF75AF820600028D6
:1063A000C9D00C49FEF7BCFEC5E700BF1C7E00202B
:1063B000F4BA030045600300207E0020A07D002089
:1063C000B47D0020987B00209C7B0020CC7D0020A9
:1063D000A07B0020ECBA0300402383F31188FEE782
:1063E00030B46FF002034FF08075074C40F8045C46
:1063F00040F80C4C40F8081C40F8202C40F8243C95
:1064000030BC4438704700BFD96303000F4C08B557
:10641000E02384F8223000F077F80D4B0D4A00217C
:106420001960D4F8883043F47003C4F88830536896
:1064300043F040435360236943F01003236100F0AD
:106440004FF9402383F31188FEE700BF00ED00E021
:10645000247E002030EF00E0402383F31188024ABD
:106460001368013313607047247E0020034A1368C9
:10647000013B13600BB983F311887047247E002021
:1064800041DF704712DF704770B51B4B00251D6060
:1064900082B01B680193019BEFF31186402383F3C5
:1064A0001188164A164BD2F804451D601B680093EC
:1064B000009BFFF789F9241A24F07F44012C0DD8A2
:1064C00044B1FFF78FF9054625B10E4B4FF08052CE
:1064D0005A6040BF86F3118802B070BDFFF7F2FC2E
:1064E0000228EED1013CFFF77DF9013C631C45EA2F
:1064F0000005F8D1E8E700BF40110140001001405D
:106500000011014000ED00E00B4B0C4930B41F209E
:106510000B4DC3F8080501220224E020C3F8042330
:106520002A601A60C3F8444381F811034FF4003322
:106530000B6030BC704700BF0010014000E100E07C
:10654000081001402DE9F041804684B0EFF310823D
:1065500072B6584CA36883B9574B58480121A160C3
:10656000D3F8801001402160C3F88000D3F8841074
:1065700061604FF0FF31C3F8841002B962B6504E2B
:10658000D6F80475FFF784FC00283DD04D4A4E49EB
:10659000424528BF4246BB1823F07F430120002517
:1065A000C6F80803C6F840350D600B6801934FF438
:1065B00080330199C6F80433BFF34F8FB8F1000F51
:1065C00054D13F4B404D41494FF48030C3F808034C
:1065D000002028602D680395039D086009680291DA
:1065E00001210298C3F80413D3F804353249DB1BA8
:1065F00023F07F45954228BF15464FF40033012D07
:10660000C1F8803111D827D0A3685BB1EFF31083B4
:1066100072B6294A21681160616851600022A26047
:1066200003B962B604B0BDE8F081681EFFF7D2F886
:10663000274BDB68DA010FD5264A1368DB070BD539
:10664000254B516803FB05F5A5F57425A5F51075D7
:10665000AD0A01EB85155560FFF7C4F80028D3D0CB
:106660001E4B4FF080525A6040BFCDE7F1EE103A1A
:1066700023F09F03E1EE103AF1EE103A0E4B04A81E
:106680004FF480614026C3F88461C3F8841100F898
:10669000045DFFF7F7FE9DF80C1039B920BFD3F861
:1066A0000001D3F804110143F8D08AE7FFF7E8FEB0
:1066B00087E700BF3885002000E100E0FC06FFBD51
:1066C00000100140FDFFFF0040110140001101409A
:1066D000F0ED00E0001000E040420F0000ED00E0AF
:1066E0000748006880F3088862B661B6BFF34F8F31
:1066F000BFF36F8F4FF0E00080F3118800DF00BF21
:1067000000600200064B19680868B0E8F04F80F39B
:106710000988BFF36F8F4FF0000080F31188704736
:10672000947A0020EFF30980BFF36F8F144B1A683F
:106730001EF0100F08BF20ED108A20E9F04F106006
:106740004DF8043D4FF0400080F31188BFF34F8FA8
:10675000BFF36F8FFFF72EFA4FF0000080F3118820
:1067600008BC19680868B0E8F04F1EF0100F08BFA9
:10677000B0EC108A80F30988BFF36F8F704700BFB9
:10678000947A0020704700BF0A490B4A0B4B9B1AB2
:1067900003DD043BC858D050FBDC094809494FF0E1
:1067A000AD32026004300439FBD100F053FCEFF746
:1067B0004FFD000018BE0300006000208C63002025
:1067C00000F8032000080000FEE7FEE7FEE7FEE712
:1067D000FEE7FEE7FEE7FEE7FEE7FEE708B500207E
:1067E000EFF770FDF6F720FA0E4B43B10E4B7BB17D
:1067F000F6F716FB00F06AFDAFF30080F8E7F6F756
:106800000FFB00F063FDF6F70BFB00F05FFDF6E712
:10681000F6F706FB00F05AFDF6F702FB00F056FD16
:10682000F6E700BF000000000000000000B583B0E4
:1068300000F0B8FEFDF74CF90E4B019301234FF425
:1068400080620D4900930D480023FEF7DDFD4FF4F3
:10685000407000F05BFEFEF749FFBFF34F8F084921
:10686000084BCA6802F4E0621343CB60BFF34F8F5A
:1068700000BFFDE7287E0020FCBA0300DD670300AF
:1068800000ED00E00400FA0538B507480C4615464F
:10689000EFF7A2FE00B938BD2A4621460248BDE8FE
:1068A0003840EFF771BD00BFA8630020FDF780BD41
:1068B000FDF77EBDFDF796BD084A094908B5136886
:1068C0001844884202D81060184608BD01F098FFAD
:1068D0000C2303604FF0FF33184608BD7C61002095
:1068E00000F80320114B1A78EAB90178104810B467
:1068F0000A464FF0804402F00102C1F34001C4F89F
:106900008015C4F878250268D20706D4E021012258
:1069100080F80013C0F880210260012205481A7037
:106920005DF8044B70470448704700BF3485002071
:1069300000E100E00000AD0B0C00AD0B0268074B5E
:106940004FF0804010B400214FF46074C0F8084349
:10695000196002B11A605DF8044B7047347E002064
:106960004FF080434FF46072C3F80423704700BFB8
:1069700010B54FF0804386B0D3F80443620705D5C5
:10698000D3F8082103F58473002A4ED1A30603D55A
:106990002A4B1A68002A3FD1600603D5284B1A6893
:1069A000002A2FD1210602D5264B1A680ABBE20520
:1069B00002D5254B1A6892B9A3050ED5234B1A6848
:1069C0005AB100221A601A68214B0592059A1B6879
:1069D000022006B0BDE81040184706B010BD0022E6
:1069E0001A601B4A1B68049301201368049A984795
:1069F000E2E700201860164A1B6803931368039AA5
:106A00009847D4E700221A60124A1B6802930120BB
:106A10001368029A9847C5E7002018600D4A1B6862
:106A200001931368019A9847B6E700221A600A4A50
:106A30001B6800931368009A9847A7E71401004069
:106A4000180100401C0100402001004024010040CA
:106A5000347E0020307E00202C7E00202DE9F04F77
:106A600004799D4DE6003719BF0005EB070E83B092
:106A70009EF81CC0BCF1000F40F0E58091F80CC0FE
:106A80000068EA51CEF80430BCF1010F0B7840F2F7
:106A9000DE801F2B87BF03F01F08DFF840E2984617
:106AA0004FF0A04E012707FA08F7CEF808751F2B04
:106AB0008BBF03F01F071F46DFF820E24FF0A04E08
:106AC00007F5E0774FF001084EF827804F78FF2F49
:106AD00000F0E9801F2F8ABF07F01F09B946DFF8D1
:106AE000FC81009798BF4FF0A04809F5E07A4FF07D
:106AF000010E0EFA09FE4FF00309C8F80CE548F83C
:106B00002A9091F802E0BEF1FF0F00F0D580BEF1AF
:106B10001F0F91F80EA088BFDFF8C0B1CDF804E0D8
:106B20008EBF0EF01F08F0464FF0A04B08F5E0783E
:106B30004FEA8A0A4BF828A006EB040805EB880800
:106B400088F820E091F803E088F81FE0BEF1FF0F1D
:106B50002AD091F80490F046B9F1000F40F08680F9
:106B6000BEF11F0F87BF0EF01F0B5C4FF3464FF0B7
:106B7000A0474FF0010A0AFA0BFAC7F808A5BEF1C0
:106B80001F0F86BF0EF01F08DFF850A14FF0A04A7C
:106B900008F5E07806EB040E4FF0030B05EB8E0EC4
:106BA0004AF828B08EF81E9091F80DE0C0F808352C
:106BB000009BD1F80880C0F80C351EF1000318BF07
:106BC0000123019FC0F81075BCF1020FC0F82485A5
:106BD0007FD0BCF1030F79D0BCF1010F56D0C0F8C3
:106BE00054358B79C0F8C035002A58D0402207238D
:106BF000C0F80423C0F800354A79000B43B25201B3
:106C0000002BD1B2C0B25BDB5A09920002F16042A4
:106C100003F16043012702F5614203F5614300F08F
:106C20001F0007FA00F083F80013C2F8800110601B
:106C3000344405EB84052A48002201236A772B7728
:106C400003B0BDE8F08F274803B0BDE8F08F1F2BDD
:106C500087BF03F01F08DFF884E098464FF0A04E8E
:106C6000012707FA08F7CEF80C7520E7BEF11F0FD1
:106C700087BF0EF01F0B194FF3464FF0A0474FF0A0
:106C8000010A0AFA0BFAC7F80CA578E743F00203E9
:106C9000C0F854358B79C0F8C035002AA6D1072337
:106CA000C0F80035C4E791F802E04FF0FF37BEF1BD
:106CB000FF0F00977FF42BAF4FF0FF3701973BE7B3
:106CC000094B00F00F0003441976B1E743F00603C7
:106CD00085E743F0040382E7387E0020000300507C
:106CE0000000AD0B0500AD0BFCEC00E0F0B4047946
:106CF000294A0368E1000D19AD005659EEB11F0B8A
:106D00007EB2002E11DB760920360123DFF89CC00D
:106D100007F01F0703FA07F74CF82670BFF34F8FF1
:106D2000BFF36F8F555903683DB1081902EB80001E
:106D30001A4DC3F80853407F10BB081902EB8000BE
:106D400090F82000FF280BD01F288ABF00F01F00FA
:106D50004FF0A045124D00F5E070022645F8206086
:106D6000104800258342C3F8005502D10E4B012084
:106D70001860214402EB810200231377F0BC7047B6
:106D800001205861D3F804010028FBD0081902EB58
:106D9000800000254577D0E7387E002052010800AA
:106DA0000003005000F0024004F0024000E100E067
:106DB0002DE9F04F0479644F4FEAC40C0CEB040347
:106DC0009B008646F8180E46417F83B0002940F0AC
:106DD000918057F803909046B9F1000F04D012F05B
:106DE000140F04BF012343770CEB040507EB850563
:106DF00096E80F0095F81FA005F10C0BBAF1FF0FF4
:106E00008BE80F0010D0AA7F5346002A76D0BAF143
:106E10001F0F86BF0AF01F034C494FF0A04101220B
:106E200002FA03F3C1F8083532686AB102F0604330
:106E3000B3F1005F08D0644407EB840700234448A3
:106E40007B7703B0BDE8F08FB16821B101F06043FA
:106E5000B3F1005FEFD1DEF800307568F068C3F879
:106E600044250022C3F84855C3F83415C3F8380543
:106E7000C3F81821D3F818210192019A18F00102E1
:106E800018BF0122C3F8502518F0020218BF0122D2
:106E900018F0080FC3F8402504BF01221A61B9F1A8
:106EA000000F0BD02B48402218F0040F14BFC3F87A
:106EB0000823C3F8042303B0BDE8F08FD3F81821EA
:106EC000002AFBD0BAF1FF0F2CD0644407EB8407F3
:106ED000BB7F4BB3BAF11F0F84BF0AF01F0A1B4AD6
:106EE0001C4898BF4FF0A042012303FA0AF3C2F8EE
:106EF0000C35A6E7184803B0BDE8F08FBAF11F0FB4
:106F00004FF0010288BF0AF01F0302FA03F388BFA3
:106F10000E49326898BF4FF0A041C1F80C35002AE5
:106F200084D191E70B488CE7BAF11F0F84BF0AF0B8
:106F30001F0A064A074898BF4FF0A042012303FAF0
:106F40000AF3C2F808357CE7387E002000030050C1
:106F50000A00AD0B0000AD0B0B00AD0B194BD3F8C5
:106F6000182102B970470021174AC3F81811D3F845
:106F70001811D37F82B0FF2B019101990DD0917F21
:106F800099B11F2B86BF03F01F0310484FF0A0409C
:106F9000012101FA03F3C0F80C3500235377137273
:106FA000D2E900310A4802B018471F2B86BF03F010
:106FB0001F0306484FF0A040012101FA03F3C0F877
:106FC0000835EAE700300240387E00200003005018
:106FD000407E00201B4BD3F8182102B970470021D6
:106FE000194AC3F81811D3F8181192F8433082B037
:106FF000FF2B019101990ED092F84210A9B11F2BDD
:1070000086BF03F01F0311484FF0A040012101FA91
:1070100003F3C0F80C35002382F8413082F82C309D
:10702000D2E909310A4802B018471F2B86BF03F086
:107030001F0306484FF0A040012101FA03F3C0F8F6
:107040000835E8E700F00240387E002000030050D9
:10705000647E0020604B1B6830B45C1C37D05F4AF4
:10706000082B126800F08F805B4B5C4A1B6812682B
:10707000082B15D0591C23D0584A1268082B12D05F
:10708000574AD2F8883043F47003C2F88830BFF30F
:107090004F8FBFF36F8F534B534A1A6030BC70470A
:1070A000002A00F08280032AEAD84FF08043D3F808
:1070B0000024D20744BF6FF00102C3F80024DFE7C9
:1070C0004A4A4B4B12681B78C2F30312D6E7484A70
:1070D000464B12781B68082AC3F3031301D1032B14
:1070E00053D9424A424B12681B78C2F30312082B51
:1070F000BAD1032AB8D84FF080523E4BD2F80414CC
:10710000C3F82015D2F80814C3F82415D2F80C14CB
:10711000C3F82815D2F81014C3F82C15D2F814149B
:10712000C3F83015D2F81814C3F83415D2F81C146B
:10713000C3F84015D2F82014C3F84415D2F824142B
:10714000C3F84815D2F82814C3F84C15D2F82C14FB
:10715000C3F85015D2F83014C3F85415D2F83414CB
:10716000C3F86015D2F83814C3F86415D2F83C148B
:10717000C3F86815D2F84014C3F86C15D2F844244B
:10718000C3F8702570E7032A0CD8134B1B684FF027
:1071900080420021581CC2F80C11C2F81011C2F82C
:1071A00038159ED00D4A1268A1E7134C1349144DAF
:1071B00025601448144AFB24C1F818450168126878
:1071C000124C21F00F0102F00F020A434FF400713C
:1071D0000260216050E700BF300100103401001050
:1071E00000ED00E0806100200090D003E80F00F087
:1071F000E00F00F000C000408C56004000F000405E
:1072000048810300E40E00405802001040960240FE
:1072100070B4284C284B2568284CA3FB05639B0CB5
:1072200002FB03F254F82000254B1F28A3FB023277
:107230004FEA920234D80123002903FA00F114BF67
:10724000084600204FF0A04401E0013A25D0D4F8D0
:1072500010350B408342F8D001E0013A1DD0D4F83C
:1072600010350B408342F8D1002002E00130824209
:1072700013D0D4F810650E40B342F7D070B1114A64
:1072800043F2C823A2FB052503FB00F0AD0900F57E
:107290007A50B0FBF5F070BC7047002070BC7047AE
:1072A00020380123002903FA00F114BF084600200A
:1072B000054CCCE78061002083DE1B4328BA030025
:1072C0004FECC44ED34D62100003005008B5EEF7EA
:1072D000FFFF054B4FF080525A6040BFBFF34F8F06
:1072E000BFF36F8F08BD00BF00ED00E0704700BF27
:1072F000704700BF044B036010B46423034C0C6060
:1073000013605DF8044B7047807E0020D47E00201F
:10731000054B036010B44FF48073044C0C60136091
:107320005DF8044B704700BF64800020B8800020E7
:1073300070B51F4C84B04FF0FF3203A92068FDF7F1
:1073400083FB0028F7D00398037A4568052B0DD8F6
:10735000DFE803F0272A221C1503D0E90361D0E9F6
:107360000523C06900903046A847039803681BB105
:107370001846FDF737F80398FDF734F8DBE7D0E956
:107380000523D0E90301A8470398EFE7D0E90412E9
:10739000C068A8470398E9E7D0E90301A847039824
:1073A000E4E7A8470398E1E7C068A8470398DDE74A
:1073B000BC8400202DE9F0432D4B2E4C5B6885B03A
:1073C000C3F30803019001AF2068002B44D00023D1
:1073D00039461A46FDF7BEFA01283AD0DFF8988000
:1073E000D8F80000002240000421FDF761F80646AD
:1073F00078B3DFF88890D9F80000FEF77FF8FFF740
:107400002BF802E03046FDF795F8002203A920682A
:10741000FDF71AFB00230546642203A90028F1D1D9
:107420002068FDF759FE2660FFF720F8D9F8000024
:10743000FEF716F9D8F800300D4A20685B00C8F84E
:1074400000305368C3F30803394653B96422FDF78B
:1074500071F805B0BDE8F08339466422FDF76AF89B
:10746000BAE72B462A46FDF775FA05B0BDE8F0836A
:1074700000ED00E0BC840020B8840020C08400201F
:107480002DE9F8439DF8205006460F469146984650
:10749000CDB1A8000C30FCF78BFF044688B1002367
:1074A000C0F804900572036006B177B92DB1AA0047
:1074B000414604F10C0001F015FA2046FFF77AFF6F
:1074C0000120BDE8F8831020E5E73846FCF770FF9F
:1074D00081462060A0B13A46314601F003FA002D02
:1074E000EBD0691EC9B208EB8101A8F1040353F87F
:1074F000042FB24208BFC3F800909942F7D1D6E7F3
:107500002046FCF76FFF4846DBE700BF30B540235D
:107510000B4D83B004460022184604212B60FCF773
:10752000C7FF084B084918600223CDE90031A2B219
:10753000002306490648FDF767FF03B030BD00BFD2
:10754000B8840020BC840020C084002004BB030059
:107550003173030011DF704708B50446FFF7FAFFE7
:107560000D4B4FF080414FF0FF32C3F88020C3F83D
:107570008021C3F88420C3F88421C1F81C45BFF3DF
:107580004F8F0649064BCA6802F4E0621343CB6092
:10759000BFF34F8F00BFFDE700E100E000ED00E02A
:1075A0000400FA054FF08043194AD3F80014194833
:1075B00030B41160D3F80054D3F80024164C1749A6
:1075C0002A43C3F80024D4F84025026001224FF476
:1075D0000030C3F818259A60C1F88000BFF34F8FC0
:1075E000BFF36F8F0E4C03F588334FF0A0454FF477
:1075F00080304FF0FF31C3F84803C3F808035A60E6
:107600009A60C5F80815C4F8081530BC704700BF6B
:10761000C4840020C884002000A0004000E100E0F5
:107620000003005008B54E20FFF796FF2F281BD807
:107630003C4B53F820301F2B86BF03F01F033A4A00
:107640004FF0A0420E290FD8DFE801F0655F5953D3
:107650004D474039322B241D160F080003F5E07307
:1076600040F2037142F82310704703F5E07340F2D3
:10767000036142F82310704703F5E07340F20351B1
:1076800042F82310704703F5E07340F2034142F8DB
:107690002310704703F5E07340F2033142F82310E2
:1076A000704703F5E07340F2032142F8231070475E
:1076B00003F5E07340F2031142F82310704703F51D
:1076C000E0734FF4403142F82310704703F5E07344
:1076D0004FF4003142F82310704703F5E07313496B
:1076E00042F82310704703F5E073114942F8231064
:1076F000704703F5E073042142F82310704703F547
:10770000E0730C2142F82310704703F5E073032166
:1077100042F82310704703F5E073002142F823106C
:10772000704700BF28BA03000003005004000200A5
:107730000C0003002F2811D80A4B53F820301F2BC0
:1077400088BF03F01F034FF001028CBF06484FF0C3
:10775000A04002FA03F311B1C0F808357047C0F831
:107760000C35704728BA0300000300502F2818D8A2
:107770000D4B53F820201F2A8ABF0C494FF0A0411F
:1077800002F01F02D1F8140501239340034214BFF5
:10779000D1F80425D1F81025134214BF0120002090
:1077A00070470020704700BF28BA03000003005054
:1077B0002F280DD8074B53F820201F2A86BF02F030
:1077C0001F0205494FF0A04101239340C1F808353D
:1077D000704700BF28BA03000003005030B40160B6
:1077E0000022BFF35B8F4260BFF35B8F0168826052
:1077F000FF254FF0FF340582C2608274C1F86445F2
:1078000030BC7047214B5B6809B90020704710B449
:10781000BFF35B8F4368BFF35B8F994200F10404B1
:1078200016D0BFF35B8F4368BFF35B8F83B90368E8
:10783000D3F86025D3F86405D2430028D3F868054F
:107840004FEAD272A8BF0132002805DBD3F86C35AD
:1078500000205DF8044B7047D3F86C050028F7DA78
:10786000002AF5D1D3F80035002BF1D1BFF35B8F9F
:1078700054E8003F002B03D144E80012002AF7D15E
:10788000BFF35B8F0CBF01200020E2E700ED00E0BA
:107890001F4B5B6809B90020704710B4BFF35B8FC2
:1078A0004368BFF35B8F8B4200F1040403D00020D8
:1078B0005DF8044B70470368D3F86025D3F864057E
:1078C000D2430028D3F868054FEAD272A8BF01322C
:1078D000002802DBD3F86C35E9E7D3F86C05002803
:1078E000E5DA002AE3D1D3F80035002BDFD1BFF36E
:1078F0005B8F54E8003F8B4203D144E8002000280E
:10790000F7D1BFF35B8F0CBF01200020D0E700BF91
:1079100000ED00E008B509490948FFF75FFF094994
:107920000948FFF75BFF09490948FFF757FF094975
:107930000948BDE80840FFF751BF00BF00C0014043
:10794000CC84002000100240E0840020002002408F
:10795000F484002000D002400885002000F10803D4
:107960004FF0FF310022816002604360C0E90333C1
:10797000704700BF00230361704700BF436802687F
:1079800010B49C688C609C684B60013261609960A7
:107990005DF8044B08610260704700BF30B40D68A9
:1079A0006B1C11D000F1080200E01A4653681C68F5
:1079B000AC42FAD904684B60013499608A60516026
:1079C0000861046030BC704702695368F2E700BF89
:1079D00042688168036910B4916081685C684A609C
:1079E0001A68844208BF5960013A002101611A6097
:1079F00018685DF8044B70470B460146184600F0C6
:107A0000F1BE000010EE102A22F00041CB0D7F3BAA
:107A1000162B1CDC002B10EE100A21DB1949194132
:107A20000A421CD0DFED187A70EE277AF5EEC07AA4
:107A3000F1EE10FA13DD002A04DD4FF4000242FAE1
:107A400003F3184420EA010300EE103A7047B1F145
:107A5000FF4F04D330EE000A70479FED0C0A7047C9
:107A6000DFED097A70EE277AF5EEC07AF1EE10FAC2
:107A7000F5DD002AF1DB0029F7EE007A18BFB0EE41
:107A8000670A7047FFFF7F00CAF24971000000805B
:107A900010EE102A22F00041CB0D7F3B162B1CDC90
:107AA000002B10EE100A1EDB194919410A4227D09B
:107AB000DFED187A70EE277AF5EEC07AF1EE10FA63
:107AC0001EDD002A04DA4FF4000242FA03F31844E0
:107AD00020EA010300EE103A7047B1F1FF4F0FD3D7
:107AE00030EE000A7047DFED0B7A70EE277AF5EE84
:107AF000C07AF1EE10FA03DD002A02DB9FED060AE0
:107B000070470029FFEE007A18BFB0EE670A704791
:107B1000FFFF7F00CAF249710000000081F00041C0
:107B200002E000BF83F0004330B54FEA41044FEA62
:107B3000430594EA050F08BF90EA020F1FBF54EAFD
:107B4000000C55EA020C7FEA645C7FEA655C00F099
:107B5000E2804FEA5454D4EB5555B8BF6D420CDD6A
:107B60002C4480EA020281EA030382EA000083EAED
:107B7000010180EA020281EA0303362D88BF30BD8D
:107B800011F0004F4FEA01314FF4801C4CEA1131E3
:107B900002D0404261EB410113F0004F4FEA033342
:107BA0004CEA133302D0524263EB430394EA050FCD
:107BB00000F0A780A4F10104D5F1200E0DDB02FA3C
:107BC0000EFC22FA05F2801841F1000103FA0EF2D0
:107BD000801843FA05F359410EE0A5F120050EF196
:107BE000200E012A03FA0EFC28BF4CF0020C43FAC7
:107BF00005F3C01851EBE37101F0004507D54FF0D4
:107C0000000EDCF1000C7EEB00006EEB0101B1F523
:107C1000801F1BD3B1F5001F0CD349085FEA300069
:107C20004FEA3C0C04F101044FEA445212F5800F74
:107C300080F09A80BCF1004F08BF5FEA500C50F111
:107C4000000041EB045141EA050130BD5FEA4C0CF4
:107C5000404141EB010111F4801FA4F10104E9D17D
:107C600091F0000F04BF01460020B1FA81F308BF74
:107C70002033A3F10B03B3F120020CDA0C3208DD40
:107C800002F1140CC2F10C0201FA0CF021FA02F11B
:107C90000CE002F11402D8BFC2F1200C01FA02F18B
:107CA00020FA0CFCDCBF41EA0C019040E41AA2BFB0
:107CB00001EB0451294330BD6FEA04041F3C1CDA78
:107CC0000C340EDC04F11404C4F1200220FA04F098
:107CD00001FA02F340EA030021FA04F345EA030142
:107CE00030BDC4F10C04C4F1200220FA02F001FA04
:107CF00004F340EA0300294630BD21FA04F0294686
:107D000030BD94F0000F83F4801306BF81F480111E
:107D10000134013D4EE77FEA645C18BF7FEA655C91
:107D200029D094EA050F08BF90EA020F05D054EA63
:107D3000000C04BF1946104630BD91EA030F1EBF68
:107D40000021002030BD5FEA545C05D1400049416C
:107D500028BF41F0004130BD14F580043CBF01F55F
:107D6000801130BD01F0004545F0FE4141F4700145
:107D70004FF0000030BD7FEA645C1ABF1946104620
:107D80007FEA655C1CBF0B46024650EA013406BF21
:107D900052EA033591EA030F41F4002130BD00BFE0
:107DA00090F0000F04BF0021704730B54FF480649D
:107DB00004F132044FF000054FF0000150E700BF1E
:107DC00090F0000F04BF0021704730B54FF480647D
:107DD00004F1320410F0004548BF40424FF000016A
:107DE0003EE700BF42004FEAE2014FEA31014FEAAD
:107DF00002701FBF12F07F4393F07F4F81F06051FC
:107E0000704732F07F4208BF704793F07F4F04BF46
:107E100041F40021704730B54FF4607401F0004523
:107E200021F000411CE700BF50EA010208BF704783
:107E300030B54FF000050AE050EA010208BF704774
:107E400030B511F0004502D5404261EB41014FF4DD
:107E5000806404F132045FEA915C3FF4D8AE4FF0E5
:107E600003025FEADC0C18BF03325FEADC0C18BFC8
:107E7000033202EBDC02C2F1200300FA03FC20FA19
:107E800002F001FA03FE40EA0E0021FA02F1144466
:107E9000BDE600BF70B54FF0FF0C4CF4E06C1CEA7F
:107EA00011541DBF1CEA135594EA0C0F95EA0C0FF0
:107EB00000F0DEF82C4481EA030621EA4C5123EA63
:107EC0004C5350EA013518BF52EA033541F4801192
:107ED00043F4801338D0A0FB02CE4FF00005E1FB45
:107EE00002E506F00042E0FB03E54FF00006E1FB8F
:107EF00003569CF0000F18BF4EF0010EA4F1FF04D2
:107F0000B6F5007F64F5407404D25FEA4E0E6D4111
:107F100046EB060642EAC62141EA55514FEAC52022
:107F200040EA5E504FEACE2EB4F1FD0C88BFBCF59E
:107F3000E06F1ED8BEF1004F08BF5FEA500E50F14F
:107F4000000041EB045170BD06F0004646EA010115
:107F500040EA020081EA0301B4EB5C04C2BFD4EB47
:107F60000C0541EA045170BD41F480114FF0000E40
:107F7000013C00F3AB8014F1360FDEBF002001F0AE
:107F8000004170BDC4F10004203C35DA0C341BDC28
:107F900004F11404C4F1200500FA05F320FA04F0FA
:107FA00001FA05F240EA020001F0004221F000412E
:107FB00010EBD37021FA04F642EB06015EEA430EA1
:107FC00008BF20EAD37070BDC4F10C04C4F12005D1
:107FD00000FA04F320FA05F001FA04F240EA020084
:107FE00001F0004110EBD37041F100015EEA430E55
:107FF00008BF20EAD37070BDC4F1200500FA05F275
:108000004EEA020E20FA04F301FA05F243EA0203F3
:1080100021FA04F001F0004121FA04F220EA020002
:1080200000EBD3705EEA430E08BF20EAD37070BD48
:1080300094F0000F0FD101F00046400041EB010128
:1080400011F4801F08BF013CF7D041EA060195F00A
:10805000000F18BF704703F00046520043EB0303C4
:1080600013F4801F08BF013DF7D043EA06037047B1
:1080700094EA0C0F0CEA135518BF95EA0C0F0CD0BC
:1080800050EA410618BF52EA4306D1D181EA030102
:1080900001F000414FF0000070BD50EA410606BFFC
:1080A0001046194652EA430619D094EA0C0F02D141
:1080B00050EA013613D195EA0C0F05D152EA033686
:1080C0001CBF104619460AD181EA030101F00041A4
:1080D00041F0FE4141F470014FF0000070BD41F0ED
:1080E000FE4141F4780170BD70B54FF0FF0C4CF4C7
:1080F000E06C1CEA11541DBF1CEA135594EA0C0FE6
:1081000095EA0C0F00F0A7F8A4EB050481EA030E32
:1081100052EA03354FEA013100F088804FEA033319
:108120004FF0805545EA131343EA12634FEA0222E7
:1081300045EA111545EA10654FEA00260EF00041A8
:108140009D4208BF964244F1FD0404F5407402D2FA
:108150005B084FEA3202B61A65EB03055B084FEA8B
:1081600032024FF480104FF4002CB6EB020E75EB88
:10817000030E22BFB61A754640EA0C005B084FEAB0
:108180003202B6EB020E75EB030E22BFB61A75462D
:1081900040EA5C005B084FEA3202B6EB020E75EB78
:1081A000030E22BFB61A754640EA9C005B084FEAF0
:1081B0003202B6EB020E75EB030E22BFB61A7546FD
:1081C00040EADC0055EA060E18D04FEA051545EAEC
:1081D00016754FEA06164FEAC30343EA52734FEA95
:1081E000C2025FEA1C1CC0D111F4801F0BD141EA0E
:1081F00000014FF000004FF0004CB6E711F4801F73
:1082000004BF01430020B4F1FD0C88BFBCF5E06F52
:108210003FF6AFAEB5EB030C04BFB6EB020C5FEA62
:10822000500C50F1000041EB045170BD0EF0004EB7
:108230004EEA113114EB5C04C2BFD4EB0C0541EAE9
:10824000045170BD41F480114FF0000E013C90E6E6
:1082500045EA060E8DE60CEA135594EA0C0F08BFAA
:1082600095EA0C0F3FF43BAF94EA0C0F0AD150EAA9
:1082700001347FF434AF95EA0C0F7FF425AF10463C
:1082800019462CE795EA0C0F06D152EA03353FF464
:10829000FDAE1046194622E750EA410618BF52EAE1
:1082A00043067FF4C5AE50EA41047FF40DAF52EAB5
:1082B00043057FF4EBAE12E74FF0FF3C06E000BF52
:1082C0004FF0010C02E000BF4FF0010C4DF804CD5F
:1082D0004FEA410C7FEA6C5C4FEA430C18BF7FEA1F
:1082E0006C5C1BD001B050EA410C0CBF52EA430C4D
:1082F00091EA030F02BF90EA020F0020704710F1CD
:10830000000F91EA030F58BF994208BF90422CBF5B
:10831000D8176FEAE37040F0010070474FEA410C54
:108320007FEA6C5C02D150EA013C07D14FEA430C72
:108330007FEA6C5CD6D152EA033CD3D05DF8040BE3
:10834000704700BF8446104662468C461946634615
:1083500000E000BF01B5FFF7B7FF002848BF10F1EC
:10836000000F01BD4DF808EDFFF7F4FF0CBF012031
:1083700000205DF808FB00BF4DF808EDFFF7EAFFAD
:1083800034BF012000205DF808FB00BF4DF808ED68
:10839000FFF7E0FF94BF012000205DF808FB00BF5D
:1083A0004DF808EDFFF7CEFF94BF012000205DF8E7
:1083B00008FB00BF4DF808EDFFF7C4FF34BF0120F4
:1083C00000205DF808FB00BF4A0011D212F5001230
:1083D00011D20DD56FF47873B3EB62520ED44FEA1D
:1083E000C12343F0004343EA505323FA02F070479D
:1083F0004FF00000704750EA013002D14FF0FF30DB
:1084000070474FF0000070474FEA4102B2F1E0437D
:1084100024BFB3F5001CDCF1FE5C0DD901F0004C6B
:108420004FEAC0024CEA5070B2F1004F40EB8300BB
:1084300008BF20F00100704711F0804F21D113F1E7
:108440003872BCBF01F00040704741F480114FEA20
:108450005252C2F11802C2F1200C10FA0CF320FAA9
:1084600002F018BF40F001004FEAC1234FEAD323C6
:1084700003FA0CFC40EA0C0023FA02F34FEA430330
:10848000CCE77FEA625307D150EA01331EBF4FF0B9
:10849000FE4040F44000704701F0004040F0FE40D4
:1084A00040F40000704700BF53B94AB9002908BF23
:1084B00000281CBF4FF0FF314FF0FF3000F072B9C1
:1084C000ADF1080C6DE904CE00F006F8DDF804E02B
:1084D000DDE9022304B070472DE9F047089E044609
:1084E0008846002B4BD18A42154667D9B2FA82F2F0
:1084F0004AB1C2F1200701FA02F320FA07F79540CA
:1085000047EA030894404FEA154E230CB8FBFEF7E8
:108510001FFA85FC0EFB178843EA084307FB0CF1A2
:10852000994209D9EB1807F1FF3080F01B8199427D
:1085300040F21881023F2B445B1AA4B2B3FBFEF059
:108540000EFB103344EA034400FB0CFCA44509D99C
:108550002C1900F1FF3380F00781A44540F204811B
:1085600002382C4440EA0740A4EB0C0400271EB15B
:10857000D4400023C6E900433946BDE8F0878B426A
:1085800009D9002E00F0EB800027C6E9000138462B
:108590003946BDE8F087B3FA83F7002F47D18B4205
:1085A00002D3824200F2FA80841A61EB03030120B5
:1085B0009846002EE0D0C6E90048DDE702B9FFDEAC
:1085C000B2FA82F2002A40F08F80491B4FEA154E22
:1085D0001FFA85F80127B1FBFEFC230C0EFB1C11D2
:1085E00043EA014308FB0CF1994207D9EB180CF15F
:1085F000FF3002D2994200F2CD808446591AA3B2CC
:10860000B1FBFEF00EFB101443EA044408FB00F833
:10861000A04507D92C1900F1FF3302D2A04500F282
:10862000B6801846A4EB080440EA0C409FE7C7F167
:10863000200CBB4022FA0CFE4EEA030E01FA07F4AE
:1086400020FA0CF521FA0CF34FEA1E482543B3FB40
:10865000F8F92C0C08FB19331FFA8EFA44EA03438D
:1086600009FB0AF49C4202FA07F200FA07F10BD95F
:108670001EEB030309F1FF3080F087809C4240F23B
:108680008480A9F1020973441B1BADB2B3FBF8F05F
:1086900008FB103345EA034400FB0AFAA24508D957
:1086A0001EEB040400F1FF336BD2A24569D90238F6
:1086B000744440EA0940A0FB0289A4EB0A044C453B
:1086C000C2464B4654D351D0002E69D0B1EB0A05B7
:1086D00064EB030404FA0CFCFD40FC404CEA050585
:1086E000C6E90054002747E7C2F1200320FA03F748
:1086F000954001FA02F021FA03F34FEA154E384390
:10870000010CB3FBFEF71FFA85F80EFB173341EAA5
:10871000034107FB08F38B4204FA02F407D96918F6
:1087200007F1FF3C2FD28B422DD9023F2944CB1AAF
:1087300081B2B3FBFEF00EFB103341EA034100FBB4
:1087400008F38B4207D9691800F1FF3C17D28B421E
:1087500015D902382944C91A40EA07473BE737468A
:10876000304609E70746E7E61846FBE64145ABD247
:10877000B8EB020A69EB0E0201381346A4E7604623
:10878000E9E7184695E76746D1E781467CE7023876
:108790002C4447E7ACF1020C2B442FE7384608E79E
:1087A0003746E9E6704700BF1FB51C46094B1B68FA
:1087B0000546D86852B1084B0091CDE9013207490E
:1087C0002B46224600F036F801F000F8044B1A461A
:1087D000F2E700BF9461002010BB03001DBB030043
:1087E0004BBB030010B5054C13462CB10A4601469D
:1087F0000220AFF3008010BD2046FCE7000000001F
:10880000014B1868704700BF9461002008B5074B02
:10881000044613B10021AFF30080054B1868836A4A
:1088200003B19847204602F09FFC00BF0000000003
:108830004CBB03000EB403B5014603AB054853F827
:10884000042B0068019300F059F902B05DF804EBC5
:1088500003B070479461002070B50D4E0D4CA41B01
:10886000A4100025A54209D10B4E0C4C02F07EFC51
:10887000A41BA4100025A54205D170BD56F82530D3
:1088800098470135EEE756F8253098470135F2E76D
:108890006463002064630020646300208863002018
:1088A000024B0146186800F0A5B800BF9461002093
:1088B000024B0146186800F04FB800BF94610020D9
:1088C00082B001B901A942B14BB113780B601278A3
:1088D000101C18BF012002B070471046FBE76FF074
:1088E0000100F8E710B5431E0A44914200D110BDC3
:1088F00011F8014B03F8014FF7E7884210B501EB7F
:10890000020307D8421E99420AD011F8014B02F81F
:10891000014FF8E78342F5D98118D21AD34200D12A
:1089200010BD13F8014D01F8014DF7E7024403466D
:10893000934200D1704703F8011BF9E738B502FBF9
:1089400001F4214600F056F8054618B122460021F0
:10895000FFF7ECFF284638BD38B50546002945D05D
:1089600051F8043C0C1F002BB8BFE41801F0B8FF0D
:108970001F4A1368104633B9636014602846BDE887
:10898000384001F0AEBFA3420CD92168621893426F
:1089900004BF1A685B68636004BF521822600460F9
:1089A000ECE713465A680AB1A242FAD91968581876
:1089B000A0420BD120680144581882421960DDD1D1
:1089C000106852685A6001441960D7E702D90C2335
:1089D0002B60D3E7206821188A4204BF11685268CF
:1089E000626004BF091821605C60C7E738BD00BF42
:1089F0001C85002070B5CD1C25F0030508350C2D15
:108A000038BF0C25002D064601DBA94203D90C23F3
:108A10003360002070BD01F063FF214A14682146D5
:108A200091B9204C23681BB9304600F0D7FD206077
:108A30002946304600F0D2FD431C24D10C2333607C
:108A4000304601F04EFFE4E70B685B1B18D40B2B9C
:108A50000FD90B60CD50CC18304601F042FF04F125
:108A60000B00231D20F00700C31AD3D05A42E25056
:108A7000D0E78C424B6816BF636013600C46EBE78F
:108A80000C464968CCE7C41C24F00304A04205D07E
:108A9000211A304600F0A2FD0130CFD02560DBE77F
:108AA0001C850020208500209368013B002B10B41A
:108AB000936008DA9469A34201DB0A2903D15DF8C7
:108AC000044B00F0B5BD1368581C106019700846BF
:108AD0005DF8044B7047F8B506460F461446D518A6
:108AE000AC4201D1002007E03A4614F8011B3046A1
:108AF000FFF7DAFF431CF3D1F8BD00002DE9F04F7A
:108B00009DB00C4617460393064618B183690BB90E
:108B100001F09AFD7B4B9C4257D17468A3891807DA
:108B20005DD52369002B5AD00023099320238DF8AB
:108B3000293030238DF82A304FF0010BB8464546D6
:108B400015F8013B0BB1252B54D1B8EB070A0BD01C
:108B500053463A4621463046FFF7BDFF013000F04C
:108B6000C280099B5344099398F80030002B00F011
:108B7000BA8000234FF0FF32CDE905230493079319
:108B80008DF853301A93A846052218F8011B5E4849
:108B900001F056FE049B78BBD90644BF20228DF815
:108BA00053201A0744BF2B228DF853202A782A2AF3
:108BB0002AD0079AA84600200A25414611F8013B11
:108BC000303B092B69D960B324E0504B9C4201D162
:108BD000B468A3E74E4B9C4208BFF4689EE7214669
:108BE000304600F085FD00289ED04FF0FF301DB0CC
:108BF000BDE8F08FA846A2E7434A801A0BFA00F0BE
:108C0000184304904546BEE7039A111D126803916C
:108C1000002A01DB079204E0524243F0020307926C
:108C2000049398F800302E2B0ED198F801302A2B9F
:108C300038D1039B1A1D1B680392002BB8BF4FF05D
:108C4000FF3308F102080593324D98F80010032213
:108C5000284601F0F5FD40B14023401B03FA00F027
:108C6000049B034308F10108049398F800102A4874
:108C70008DF82810062208F1010701F0E1FD002817
:108C800037D0264B1BBB039B073323F00703083366
:108C90000393099B4B44099350E705FB02320120E3
:108CA00088468AE7002308F10108059319460A253A
:108CB000404610F8012B303A092A03D9002BC3D0C3
:108CC0000591C1E705FB012101238046F0E703ABD5
:108CD00000932246124B04A9304600F0B7F8B0F1D9
:108CE000FF3F8146D5D1A3895B063FF57EAF09984A
:108CF0007DE703AB00932246094B04A9304600F000
:108D00005BFBECE7D0BC03005ABB0300F0BC0300E4
:108D1000B0BC030060BB030064BB03004D8E0300C6
:108D2000D78A03002DE9FF4755EC104B0D9FDDF866
:108D300030A0002D0E4691461946B8BF22462B465C
:108D400027F02007BBBF05F100431D4600232D235C
:108D5000B8BF1446462F0B7004D0452F00D1013602
:108D6000022100E0032103AB019302AB00933246E2
:108D7000534645EC104B00F0BFFD472F804602D113
:108D800019F0010F26D0462F08EB060911D198F8EB
:108D90000030302B0AD10022002320462946FFF75D
:108DA000E1FA18B9C6F10106CAF80060DAF8003035
:108DB00099440022002320462946FFF7D3FA38B908
:108DC0003022039B4B4505D2591C03911A70F8E7DA
:108DD000CDF80C90039B0E9AA3EB0803404613605A
:108DE00004B0BDE8F087F7B500290446BABF494290
:108DF0002D232B23092904F8022B437020DD0DF1CC
:108E000007031F460A2691FBF6F506FB15113031C4
:108E1000092D03F8011C03F1FF32294609DC30312A
:108E2000023B02F8011CBB42224604D3101A03B0D5
:108E3000F0BD1346E7E713F8012B04F8012BF2E726
:108E4000302319448370021DC170EFE72DE9F04F04
:108E50008DB00C46DDF8588016461F46054601F0D9
:108E60007DFC03680493184600F0C8FB00230A93B6
:108E7000D8F800300590073323F0070303F1080208
:108E800094F818A0D4F800B0C8F80020D3E9002363
:108E9000C4E91223D4E9128929F000430793CDF8DD
:108EA00018804FF0FF32A74BDDE9060102F0E6F82B
:108EB00070BB4FF0FF32A34BDDE90601FFF766FA06
:108EC00030BB0022002340464946FFF755FA10B157
:108ED0002D2384F843309C4A9C4BBAF1470F8CBF3A
:108EE0009046984603232BF00402236122604FF042
:108EF0000009009733460BAA2146284600F0E6F900
:108F0000013040F08D804FF0FF300DB0BDE8F08FA4
:108F100042464B464046494602F0B0F810B18C4AF2
:108F20008C4BDAE761684B1C4BF480620AA83ED197
:108F3000062363600023CDE9020309AB009349ECEB
:108F4000108B0DF123032260CDF804A06168284640
:108F5000FFF7E8FE0AF0DF03472B804609D1099BA3
:108F6000D81C02DB6268934247DDAAF1020A5FFA6D
:108F70008AFABAF1650F099924D80139524604F1E9
:108F800050000991FFF72FFF0A9A1318012A814612
:108F9000236102DC2268D10701D5013323619DF8EA
:108FA0002330002BA5D02D2384F84330A1E7BAF15C
:108FB000670F00F07781BAF1470FBBD10029B9D113
:108FC0000123B6E7BAF1660F19D1002963680CDDF9
:108FD000216113B92268D20702D501330B44236102
:108FE000099BA3654FF00009D9E713B92268D007A0
:108FF00001D50233F3E70123F1E74FF0670ADDE91A
:109000000932934205DB22682361D107E8D5013399
:10901000E5E7002BD4BFC3F1020301231344DEE7CD
:1090200023685A0507D42369424631462846B84783
:1090300001302BD167E7BAF1650F40F2DC800022E6
:109040000023D4E91201FFF78DF9002833D0012362
:10905000414A31462846B84701303FF454AFDDE974
:1090600009239A4202DB2368D8070FD5DDE90423E0
:1090700031462846B84701303FF445AF4FF000086D
:1090800004F11A090A9B013B434509DC23689B074D
:1090900000F10381E0680B9B9842B8BF184634E7A3
:1090A00001234A4631462846B84701303FF42BAFEA
:1090B00008F10108E6E7099B002B2BDC0123264A77
:1090C00031462846B84701303FF41DAF099B23B90C
:1090D0000A9B13B92368D907D8D5DDE904233146A3
:1090E0002846B84701303FF40EAF4FF0000904F1B5
:1090F0001A0A099B5B424B4501DC0A9B94E701235A
:10910000524631462846B84701303FF4FCAE09F1DB
:109110000109EEE70A9AA36D9A42A8BF1A46002AEF
:10912000914607DD1346314642462846B84701308E
:109130003FF4E9AE04F11A034FF0000B29EAE97994
:10914000069315E0FFFFEF7F6FBB03006BBB0300CF
:1091500077BB030073BB03007BBB03000123069AAC
:1091600031462846B84701303FF4CDAE0BF1010B34
:10917000D4F858A0AAEB09035B45EFDCDDE909232D
:109180009A42D04415DB2368DA0712D40A9B099966
:10919000A3EB0A02A3EB010A9245A8BF9246BAF1DB
:1091A000000F0EDC4FF000082AEAEA7A04F11A09EF
:1091B00019E0DDE9042331462846B8470130E5D1FE
:1091C000A1E65346424631462846B8470130E9D128
:1091D00099E601234A4631462846B84701303FF414
:1091E00092AE08F10108DDE909239B1AA3EB0A03FB
:1091F0004345EEDC4AE70A9A012A01DCDB073AD54F
:109200000123424631462846B84701303FF47BAE41
:10921000DDE9042331462846B847013008F101084A
:109220003FF471AE0A9B002203F1FF3AD4E9120128
:109230000023FFF797F8C8B95346424631462846FF
:10924000B84701300ED15EE601235246314628462A
:10925000B84701303FF457AE08F101080A9B013BC3
:109260004345F1DC4B4604F15002DEE64FF00008C6
:1092700004F11A0AF2E70123DFE701234A463146E7
:109280002846B84701303FF43EAE08F10108E368D4
:109290000B9A9B1A4345F0DCFCE64FF0000804F102
:1092A0001909F4E700293FF48BAE0023CDE902034E
:1092B00009AB009349EC108B2260CDF804A00DF1AE
:1092C00023032846FFF72EFD804648E62DE9F047A8
:1092D00091461F468A680B69DDF820809342B8BF2B
:1092E0001346C9F8003091F8432006460C4612B1E7
:1092F0000133C9F800302368990642BFD9F800301D
:109300000233C9F80030256815F0060507D104F1CD
:10931000190AE368D9F800209B1AAB4228DC94F8BC
:1093200043302268003318BF012392062DD404F184
:10933000430239463046C047013020D02368E568F3
:10934000D9F8002003F00603042B08BFAD1AA36868
:1093500022690CBF25EAE57500259342C4BF9B1A1C
:10936000ED184FF000091A344D451AD1002008E0DD
:109370000123524639463046C047013003D14FF0F1
:10938000FF30BDE8F0870135C3E7E1185A1C3020F3
:1093900081F84300224494F8451082F843100233C8
:1093A000C5E70123224639463046C0470130E6D0A2
:1093B00009F10109D8E700002DE9F04301F1430C60
:1093C0000C46097E85B06E291746064698460C9ACB
:1093D00000F0B38022D8632936D00AD8002900F0E3
:1093E000B980582900F0838004F1420584F84210C6
:1093F00032E0642901D06929F6D120681368050696
:1094000003F104012AD51B681160002B03DA2D2219
:109410005B4284F843206F480A2239E0732900F048
:109420009D8008D86F2920D07029DDD1236843F0B2
:109430002003236003E0752917D07829D4D178233D
:1094400084F84530644855E01368191D1B681160A5
:1094500004F1420584F8423001238CE01B6811605E
:1094600010F0400F18BF1BB2CFE713682568181D16
:109470001060280601D51B6802E06806FBD51B8832
:1094800054486F2914BF0A220822002184F843108F
:109490006568A560002DC0F29580216821F0040167
:1094A0002160002B3DD1002D40F08E806546082ABA
:1094B0000BD12368DB0708D5236962689A42DEBFB7
:1094C000302305F8013C05F1FF35ACEB05032361C2
:1094D000CDF800803B4603AA21463046FFF7F6FE52
:1094E00001304DD14FF0FF3005B0BDE8F083394871
:1094F00084F84510136821681D1D1B6815600A0655
:109500000BD5CA0744BF41F0200121601BB9226876
:1095100022F0200222601022B7E74D0648BF9BB21E
:10952000EFE76546B3FBF2F102FB1133C35C05F8CC
:10953000013D0B460029F5D1B9E71368256861693B
:10954000181D106028061B6801D5196002E06A0624
:10955000FBD51980002323616546B9E71368191DFF
:1095600011601D6862680021284601F069F908B1A0
:10957000401B606063682361002384F84330A7E7E1
:1095800023692A4639463046C0470130AAD02368AD
:109590009B0713D4E068039B9842B8BF1846A3E723
:1095A00001234A4639463046C04701309AD001353A
:1095B000E368039A9B1AAB42F2DCEBE7002504F167
:1095C0001909F5E7002BACD1037884F8423004F197
:1095D00042056CE77DBB03008EBB030038B5064C2B
:1095E0000023054608462360FDF766F9431C02D1B7
:1095F000236803B12B6038BD44850020034613F86F
:10960000012B002AFBD1181A0138704710B56AB136
:109610000139841810F8013B11F8012F934203D14E
:10962000A04201D0002BF5D1981A10BD1046FCE7DE
:10963000F8B50E461446054618B183690BB901F01A
:1096400003F8214B9C422AD16C68A369A360A389CB
:109650001A072ED5236963B323692068C01A63698A
:10966000F6B28342374604DC2146284600F082FFEA
:1096700028BBA368013BA36023685A1C22601E70AC
:1096800063690130834204D0A389DB0719D50A2E10
:1096900017D12146284600F06DFF90B10FE00B4B2B
:1096A0009C4201D1AC68D0E7094B9C4208BFEC68F2
:1096B000CBE72146284600F01BF80028CCD04FF01D
:1096C000FF373846F8BD00BFD0BC0300F0BC030034
:1096D000B0BC030049B1FF2A85BF8A2303600A702A
:1096E0004FF0FF3098BF01207047084670470000D8
:1096F000324B70B51D6806460C4625B1AB6913B9EF
:10970000284600F0A1FF2E4B9C420FD16C68B4F9A3
:109710000C309AB215072CD4D00611D4092232602D
:1097200043F04003A3814FF0FF303EE0254B9C42C5
:1097300001D1AC68EBE7244B9C4208BFEC68E6E73C
:10974000510712D5616B41B104F14403994202D033
:109750003046FFF701F900236363A38923F0240354
:10976000A3810023636023692360A38943F0080376
:10977000A38123694BB9A38903F42073B3F5007F58
:1097800003D02146304601F01BF8A28912F00103F4
:109790000CD00023A36063695B42A361236953B9C2
:1097A000B4F90C3013F08000BAD170BD920758BFE5
:1097B0006369A360F2E70020F7E700BF946100202F
:1097C000D0BC0300F0BC0300B0BC030008B5062009
:1097D00001F08CFB012001F0C7FC2DE9F74F036974
:1097E0000C69A3428046C0F28280013C01F114075B
:1097F0004FEA840C00F1140657F8245056F8240060
:1098000006EB0C03013507EB0C090193B0FBF5F5F2
:1098100095B34FF0000A3846B646D34650F8042BAD
:1098200093B205FB03A34FEA134A9BB2ABEB0303CE
:10983000120CDEF800B005FB02A213FA8BF34FEA1C
:10984000124A1FFA82FBDEF80020CBEB124202EB39
:1098500023429BB243EA024381454FEA224B4EF832
:10986000043BDBD256F80C3033B9019B043B9E42DB
:109870001A4630D3C8F81040404601F049FA002893
:1098800025DB013530464FF0000C57F8042BD0F89B
:1098900000E093B2ACEB0303120C13FA8EF3C2EBAD
:1098A0001E4202EB23429BB243EA0243B9454FEA10
:1098B000224C40F8043BE8D256F8242006EB8403FF
:1098C0002AB9043B9E421A460BD3C8F810402846DA
:1098D00003B0BDE8F08F1268043B002ACAD1013CF6
:1098E000C5E71268043B002AEFD1013CEAE70020FB
:1098F000EEE70000000000002DE9F04F57EC106B80
:1099000097B0456A069104460B921293DDF8808069
:10991000CDE900673DB91020FAF74AFD6062C0E961
:1099200001550560C560636A196851B15A684A609B
:10993000012393408B60204601F008F8636A0022FF
:109940001A603B1EBBBF23F000430193002301229A
:10995000ACBFC8F80030C8F80020AF4BDDF8048079
:1099600033EA080314D1129A42F20F731360009B7A
:1099700023B9C8F31300002800F04285219BDFF8CB
:10998000ACB2002B00F044850BF1030300F03EBDA8
:10999000DDE900670022002330463946FEF7E2FC8D
:1099A000814668B1129A01231360219B002B00F0BD
:1099B00024859A4B219A03F1FF3B136000F028BDE8
:1099C00014AA15A947EC106B204601F018FAC8F349
:1099D0000A550490002D7CD0C7F3130343F07F5B3E
:1099E000B2464BF4401BA5F2FF35CDF84C90002257
:1099F0008B4B50465946FEF795F881A3D3E90023D7
:109A0000FEF748FA80A3D3E90023FEF78DF8064657
:109A100028460F46FEF7D4F97DA3D3E90023FEF7CD
:109A200039FA02460B4630463946FEF77DF80646BF
:109A30000F4601F039FB00228246002330463946AA
:109A4000FEF79AFC48B15046FEF7BAF932463B465B
:109A5000FEF788FC08B90AF1FF3ABAF1160F59D897
:109A6000704901EBCA01DDE90023D1E90001FEF7ED
:109A7000A1FC002850D00AF1FF3A00230F93149B59
:109A80005D1BB5F1010849BFC5F101030023059332
:109A90004FF0000858BF0593BAF1000F3EDB0023DA
:109AA000D044CDF838A00793069B092B00F2908094
:109AB000052BC4BF043B0693069BA3F10203CCBF56
:109AC00000250125032B00F28F80DFE803F07D7F66
:109AD0003171DDE914531D4405F23240202813DDB5
:109AE000C0F14000009B08FA00F805F2124023FA8A
:109AF00000F048EA0000FEF753F901238246A1F185
:109B0000F87B013D139372E7009BC0F1200003FA3C
:109B100000F0F0E70123B1E70F90B0E7059BA3EB5E
:109B20000A030593CAF10003079300230E93BBE7D2
:109B300001230A930B9B002B59DD02939946666A19
:109B400000227260042202F114009842716853D915
:109B5000204600F0C7FE636A3060B9F10E0FD3F8FB
:109B600000B000F2E680002D00F0E3809DED007B68
:109B7000BAF1000F8DED107B74DD2A4A0AF00F0355
:109B800002EBC30393ED007B4FEA2A16F0068DED3E
:109B9000087B65D5244BDDE91001D3E90823FEF7E6
:109BA000A3FACDE9000106F00F0603251E4F4CE095
:109BB00001230A930B9B534403F1010902934B4683
:109BC000012BB8BF0123BAE70023B2E70023F0E777
:109BD0000125002306930A954FF0FF33029399461F
:109BE000002212230B92AAE701230A93F4E7012330
:109BF000029399461A46F5E7013171605200A2E7D7
:109C000061436F63A787D23FB3C8608B288AC63F82
:109C1000FB799F501344D33F0000F07F7CBB0300CF
:109C20000000F83F38BD030010BD0300A9BC0300CD
:109C3000F10708D5DDE90801D7E90023FEF72AF985
:109C4000CDE90801013576100837002EF0D1DDE9A5
:109C50000823DDE90001FEF747FACDE900011AE02B
:109C60000225A3E700F0A080CAF100069F4BA04F99
:109C700006F00F0203EBC203D3E90023DDE9100174
:109C8000FEF708F9CDE90001361100230225002E68
:109C90007FD1002BE1D10F9B002B00F08780DDE905
:109CA00000670022934B30463946FEF765FB0028DB
:109CB0007CD0B9F1000F79D0029B002B35DD0AF181
:109CC000FF330893394600228B4B3046FEF7E2F80B
:109CD000CDE90001029F01352846FEF771F8DDE964
:109CE0000023FEF7D7F80022844BFDF71DFF054641
:109CF000A1F15076002F5DD10022814BDDE90001FA
:109D0000FDF710FF2A463346CDE90001FEF752FB6E
:109D1000002840F088822A4606F10043DDE9000170
:109D2000FEF72AFB002840F07C82DDE91023CDE914
:109D30000023159B002BC0F25081BAF10E0F00F3E7
:109D40004C816A4B03EBCA0393ED007B0B9B002B0A
:109D50008DED027B80F2D880B9F1000F00F3D48042
:109D600040F05E820022664B51EC170BFEF792F832
:109D7000DDE90023FEF714FB4F464E46002840F075
:109D8000348231230BF101058BF800300AF1010A0E
:109D90002FE2F20705D5D7E90023FEF77BF801355E
:109DA00001237610083772E7022574E7CDF820A06A
:109DB0004F4691E74D4B03EBC70353E902010A9B62
:109DC000002B47D002460B4600204E49FEF78CF987
:109DD0002A463346FDF7A6FECDE90C015D46DDE9D6
:109DE000000101F061F90646FDF7EAFF02460B4665
:109DF000DDE90001FDF796FE303605F8016BDDE97F
:109E00000C23CDE90001FEF7B7FA002863D1DDE9A4
:109E1000002300203749FDF785FEDDE90C23FEF71E
:109E2000ABFA002840F0B780A5EB0B039F427FF709
:109E30007CAF0022304BDDE90C01FEF72BF800224D
:109E4000CDE90C012C4BDDE90001FEF723F8CDE94B
:109E50000001C4E72A463346FEF71CF8CDE90C01A1
:109E60000BEB07055E46DDE9000101F01DF9074631
:109E7000FDF7A6FF303702460B46DDE90001FDF78E
:109E800051FE06F8017BAE42CDE900014FF0000221
:109E900026D11C4BDDE90C01FDF746FE02460B46C0
:109EA000DDE90001FEF786FA002874D1DDE90C2314
:109EB00000201449FDF736FE02460B46DDE900019D
:109EC000FEF75AFA00283FF430AF15F8013C302B6A
:109ED00005F1FF3202D0DDF820A04AE01546F4E794
:109EE000054BFDF7D7FFCDE90001BCE738BD030006
:109EF00010BD03000000F03F0000244000001C40A3
:109F0000000014400000E03FDDE900675D46DDE948
:109F1000022330463946FEF7E7F801F0C5F88046DF
:109F2000FDF74EFFDDE90223FDF7B4FF02460B46C5
:109F30003046394608F13006FDF7F4FD05F8016BAF
:109F4000A5EB0B06B14502460B4639D1FDF7ECFDFA
:109F5000DDE9022306460F46FEF72CFAC8B9DDE913
:109F6000022330463946FEF7FDF910B118F0010F13
:109F70000FD10499204600F0E9FC0023129A2B70BF
:109F80000AF101031360219B002B00F041821D6048
:109F90003EE2CDF820A015F8012C392A05F1FF3357
:109FA00008D19B450AD1089B0133089330238BF8D5
:109FB00000305B461A7801321A708CE71D46EAE7DA
:109FC00000229B4BFDF766FF0022002306460F464A
:109FD000FEF7C8F900289AD0CBE70A9A002A00F0C9
:109FE0008B80069A012A6EDC139A002A67D003F24E
:109FF0003343079F059D059A01211A442046059287
:10A00000984400F043FD0646002D0CDDB8F1000F2A
:10A0100009DD4545059A2B46A8BF4346D21A05924D
:10A02000ED1AA8EB0308079BEBB10A9B002B67D046
:10A030008FB131463A46204600F0C8FD049A0146E9
:10A040000646204600F02BFD04990890204600F0BB
:10A050007DFC089B0493079BDA1B04D004992046DF
:10A0600000F0B4FD04900121204600F00FFD0E9B8E
:10A070000746002B00F0D0811A460146204600F02A
:10A08000A5FD069B012B074640DC009B002B39D128
:10A09000019BC3F31303002B36D1019B23F0004334
:10A0A0001B0D1B052BB1059B0133059308F101081E
:10A0B000012307930E9B002B2AD1012030E0149B33
:10A0C000C3F1360395E7079B09F1FF37BB42BFBFDA
:10A0D000079B0797FA1A0E9BBBBF9B180E93DF1BBB
:10A0E0000027B9F1000FB5BF059B059DA3EB09053E
:10A0F0004B46B8BF00237EE7079F059D0A9E83E776
:10A10000079AABE70023D4E7009BD2E7002307932D
:10A110003B6907EB8303186900F06AFCC0F120007B
:10A12000404410F01F0047D0C0F12003042B3BDD5A
:10A13000059BC0F11C000344059305448044059B26
:10A14000002B05DD1A460499204600F08DFD049091
:10A15000B8F1000F05DD39464246204600F084FD87
:10A1600007460F9B53B33946049800F0D1FD0028F1
:10A1700024DA00230A220499204600F0FEFB0A9B01
:10A1800004900AF1FF3A002B00F04D810023314684
:10A190000A22204600F0F1FB029B002B06464FDC12
:10A1A000069B022B4CDD11E0C9D0059A1C331A44E2
:10A1B00005921D449844C2E70346F6E7B9F1000F43
:10A1C00038DC069B022B35DDCDF80890029B63B985
:10A1D00039460522204600F0D0FB01460746049888
:10A1E00000F096FD00283FF7CCAD0B9B5D466FEA73
:10A1F000030A4FF000093946204600F0A7FB002E65
:10A200003FF4B7AEB9F1000F05D0B14503D04946D0
:10A21000204600F09BFB3146204600F097FBA8E665
:10A2200000273E46E1E7DDF820A03E46A9E500BF55
:10A23000000024400A9BCDF80890002B00F0FA8023
:10A24000002D05DD31462A46204600F00DFD06466C
:10A25000079B002B4CD07168204600F043FB32690D
:10A2600002320546920006F10C010C30FEF73AFB73
:10A2700001222946204600F0F7FC009BCDF814B0DF
:10A2800003F00103B1460793064639460498FFF7E9
:10A29000A4FA4946054600F13008049800F038FD5C
:10A2A000324600903946204600F04CFDC368024615
:10A2B00003BB01460890049800F02AFD089A034663
:10A2C00011462046089300F041FB089BA3B9069A6B
:10A2D00092B9079A82B9B8F1390F29D0009B002BA7
:10A2E00001DD05F13108059B5D1C83F8008082E7E4
:10A2F0003046C2E70123E3E7009A002A04DB25D1B8
:10A30000069A1ABB079A0ABB002BECDD01220499BE
:10A31000204600F0A9FC3946049000F0F9FC002822
:10A3200003DCE0D118F0010FDDD0B8F1390FD8D13E
:10A33000059B059A5D1C3923137015F8013C392BD8
:10A3400005F1FF324FD00133137054E7059A002B0B
:10A3500002F1010506DDB8F1390FE9D008F1010875
:10A36000059BC2E7029A05F8018CA5EB0B0393420B
:10A3700021D000230A220499204600F0FEFAB145BC
:10A3800004904FF000034FF00A024946204605D1E1
:10A3900000F0F3FA81460646059576E700F0EDFAFF
:10A3A0003146814600230A22204600F0E6FA06469E
:10A3B000F2E74FF0000901220499204600F054FC16
:10A3C0003946049000F0A4FC0028B6DC02D118F055
:10A3D000010FB2D115F8013C302B05F1FF327FF4AB
:10A3E0000AAF1546F6E7934505D131230AF1010A74
:10A3F0008BF80030FFE615469FE7DFF864B007E012
:10A40000219BDFF860B01BB10BF10803219A1360A8
:10A41000584617B0BDE8F08F069B012B7FF735AE8D
:10A420000E9B079349E6029B002B03DC069B022B45
:10A430003FF7CCAE5D4639460498FFF7CEF900F100
:10A44000300805F8018B029AA5EB0B039A42B0DDA8
:10A4500000230A220499204600F08FFA0490EAE7CC
:10A460007BBB0300A0BC03008A892DE9F0410546AF
:10A4700010070C4658D44B68002B05DC0B6C002BE6
:10A4800002DC0020BDE8F081E66A002EF9D000234E
:10A4900012F480522F68216A2B6032D0606DA3893C
:10A4A0005A0705D56368C01A636B0BB1236CC01AD9
:10A4B00000230246E66A216A2846B047431CA38966
:10A4C00006D129681D2948D8294ACA40D60744D54B
:10A4D00000226260D9042269226004D5421C01D1A5
:10A4E0002B6803B96065616B2F600029C9D004F146
:10A4F0004403994202D02846FEF72EFA00206063FA
:10A50000C0E701232846B047411CC8D12B68002B67
:10A51000C5D01D2B01D0162B01D12F60B1E7A38927
:10A5200043F04003A381ADE70F69002FA9D0930743
:10A530000E6808BF4B690F6018BF0023A6EB070821
:10A540008B60B8F1000F9CDD43463A46216AA66A4B
:10A550002846B047002806DCA38943F04003A381C6
:10A560004FF0FF308EE70744A8EB0008E9E700BF93
:10A570000100402038B50B6905460C46DBB118B127
:10A5800083690BB900F060F80C4B9C4209D16C68F0
:10A59000B4F90C307BB121462846BDE83840FFF7BE
:10A5A00063BF074B9C4201D1AC68F1E7054B9C426D
:10A5B00008BFEC68ECE7002038BD00BFD0BC03004A
:10A5C000F0BC0300B0BC0300002310B50446C0E992
:10A5D0000033836081814366C281C0E904338361B3
:10A5E000194608225C30FEF7A1F9054B6362054B62
:10A5F000A362054BE362054B2462236310BD00BFD9
:10A6000025AF030047AF03007FAF0300A3AF0300F4
:10A61000014900F085B800BF75A5030070B54A1E5A
:10A62000682555430E4605F17401FEF7E3F904462B
:10A6300040B10021C0E900160C30A06005F16802AD
:10A64000FEF774F9204670BD836910B5044633BB2C
:10A65000C0E912330365124B124A1B6882629842AA
:10A6600004BF0123836100F01FF86060204600F002
:10A670001BF8A060204600F017F80022E0600421DB
:10A680006068FFF7A1FF01220921A068FFF79CFF86
:10A6900002221221E068FFF797FF0123A36110BD9A
:10A6A0004CBB030011A60300F8B51B4B1E68B36931
:10A6B000074613B93046FFF7C7FF4836D6E90134DD
:10A6C000013B03D5336833B13668F7E7B4F90C5072
:10A6D0006DB16834F4E704213846FFF79FFF30601E
:10A6E0000028F1D10C233B6004462046F8BD0B4BFB
:10A6F0006566C4E90055A560C4E90335C4E905559C
:10A700000822294604F15C00FEF710F9C4E90D5552
:10A71000C4E91255E9E700BF4CBB03000100FFFF8D
:10A720002DE9F8438046894600F14804002614B913
:10A730003046BDE8F883D4E90175013F01D52468AE
:10A74000F5E7AB89012B07D9B5F90E30013303D0FA
:10A7500029464046C84706436835EEE7044B1B6868
:10A76000186A044B002808BF1846F030704700BF35
:10A7700094610020F861002070B50E46B1F90E100A
:10A78000002996B014461D4607DA00232B60B389D2
:10A790001A0610D44FF480630EE06A4600F028FCDD
:10A7A0000028F2DB019A02F47042A2F500535A42EB
:10A7B0005A412A60EEE740230020236016B070BDA6
:10A7C0008B8973B59D0706460C4607D504F14703F0
:10A7D000236023610123636102B070BD01AB6A464F
:10A7E000FFF7CAFF009905463046FEF703F948B95E
:10A7F000B4F90C309A05EFD423F0030343F00203BD
:10A80000A381E3E70D4BB362A389206043F080038B
:10A81000A381009B6361019B20615BB1B4F90E10C1
:10A82000304600F0F7FB28B1A38923F0030343F07F
:10A830000103A381A3891D43A581CDE711A60300D0
:10A8400001F0FF01102A2BDB10F0070F08D010F8E1
:10A85000013B013A8B422DD010F0070F42B3F6D1E5
:10A86000F0B441EA012141EA014122F007047FF0FE
:10A8700000070023F0E80256083C85EA010586EA55
:10A88000010685FA47F5A3FA87F586FA47F6A5FA91
:10A8900087F68EB9EED1F0BC01F0FF0102F007029D
:10A8A00032B110F8013B013A83EA010313B1F8D148
:10A8B0000020704701387047002D06BF3546033829
:10A8C000073815F0010F07D1013015F4807F02BF62
:10A8D000013015F4C03F0130F0BC0138704700BFB3
:10A8E0007047704770B5456A04460E463DB9102062
:10A8F000F9F75EFD6062C0E901550560C560656AF3
:10A90000EB6883B1636ADB6853F82600B8B90121AC
:10A9100001FA06F56A1D92002046FEF70FF860B1B5
:10A92000C0E901650EE0212204212046FEF706F869
:10A93000636AE860DB68002BE4D1002070BD026828
:10A9400043F826200023C0E90333F7E770B5446AD3
:10A9500006460D463CB91020F9F72AFD7062C0E9A1
:10A9600001440460C4603DB1736A6A68DB6853F8EF
:10A970002210296043F8225070BD2DE9F0410D6985
:10A980001F4606460C4601F1140C0023DCF80000BB
:10A9900081B202FB01710F0C000C02FB007089B246
:10A9A000013301EB00419D424FEA10474CF8041B74
:10A9B000ECDCD7B1A368AB4212DC616830460131F0
:10A9C000FFF790FF2269023204F10C0180469200E9
:10A9D0000C30FDF787FF21463046FFF7B7FF4446AE
:10A9E00004EB850301355F6125612046BDE8F081F8
:10A9F000020C12040346B2B90304102013F07F4F77
:10AA000004BF1B02083013F0704F04BF1B01043059
:10AA100013F0404F04BF9B000230002B06DB5B00AD
:10AA200003D5013070470020E8E720207047036815
:10AA300013F0070201460BD0DA0723D4980749BF69
:10AA40005B089B0801200B605CBF0B600220704715
:10AA500098B2A8B91B0C102013F0FF0F04BF1B0AFB
:10AA600008301A0704BF1B0904309A0704BF9B086B
:10AA70000230DA0702D45B0806D001300B60704761
:10AA80001046E9E7002070472020704710B50C46BB
:10AA90000121FFF727FF01224461026110BD2DE96A
:10AAA000F74F14460A6923699A42B8BF0B46884695
:10AAB000BCBFA0461C46D8F81070D4F81090D8F847
:10AAC0000830D8F8041007EB0906B342B8BF0131CB
:10AAD000FFF708FF00F1140505EB860E2B46002258
:10AAE000734516D304F1140208F1140102EB890333
:10AAF00001EB87070093009B019293420CD8002E34
:10AB000003DD5EF8043D002B5DD0066103B0BDE8B7
:10AB1000F08F43F8042BE3E7B2F800B0BBF1000F6D
:10AB200023D08946AC464FF0000859F8044BDCF8B6
:10AB300000A0A3B21FFA8AFA0BFB03A34FEA144A40
:10AB4000DCF8004043444FEA14480BFB0A8404EB52
:10AB50001344E2469BB243EA04434F454FEA14488C
:10AB60004AF8043B2BD8CCF80480019BB3F802A030
:10AB70000432BAF1000F20D02B688946A8464FF066
:10AB8000000BB9F800C0B8F802400AFB0C445C4462
:10AB9000C4469BB243EA04434CF8043B59F8043BD7
:10ABA000B8F804B01B0C0AFB03B303EB14434F4586
:10ABB0004FEA134B05D8C8F8043004359BE7D44658
:10ABC000B3E7E046DDE7013E99E700002DE9F843F1
:10ABD000154612F0030206460F4607D0013A214CF3
:10ABE000002354F82220FFF7C8FE0746AD1035D0E9
:10ABF000746A3CB91020F9F7DBFB7062C0E90144CC
:10AC00000460C460D6F82480D8F808404CB940F2FB
:10AC100071213046FFF73AFF0023C8F808000446C8
:10AC200003604FF00008EB070AD53946224630464C
:10AC3000FFF735FF394681463046FFF787FE4F461E
:10AC40006D100BD0206838B9224621463046FFF7F8
:10AC500026FF2060C0F800800446E4E73846BDE8DF
:10AC6000F88300BF00BE03002DE9F0470C464FEA11
:10AC7000621A236949680AEB0309A3680746164666
:10AC800009F10105AB4232DB3846FFF72BFE00230A
:10AC9000804600F114011A4653452BDB20692AEA4D
:10ACA000EA7A04F1140316F01F0201EB8A0103EBA8
:10ACB000800C25D0C2F1200E00201E688A469640E6
:10ACC00030434AF8040B53F8040B9C4520FA0EF06D
:10ACD00014D8486008B109F10205013D3846C8F8AA
:10ACE00010502146FFF732FE4046BDE8F0870131A3
:10ACF0005B00C7E741F823200133CDE75146DCE78D
:10AD0000043953F8042B41F8042F9C45F9D8E4E7A3
:10AD100003690A699B1A30B50CD1920014301431C2
:10AD20008418114454F8045D51F8042D954203D061
:10AD300005D30123184630BDA042F3D3FAE74FF004
:10AD4000FF33F7E72DE9F0470D4607461146284641
:10AD50001446FFF7DDFF061E08D131463846FFF7DF
:10AD6000C1FD0123C0E90436BDE8F087A4BF234636
:10AD70002C4638466168A6BF1D4600260126FFF70F
:10AD8000B1FD2B69C660266905F1140904F11402AE
:10AD900002EB860709EB830800F114054FF0000E63
:10ADA00052F804AB59F8044B1EFA8AF1A3B2C91A3F
:10ADB000230CC3EB1A4303EB214389B24FEA234E22
:10ADC000C84541EA0343944645F8043BE8D8BC45EE
:10ADD00004D355F8043D83B10661C5E75CF8041B54
:10ADE0001EFA81F31A1402EB11429BB243EA0243AA
:10ADF0004FEA224E45F8043BE9E7013EE9E72DE939
:10AE0000F7430E46012159EC108B1546FFF76AFDFA
:10AE1000C9F30A540746C9F3130334BB0193B8F1CD
:10AE2000000327D002A840F8083DFFF700FE009974
:10AE3000F0B1019AC0F1200302FA03F30B43C240C0
:10AE40007B610192019BBB61002B14BF0221012198
:10AE50003961C4B1A4F2334404443460C0F1350014
:10AE60002860384603B0BDE8F08343F48013D5E78B
:10AE70007961E7E701A8FFF7DAFD019B7B6101211A
:10AE800039612030E5E707EB8103A0F23240306002
:10AE90001869FFF7ADFDC0EB4110E1E71F2938B598
:10AEA00004460D4604D9162303604FF0FF3038BD29
:10AEB000426C12B152F821304BB9204600F030F804
:10AEC0002A4601462046BDE8384000F017B8012B5D
:10AED0000AD0591C03D1162303600120E7E70024A0
:10AEE00042F82540284698470020E0E7024B0146FB
:10AEF0001868FFF7D3BF00BF9461002038B5074C36
:10AF00000023054608461146236000F015F9431C4E
:10AF100002D1236803B12B6038BD00BF44850020F7
:10AF200000F0FAB810B50C46B1F90E1000F094F824
:10AF30000028ABBF636DA3891B1823F48053ACBFFB
:10AF40006365A38110BD2DE9F0411F468B89DB05A8
:10AF500005460C46164605D502230022B1F90E100F
:10AF600000F068F8A389B4F90E1023F48053A3818C
:10AF700032463B462846BDE8F04100F017B810B510
:10AF80000C46B1F90E1000F055F8431CA38915BF0B
:10AF9000606523F4805343F48053A38118BFA381D9
:10AFA00010BDB1F90E1000F013B8000038B5074C11
:10AFB000054608461146002222601A46FBF764FC4B
:10AFC000431C02D1236803B12B6038BD44850020A7
:10AFD00038B5064C002305460846236000F08CF87F
:10AFE000431C02D1236803B12B6038BD4485002087
:10AFF00038B5074C0023054608461146236000F08B
:10B0000083F8431C02D1236803B12B6038BD00BF15
:10B010004485002038B5064C0023054608462360C9
:10B0200000F082F8431C02D1236803B12B6038BDC5
:10B030004485002038B5074C0546084611460022D5
:10B0400022601A4600F080F8431C02D1236803B145
:10B050002B6038BD4485002038B5074C05460846AE
:10B060001146002222601A4600F076F8431C02D1F5
:10B07000236803B12B6038BD448500204FEA410CA2
:10B080007FEA6C5C02D150EA013C0AD14FEA430CE2
:10B090007FEA6C5C02D152EA033C02D14FF000001F
:10B0A00070474FF0010070474FEA410212F500125D
:10B0B00015D211D56FF47873B3EB625212D94FEAFF
:10B0C000C12343F0004343EA505311F0004F23FAE9
:10B0D00002F018BF404270474FF00000704750EA3E
:10B0E000013005D111F0004008BF6FF000407047FB
:10B0F0004FF00000704700BF024B58221A604FF01B
:10B10000FF30704744850020024B58221A604FF0F0
:10B11000FF30704744850020024B58221A604FF0E0
:10B12000FF30704744850020024B58221A600020EF
:10B13000704700BF44850020024B58221A604FF030
:10B14000FF30704744850020024B58221A604FF0B0
:10B15000FF30704744850020024B58221A604FF0A0
:10B16000FF30704744850020FEE700BFF8B500BF00
:10B17000F8BC08BC9E467047F8B500BFF8BC08BCD8
:10B180009E46704754696E795553422053657269E3
:10B19000616C00000000000000000000316502004A
:10B1A00089630200796302006D630200F1620200AC
:10B1B0003D63020011630200D1630200F0FFFFFF54
:10B1C000000000002965020012010002000000409A
:10B1D0009A232980000101020301000009020900ED
:10B1E000000100A0320000003031323334353637F0
:10B1F00038394142434445464C696C79676F0000D9
:10B20000542D4563686F2D436172642D6E5246352F
:10B210003238343000000000416461667275697430
:10B22000000000004D6173732053746F7261676595
:10B2300000000000312E30007573626400000000D1
:10B24000050F3900021810050038B60834A909A006
:10B25000478BFDA0768815B665000101011C10051D
:10B2600000DF60DDD88945C74C9CD2659D9E648A0D
:10B270009F00000306B2000200010300000000006E
:10B2800015700200A5700200D17002001971020051
:10B2900025720200F97202000000000000000000A8
:10B2A000717D020000000000817D0200917D02009E
:10B2B000297E0200797F02000000000000000000EB
:10B2C000B1740200C9740200CD740200E57402007A
:10B2D000AD750200D57702000000000000000000FC
:10B2E000718C0200958C0200998C0200BD8C0200CA
:10B2F000E58D0200659502000000000000000000DE
:10B30000957802000579020031790200597902002E
:10B310008D7A0200917A0200000000000000000017
:10B3200049860200A1860200BD860200E186020075
:10B33000396D020019880200000000005F75736219
:10B34000645F7164656600005B5358313236325D6C
:10B3500020000000206661696C65642C20636F64C6
:10B36000652000005B5358313236325D20547261E3
:10B370006E736D697474696E67207061636B657458
:10B3800020000000202E2E2E200000007375636325
:10B39000657373006661696C65642C20636F646516
:10B3A00020000000696E697469616C697A61746972
:10B3B0006F6E000063757272656E74206C696D69E2
:10B3C0007420636F6E66696775726174696F6E0071
:10B3D00043524320636F6E66696775726174696F6B
:10B3E0006E000000542D4563686F2D436172642028
:10B3F0004C6F526120636572746966696361746938
:10B400006F6E207465737400436F6E6E6563742095
:10B41000616E20617070726F70726961746520383E
:10B420003638204D487A20616E74656E6E612062F8
:10B4300065666F7265207472616E736D697474698C
:10B440006E672E0052756E20746869732074726185
:10B450006E736D6974746572206F6E6C7920696E9D
:10B4600020616E20617574686F72697A656420521C
:10B4700046207465737420656E7669726F6E6D65B3
:10B480006E742E004672657175656E63793A203868
:10B4900036382E30204D487A0000000042616E643C
:10B4A00077696474683A203530302E30206B487AE2
:10B4B00000000000537072656164696E6720666108
:10B4C00063746F723A20313200000000436F646988
:10B4D0006E6720726174653A20342F3800000000D6
:10B4E0004F757470757420706F7765723A203720CD
:10B4F00064426D005061796C6F61642073697A6594
:10B500003A20333220627974657300005472616EA0
:10B51000736D697420696E74657276616C3A20335C
:10B52000303030206D730000705F73706920213DF2
:10B53000204E554C4C000000433A5C5573657273C5
:10B540005C584B5C2E706C6174666F726D696F5CD9
:10B550007061636B616765735C6672616D65776F5F
:10B56000726B2D61726475696E6F6164616672756C
:10B5700069746E726635325C6C696272617269659B
:10B58000735C5350495C5350492E63707000000047
:10B59000535049436C6173733A3A535049436C6159
:10B5A0007373284E52465F5350494D5F547970650E
:10B5B0002A2C2075696E74385F742C2075696E743E
:10B5C000385F742C2075696E74385F742900000030
:10B5D0000000FFFF000080000000000008000800DD
:10B5E0000000000000000000E8030000FFFFFFFF74
:10B5F000FFFFFFFFFFFFFFFFFFFFFFFFFFFFFFFF5B
:10B60000000000000000000035E5020025E5020012
:10B6100015E5020005E50200F9E40200F1E402008C
:10B6200019E40200EDE40200B5E40200A1E4020026
:10B6300031E4020091E4020041E4020089E40200E6
:10B6400039E4020065E5020045E5020075E4020008
:10B6500069E4020065E402002DE40200000000003D
:10B660000338FDD87047000053583132363100009E
:10B670000000000000000000F1FE0200D9ED020011
:10B680008DEE0200B5360300C9FC0200D1FD0200B8
:10B6900029080300A1010300F5F6020091F702005A
:10B6A000CDEE020049EA020071E6020009F1020053
:10B6B00009F0020039F3020075F402007DF2020085
:10B6C000F1E50200C9E50200B1F5020011FA02003D
:10B6D000210E0300B1EA020035EF020049EE02003C
:10B6E000F9F10200ADEB0200E9E9020085EA02008F
:10B6F000D1EF020091EF0200891F030049200300EF
:10B70000F1F30200C1E90200311E0300E5F8020076
:10B7100019EE02009DED02002937030019EE020028
:10B72000B9ED020019EE0200B9ED020019EE0200B7
:10B73000B9ED0200D5E602004DED020009EA020073
:10B740005DEA0200FFFFFFFF000000008001000033
:10B750008001000012AD101B0108AC0012AD00000A
:10B760000000000000000000F1FE0200D9ED020020
:10B770008DEE0200B5360300C9FC0200D1FD0200C7
:10B7800029080300A1010300F5F6020091F7020069
:10B79000CDEE020049EA0200CD36030009F10200B5
:10B7A00009F0020039F3020075F402007DF2020094
:10B7B000DD360300E5360300B1F5020011FA0200A0
:10B7C000210E0300B1EA020035EF020049EE02004B
:10B7D000F9F10200ADEB0200E9E9020085EA02009E
:10B7E000D1EF020091EF0200891F030049200300FE
:10B7F000F1F30200C1E90200311E0300E5F8020086
:10B8000019EE02009DED02002937030019EE020037
:10B81000B9ED020019EE0200B9ED020019EE0200C6
:10B82000B9ED0200B53603004DED020009EA020051
:10B830005DEA0200010100000100010000000100BA
:10B84000010000005000B00018017801B002180398
:10B85000C8053006300C980C0F0603000012243681
:10B86000480416283A4C081A2C3E0C1E304210226E
:10B87000344601132537490517293B4D091B2D3F38
:10B880000D1F314311233547021426384A06182A62
:10B890003C4E0A1C2E400E203244031527394B071C
:10B8A000192B3D4F0B1D2F410F2133450000000088
:10B8B000000000009D360300AD360300353703005D
:10B8C000B5360300AD360300BD360300A5360300D0
:10B8D0009D360300AD360300A5360300C5360300D0
:10B8E000AD360300CD360300CD360300CD36030060
:10B8F000B5360300B5360300D5360300DD36030048
:10B90000E5360300A5360300C5360300ED36030017
:10B91000ED360300FD360300013703000137030055
:10B9200009370300093703000D370300C53603004C
:10B93000C5360300AD36030015370300AD360300EE
:10B94000AD360300153703001D3703002137030010
:10B95000253703002937030021370300313703005F
:10B96000213703003137030021370300313703004B
:10B97000B53603001537030061430300302112037D
:10B980001203302103122130213003124370340797
:10B9900025165261526125163407437007347043EF
:10B9A00061521625162561527043073434074370DF
:10B9B00052612516251652614370340770430734CF
:10B9C00016256152615216250734704300000000AD
:10B9D0000000000061430300614303006143030072
:10B9E00061430300614303006143030061430300BB
:10B9F00061430300614303006143030061430300AB
:10BA0000614303006143030061430300614303009A
:10BA1000A13A0300A13A0300A53A0300A93A0300A2
:10BA2000A13A0300AD3A030000000000010000004D
:10BA300002000000030000000400000005000000F8
:10BA400006000000070000000800000009000000D8
:10BA50000A0000000B0000000C0000000D000000B8
:10BA60000E0000000F000000100000001100000098
:10BA70001200000013000000140000001500000078
:10BA80001600000017000000180000001900000058
:10BA90001A0000001B0000001C0000001D00000038
:10BAA0001E0000001F000000200000002100000018
:10BAB00022000000230000002400000025000000F8
:10BAC00026000000270000002800000029000000D8
:10BAD0002A0000002B0000002C0000002D000000B8
:10BAE0002E0000002F0000000D0A0000546D72515E
:10BAF00000000000546D7220537663006C6F6F700D
:10BB00000000000043616C6C6261636B0000000028
:10BB10002C2066756E6374696F6E3A2000617373D2
:10BB2000657274696F6E2022257322206661696CCC
:10BB300065643A2066696C6520222573222C206C8E
:10BB4000696E65202564257325730A0098610020BD
:10BB50004300504F534958002E00232D302B200016
:10BB6000686C4C0065666745464700494E4600696B
:10BB70006E66004E414E006E616E00300030313214
:10BB80003334353637383941424344454600303145
:10BB900032333435363738396162636465660000A4
:10BBA000202020202020202020282828282820206D
:10BBB0002020202020202020202020202020202085
:10BBC00088101010101010101010101010101010FD
:10BBD00004040404040404040404101010101010DD
:10BBE00010414141414141010101010101010101B6
:10BBF00001010101010101010101011010101010EA
:10BC00001042424242424202020202020202020286
:10BC100002020202020202020202021010101020AE
:10BC20000000000000000000000000000000000014
:10BC30000000000000000000000000000000000004
:10BC400000000000000000000000000000000000F4
:10BC500000000000000000000000000000000000E4
:10BC600000000000000000000000000000000000D4
:10BC700000000000000000000000000000000000C4
:10BC800000000000000000000000000000000000B4
:10BC900000000000000000000000000000000000A4
:10BCA000496E66696E697479004E614E000000004D
:10BCB0000000000000000000000000000000000084
:10BCC0000000000000000000000000000000000074
:10BCD0000000000000000000000000000000000064
:10BCE0000000000000000000000000000000000054
:10BCF0000000000000000000000000000000000044
:10BD00000000000000000000000000000000000033
:10BD10000080E03779C34143176E05B5B5B8934647
:10BD2000F5F93FE9034F384D321D30F94877825A13
:10BD30003CBF737FDD4F1575000000000000F03F31
:10BD400000000000000024400000000000005940F6
:10BD50000000000000408F40000000000088C34049
:10BD600000000000006AF8400000000080842E41BE
:10BD700000000000D01263410000000084D797410A
:10BD80000000000065CDCD41000000205FA0024210
:10BD9000000000E876483742000000A2941A6D4285
:10BDA000000040E59C30A2420000901EC4BCD64278
:10BDB00000003426F56B0C430080E03779C3414323
:10BDC00000A0D8855734764300C84E676DC1AB4399
:10BDD000003D9160E458E143408CB5781DAF1544B7
:10BDE00050EFE2D6E41A4B4492D54D06CFF0804492
:10BDF000F64AE1C7022DB544B49DD9794378EA44A7
:10BE000005000000190000007D0000000000000097
:08BE100040A4FE7F01000000C8
:10BE1800000000000A00000000000306B20008004D
:10BE280001000000A800080002000000A0001400A3
:10BE3800030057494E55534200000000000000001F
:10BE480000008400040007002A0044006500760012
:10BE580069006300650049006E00740065007200A7
:10BE68006600610063006500470055004900440012
:10BE78007300000050007B00390037003500460091
:10BE880034003400440039002D00300044003000F4
:10BE980038002D0034003300460044002D003800DF
:10BEA8004200330045002D003100320037004300C6
:10BEB8004100380041004600460046003900440071
:10BEC8007D000000000000000400000010000C00CD
:10BED800C47200203CB30300000000000000000012
:10BEE800000000000000000000000000000000004A
:10BEF800000000000000000000000000000000003A
:10BF08000000000000000000000000000000000029
:10BF18000000000000000000000000000000000019
:10BF28000000000000000000FF0000000100000009
:10BF380000000000000000000000000000000000F9
:10BF480000000000020000000000000000000000E7
:10BF580000000000000000000000000003000000D6
:10BF680000000000000000000000000000000000C9
:10BF780000000000000000000000000000000000B9
:10BF880000000000000000000000000048850020BC
:10BF98000090D003CC840020E0840020F4840020AA
:10BFA800088500209861002000000000D0BC030034
:10BFB800F0BC0300B0BC030000000000000000005B
:10BFC8000000000000000000000000000000000069
:10BFD8000000000000000000000000000000000059
:10BFE8000000000000000000000000000000000049
:10BFF8000000000000000000000000000000000039
:10C0080000000000000000004300000000000000E5
:10C018000000000000000000000000000000000018
:10C0280000000000000000004300000000000000C5
:10C0380000000000000000000000000000000000F8
:10C0480000000000000000004300000000000000A5
:10C0580000000000000000000000000000000000D8
:10C068000000000000000000430000000000000085
:10C0780000000000000000000000000000000000B8
:10C088000000000000000000430000000000000065
:10C098000000000000000000000000000000000098
:10C0A8000000000000000000430000000000000045
:10C0B8000000000000000000000000000000000078
:10C0C8000000000000000000430000000000000025
:10C0D8000000000000000000000000000000000058
:10C0E8000000000000000000D5960300C18803008E
:10C0F800000000009FBB030058BB03004BBB0300BC
:10C108004BBB03004BBB03004BBB03004BBB030003
:10C118004BBB03004BBB03004BBB03004BBB0300F3
:10C12800FFFFFFFFFFFFFFFFFFFFFFFFFFFF000015
:10C13800010041534349490000000000000000008D
:10C1480000000000000000000000000000000000E7
:10C15800000041534349490000000000000000006E
:10C1680000000000000000000000000000000000C7
:10C17800000000000162020035620200256602002C
:10C18800B5CD020075D10200D53803003D3A030051
:0CC1980001400300157903001162020051
:0400000330006789D9
:00000001FF
